	<string id="rad_barman_spam">
		<text>Marked One!? You're alive!? Great! So you managed to turn off the Scorcher, eh? Everyone is trying to get to the center of the Zone through Pripyat. Nobody knows what's there...maybe a treasure trove of artifacts or maybe something that makes all wishes come true.\n There's a party of veterans preparing to go there right now. If you hurry up you just might make it in time to join them. I'll let them know you're coming so they wait for you.</text>
	</string>
	<string id="tips_bun_komand">
		<text>Teams one and two - check the first floor, team three - main hall, four and five - check the second floor</text>
	</string>
	<string id="tips_rad_sos_suicide">
		<text>...help me, I'm dying...</text>
	</string>
	<string id="tips_rad_switcher_press">
		<text>To turn the machine off, press ($$ACTION_USE$$)</text>
	</string>
