	<string id="bar_arena_locator">
		<text>Arena.</text>
	</string>
	<string id="bar_bar_locator">
		<text>100 Rads Bar.</text>
	</string>
	<string id="bar_dolg_locator">
		<text>Duty faction base</text>
	</string>
	<string id="rostok_banda_volkodava">
		<text>Wolfhound and his cutthroats by the chopper</text>
	</string>
	<string id="rostok_kruglov">
		<text>Professor Kruglov</text>
	</string>
	<string id="rostok_tainyi_hod">
		<text>Ambush by the factory</text>
	</string>
	<string id="rostok_volkodav">
		<text>Wolfhound.</text>
	</string>
