<?xml version="1.0" encoding="windows-1251" ?>
<string_table>
	<string id="actor_break_dialog_0">
		<text>See you!</text>
	</string>
	<string id="actor_help_wounded_0">
		<text>Are you alright?</text>
	</string>
	<string id="actor_help_wounded_1">
		<text>I'm hurt damn it, don't you see that? I need a medkit or at least a bandage.</text>
	</string>
	<string id="actor_help_wounded_11">
		<text>Here, take this medkit.</text>
	</string>
	<string id="actor_help_wounded_111">
		<text>Thanks bro', I won't forget it.</text>
	</string>
	<string id="actor_help_wounded_12">
		<text>Here, take this bandage.</text>
	</string>
	<string id="actor_help_wounded_13">
		<text>Sorry, I don't have any.</text>
	</string>
	<string id="actor_help_wounded_131">
		<text>So how do you go around the Zone then? What if you're infected or something? You won't even be able to heal yourself!</text>
	</string>
	<string id="actor_help_wounded_14">
		<text>Sorry man. But if I give you mine I won't have any left for myself.</text>
	</string>
	<string id="actor_help_wounded_141">
		<text>It's your business, but it doesn't do you any good.</text>
	</string>
	<string id="hello_dialog_2">
		<text>Hey!</text>
	</string>
	<string id="hello_dialog_3">
		<text>Help me out, would you?</text>
	</string>
</string_table>
