	<string id="aes_btr1">
		<text>Armadillo 1</text>
	</string>
	<string id="aes_btr2">
		<text>Armadillo 2</text>
	</string>
	<string id="aes_btr3">
		<text>Armadillo 3</text>
	</string>
	<string id="aes_grif">
		<text>Grif</text>
	</string>
	<string id="aes_korshun">
		<text>Korshun</text>
	</string>
	<string id="aes_kvartet">
		<text>Kvartet</text>
	</string>
	<string id="aes_lun">
		<text>Lun</text>
	</string>
	<string id="aes_pustelga">
		<text>Pustelga</text>
	</string>
	<string id="aes_sapsan">
		<text>Sapsan</text>
	</string>
	<string id="aes_sarcofag_hint">
		<text>Sarcophagus entrance</text>
	</string>
	<string id="aes_sokol">
		<text>Sokol</text>
	</string>
	<string id="aes_sova">
		<text>Sova</text>
	</string>
	<string id="aes_yastreb">
		<text>Yastreb</text>
	</string>
