<?xml version="1.0" encoding="windows-1251" ?>
<string_table>
	<string id="rad_chief_start_dialog_0">
		<text>Ei!</text>
	</string>
	<string id="rad_chief_start_dialog_100">
		<text>Ei!</text>
	</string>
	<string id="rad_find_deputy_dialog_1_0">
		<text>Onde esta o dinheiro da missao?</text>
	</string>
	<string id="rad_find_deputy_dialog_1_100">
		<text>Encontre meu vice e voce recebera seu dinheiro!</text>
	</string>
	<string id="rad_find_deputy_dialog_1_1000">
		<text>OK, mas nao minta para mim desta vez!</text>
	</string>
	<string id="rad_find_stalkers_dialog_1_0">
		<text>Quem e voce?</text>
	</string>
	<string id="rad_find_stalkers_dialog_1_10">
		<text>Leha Queixada e meu nome! Esses bandidos sao minha equipe!</text>
	</string>
	<string id="rad_find_stalkers_dialog_1_100">
		<text>O que voce esta fazendo aqui?</text>
	</string>
	<string id="rad_find_stalkers_dialog_1_20">
		<text>Meus rapazes e eu estamos descansando! Quando terminarmos, iremos para Prypiat!</text>
	</string>
	<string id="rad_find_stalkers_dialog_2_0">
		<text>O que voce sabe sobre Prypiat?</text>
	</string>
	<string id="rad_find_stalkers_dialog_2_10">
		<text>E uma velha cidade abandonada da era comunista! Da historia! Acho que esta cheia de monstros e hordas de combatentes da Monolith agora! Ninguem que foi la antes voltou!</text>
	</string>
	<string id="rad_find_stalkers_dialog_2_100">
		<text>Voce acha que e perigoso?</text>
	</string>
	<string id="rad_find_stalkers_dialog_2_20">
		<text>Sem duvida - ninguem nunca voltou de la.</text>
	</string>
	<string id="rad_find_stalkers_dialog_3_0">
		<text>Voce viu algum soldado por perto?</text>
	</string>
	<string id="rad_find_stalkers_dialog_3_10">
		<text>Nao, nao vejo nenhum soldado ha muito tempo.</text>
	</string>
	<string id="rad_find_stalkers_dialog_3_100">
		<text>E stalkers militares?</text>
	</string>
	<string id="rad_find_stalkers_dialog_3_20">
		<text>Ha rumores de que eles apareceram perto da Red Forest, perto das antenas! Quando foram desligadas, muitas pessoas foram para a Red Forest e mais adiante em Prypiat! Estamos aqui ha um dia e nao vimos ninguem. Alguem provavelmente bloqueou a estrada aqui.</text>
	</string>
	<string id="rad_find_stalkers_dialog_3_200">
		<text>Voce acha que os militares bloquearam a estrada para a Red Forest?</text>
	</string>
	<string id="rad_find_stalkers_dialog_3_30">
		<text>Nao acho que foram os militares, nao vejo nenhum ha muito tempo, mas os stalkers militares poderiam ter feito isso! Eles nao perdem tempo. Eles sao do tipo direto, trabalham de forma rapida e eficiente em suas equipes ou sozinhos... e estranho que eles nao tenham bloqueado a estrada aqui antes.</text>
	</string>
	<string id="rad_find_stalkers_dialog_3_300">
		<text>Por que eles nao foram para Prypiat ou bloquearam a estrada la?</text>
	</string>
	<string id="rad_find_stalkers_dialog_3_40">
		<text>Nao sei. Talvez estejam com medo ou se preparando para algo. So posso adivinhar.</text>
	</string>
	<string id="rad_find_stalkers_dialog_4_0">
		<text>Talvez voce tenha uma missao para mim?</text>
	</string>
	<string id="rad_find_stalkers_dialog_4_10">
		<text>Bem, eu tenho uma, mas nao e facil... voce faria?</text>
	</string>
	<string id="rad_find_stalkers_dialog_4_100">
		<text>Dizer que nao e facil nao me assusta!</text>
	</string>
	<string id="rad_find_stalkers_dialog_4_101">
		<text>Nao, de jeito nenhum. Nao tenho tempo!</text>
	</string>
	<string id="rad_find_stalkers_dialog_4_11">
		<text>Entendo. Eu mesmo estou com medo... preferiria gastar algum dinheiro em vez de mandar meus caras ou ir eu mesmo.</text>
	</string>
	<string id="rad_find_stalkers_dialog_4_20">
		<text>Bom! O trabalho e encontrar meus batedores, Pe de Cabra e Lenhador! Eles foram para Prypiat, ja que decidi nao me apressar e mandei meus melhores caras em vez disso! Encontre-os vivos e traga-os aqui. Se estiverem mortos, traga-me suas armas! Faca isso por mim e voce recebera 2000!!!</text>
	</string>
	<string id="rad_find_stalkers_dialog_4_200">
		<text>OK, fechado!</text>
	</string>
	<string id="rad_find_stalkers_dialog_4_201">
		<text>Nao e o suficiente. Que tal 4000 e fechamos negocio?</text>
	</string>
	<string id="rad_find_stalkers_dialog_4_21">
		<text>Isso e tudo que posso oferecer para este trabalho!</text>
	</string>
	<string id="rad_find_stalkers_dialog_4_30">
		<text>OK, vou esperar por voce aqui!</text>
	</string>
	<string id="rad_found_deputy_dialog_1_0">
		<text>Missao cumprida!</text>
	</string>
	<string id="rad_found_deputy_dialog_1_100">
		<text>Otimo, me de o PDA dele!</text>
	</string>
	<string id="rad_found_deputy_dialog_1_1000">
		<text>Aqui. Agora o dinheiro!</text>
	</string>
	<string id="rad_found_deputy_dialog_1_1100">
		<text>Voce esta tentando me enganar. Ele nao tinha nada!</text>
	</string>
	<string id="rad_found_deputy_dialog_1_1200">
		<text>Vou te desperdicar agora mesmo!</text>
	</string>
	<string id="rad_found_deputy_dialog_1_1300">
		<text>Se eu te vir de novo, voce e homem morto!</text>
	</string>
	<string id="rad_found_deputy_dialog_1_1400">
		<text>OK, entendo. Boa sorte!</text>
	</string>
	<string id="rad_found_deputy_dialog_1_200">
		<text>Nao posso te dar nada, nao tenho dinheiro. Pode ficar com as coisas dele, se quiser.</text>
	</string>
	<string id="rad_found_deputy_dialog_1_300">
		<text>Nao tenho dinheiro! Va embora!</text>
	</string>
	<string id="rad_found_deputy_dialog_2_0">
		<text>Nao consegui encontra-lo!</text>
	</string>
	<string id="rad_found_deputy_dialog_2_10">
		<text>Encontre-o rapido se quiser seu dinheiro!</text>
	</string>
	<string id="rad_found_stalkers_dialog_1_0">
		<text>Encontrei seus rapazes. Eles morreram, mas aqui estao suas armas!</text>
	</string>
	<string id="rad_found_stalkers_dialog_1_100">
		<text>Obrigado, entao eles estao mortos. Acho que nao faz sentido ir para Prypiat agora! Ha um problema, porem - nao tenho seu dinheiro. Meu vice desapareceu e ele tinha todo o dinheiro!</text>
	</string>
	<string id="rad_found_stalkers_dialog_1_1001">
		<text>OK, eu vou encontra-lo! Diga-me onde procura-lo. E nem pense em tentar me enganar de novo!!!</text>
	</string>
	<string id="rad_found_stalkers_dialog_1_200">
		<text>Acho que ele nao foi muito longe. Ele provavelmente esta aqui ou aqui, vou marcar no mapa para voce! Quando encontra-lo, traga-o ou seu PDA de volta para ca!</text>
	</string>
	<string id="rad_found_stalkers_dialog_1_2000">
		<text>OK, espere por mim!!!</text>
	</string>
	<string id="rad_found_stalkers_dialog_2_0">
		<text>Nao consegui encontra-los.</text>
	</string>
	<string id="rad_found_stalkers_dialog_2_10">
		<text>Encontre-os rapido! Nao posso esperar para sempre!!! Boa sorte!</text>
	</string>
</string_table>
