	<string id="agr_find_ghost_descr">
		<text>...descobri que um dos caras de Strelok se chama Ghost. Pelo menos uma pista. Se eu conseguir encontrar o Ghost - tambem poderei encontrar Strelok.</text>
	</string>
	<string id="agr_journal_cache">
		<text>Bem, parece que o esconderijo me deu uma nova direcao a seguir. Encontrei um pendrive com o que parece ser um diario usado pelo grupo de Strelok. Apesar das poucas entradas, pude perceber que o grupo tinha dois outros membros: Ghost e Fang. O diario tambem mencionava um "amigo em comum", mas nao sei se ele fazia parte do grupo. Ele definitivamente os ajudou, isso e certo. De acordo com a entrada de Ghost, Fang morreu quando eles foram emboscados. Entao, finalmente, tenho algo solido: o nome de alguem que definitivamente conhece Strelok - Ghost. Quanto ao proprio Strelok, ele pode estar em algum lugar ao norte da Zona.</text>
	</string>
	<string id="agr_journal_krot">
		<text>Bem, encontrar Mole valeu a pena - parece que o esconderijo do grupo realmente existe e esta localizado nas catacumbas abaixo do Instituto... Terei que ir la. Nao sei o que encontrarei la... mas espero que este esconderijo me ajude a resolver meu proprio misterio...</text>
	</string>
	<string id="agr_krot_secret_info">
		<text>Siga a escada em espiral ate a sala com as colunas. Atravesse a sala em direcao a saida e entre em uma grande sala com canos no teto. Desca ate a segunda saida, entre no tunel e vire a esquerda. Havera uma curva a direita no final. Va diretamente para a saida da pequena sala e vire a direita. Procure um buraco na parede esquerda ao lado das palavras "Nao entre - voce morrera". Essa e a entrada para o esconderijo de Strelok.</text>
	</string>
	<string id="agr_krot_secret_info_name">
		<text>Esconderijo de Strelok</text>
	</string>
	<string id="agr_military_case">
		<text>\nRelatorio de investigacao.\n Para uso oficial apenas.\n Para o Coronel V.M. Kruchelnikov da SBU, chefe do projeto "VERDADE".\n Do Capitao D.F. Maksimenko, \ncomandante do grupo "Busca-2".\n\n Memorando.\n Nosso grupo, composto por 3 investigadores e um esquadrao da Spetsnaz da SBU, realizou buscas no Agroprom, o antigo Instituto de Pesquisa para agricultura em solo afetado por radiacao, de 12.05.2012 a 25.05.2012. A maioria dos equipamentos e documentos estava faltando, no entanto, as poucas coisas que conseguimos encontrar nos permitem chegar a seguinte conclusao: durante o periodo de 2005 a 2008, o Instituto nao conduziu nenhuma pesquisa em seus campos oficiais. Todos os resultados de seu "trabalho" enviados ao Ministerio da Agricultura foram falsificados. Simultaneamente, a administracao do Instituto, especificamente Petr Danilovich Strizh, continuou a receber financiamento estatal, equipamentos e materiais de consumo e os transferiu para um laboratorio designado X18 usando notas de remessa falsificadas, o que forneciam cobertura para a operacao, indicando que os materiais estavam sendo transferidos para uma instalacao auxiliar para experimentos. X18 parece ser um codinome adotado pelo grupo de pessoas envolvidas neste caso, ja que nosso banco de dados nao contem mencao a esse laboratorio. Julgando pela analise dos documentos que encontramos, esse laboratorio esta localizado a uma hora de carro do Instituto. E provavel que seja uma instalacao clandestina, entao solicito a participacao do nosso departamento de analise. O campo de pesquisa do laboratorio nao esta claro e os documentos disponiveis nao contem informacoes uteis a esse respeito, mas fazem referencia ao infame professor Chubko e tambem mencionam um "Grupo". Acredito firmemente que chegamos ao fim da linha e agora o departamento de analise tera muito trabalho a fazer.\n\n Anexo esta um arquivo arquivado contendo as notas de remessa para materias de consumo e equipamentos transferidos para alguma instalacao auxiliar e um extrato da correspondencia entre Strizh e Chubko.\n\n Capitao D.F. Maksimenko 26.05.2012\n Para o professor V.M. Chubko. De P.D. Strizh, Chefe do Agroprom Research Institute, Doc em Ciencias Agricolas. Prezado Vadim Mikhailovich, Como combinado, estou enviando a proxima remessa de materiais de consumo e equipamentos para nossa instalacao experimental para ajuda-lo com suas pesquisas, que e tao essencial para a agricultura. Arranjei o financiamento para os experimentos descrevendo-os como experimentos piloto em campos estudados pelo Instituto, assim nao havera problemas com o Ministerio. Como estao os experimentos? Ainda estou profundamente impressionado com o que me mostrou da ultima vez. Atenciosamente, P.D. Strizh DAS Para P.D. Strizh Por favor, aceite minha gratidao, Petr Danilovich, recebemos tudo. Minha equipe esta muito impressionada com o espectrometro a laser - se nao fosse por voce, levaria seculos para adquirir esse modelo atraves dos meus canais. Claro que o Ministerio da Agricultura ficara feliz em receber NOSSOS resultados... voce realmente fez um velho rir com essa! Os experimentos continuam normalmente e as coisas que voce viu da ultima vez sao pequenas comparadas com nossas ultimas realizacoes. Voce deveria vir mais vezes - estou sempre feliz em ve-lo e a "instalacao experimental" fica a apenas uma hora de carro. Quase me esqueci, tenho novidades para voce: na proxima segunda-feira estarei discutindo sua candidatura com o Grupo. Acho que eles vao me apoiar. Atenciosamente, professor V.M. Chubko Para o professor V.M. Chubko De P.D. Strizh, Chefe do Agroprom Research Institute, Doc em Ciencias Agricolas Prezado Vadim Mikhailovich, obrigado pela confianca. Fico comovido e farei o meu melhor para nao lhe decepcionar. Acho que e o sonho de todo cientista participar de tal experimento e ficarei absolutamente encantado em ser aceito no Grupo. Atenciosamente, P.D. Strizh P.S. Consegui dois dos mais recentes osciloscopios de banda larga japoneses no Ministerio e os enviarei assim que possivel.</text>
	</string>
	<string id="agr_military_case_name">
		<text>Relatorio de investigacao</text>
	</string>
	<string id="agr_nii_security_plan">
		<text>O grafico detalha as patrulhas, sentinelas e torres de guarda. O QG fica no terceiro andar do Instituto. E la que os documentos sao mantidos. Durante o dia, a area e infestada de patrulhas. Ha menos delas a noite e os guardas sao substituidos as 23h. Ha poucas pessoas no predio principal neste momento. Se voce quiser entrar na base, deve escolher as catacumbas, o portao nao e uma opcao.</text>
	</string>
	<string id="agr_nii_security_plan_name">
		<text>Grafico de guarda do Agroprom Research Institute</text>
	</string>
	<string id="agr_rats_n_soldiers_text">
		<text>O exercito esta irritado com os ratos que saem dos coletores. Eles punem os soldados enviando-os para os coletores.</text>
	</string>
	<string id="agr_task_case">
		<text>Trader: "Assim que voce roubar a pasta do Instituto, leve-a para Barkeep. Ele administra o 100 Rads - o bar dos stalkers. Ele esta localizado no local da antiga fabrica Rostok."</text>
	</string>
	<string id="article_agr_krot_sos">
		<text>SOS, o exercito esta matando um companheiro stalker! Pessoal, se voces puderem me ouvir - ajudem!</text>
	</string>
	<string id="article_agr_krot_sos_name">
		<text>Encontro com Mole</text>
	</string>
	<string id="article_agr_krot_sos1">
		<text>Mole: "Me ajude, vou ser morto!"</text>
	</string>
	<string id="st_operation_agroprom">
		<text>A operacao Agroprom</text>
	</string>
	<string id="storyline_gunslinger_flash_info">
		<text>Recebido de Ghost: \n \n Strelok, tenho noticias ruins. Fang morreu. Estavam esperando por nos na vila perto dos armazens, e eu acho que estavam esperando ha um bom tempo. Tres deles. Parece uns neutros comuns. Fang percebeu eles de alguma forma. Voce sabe bem que ele tem um bom faro. Derrubamos dois deles - claramente bandidos - mas o terceiro acabou sendo mais esperto que os companheiros. Ele estava sentado com Vintar a uns 100 metros de distancia. De qualquer forma, Fang nao esta mais aqui. Entao, da proxima vez, iremos juntos para o centro, apenas nos dois. E tem mais uma coisa: esses dois tinham nossas descricoes. Nao consigo entender quem poderia querer nos matar, embora na verdade tem muita gente que tem algo contra nos. Deixei o terceiro fugir - acho que era um dos mercs. Tinha uma grande cicatriz no rosto. Olhos castanhos. Vou tentar encontra-lo. \n Entao e isso. Fique de olho e boa sorte. \n Ghost \n \n para Ghost \n\n "E ai, amigo. \n Deixando umas informacoes, nao vou tentar me conectar, percebi alguem me seguindo. \n Cara, eu fui pro Norte... Aquele lugar onde estavamos... Vou tentar passar sozinho... Desculpa, mas nao tive tempo de esperar por voce... Explicarei depois. \n E aquele louco que matou o Fang vai se arrepender de ter nascido... Vou corta-lo em pedacos... voce descobre quem ele e, e eu volto logo - vamos resolver isso com ele. \n Nos vamos nos encontrar no lugar do nosso amigo em comum - sabe quem e onde. \n Boa sorte. \n Strelok \n \n Para Strelok \n\n "E ai. Cheguei. Voce nao estava la. Voce nao devia ter ido para o centro sozinho. Mas sem problemas. Eu sei onde e com quem te encontrar. \n Ghost</text>
	</string>
