<?xml version="1.0" encoding="windows-1251" ?>
<string_table>
	<string id="pri_followers_start_dlg_21">
		<text>Vamos subir a rua. Se algo acontecer, me cubra.</text>
	</string>
	<string id="pri_followers_start_dlg_211">
		<text>OK.</text>
	</string>
	<string id="pri_followers_start_dlg_31">
		<text>Obrigado pela ajuda, Marked One. Foi uma luta dificil. Podemos descansar aqui. Se voce quiser continuar, vou te contar mais sobre a area. Se voce voltar e virar a direita, chegara a rodoviaria. Essa area e aberta e nao muito segura. Se voce seguir em frente, vai parar em frente ao hotel. A direita dele fica a base da Monolith. Aqueles caras nao tem limites. Atras da base fica o estadio. Estavamos planejando chegar a estacao por ele. E tudo.</text>
	</string>
	<string id="pri_followers_start_dlg_311">
		<text>Obrigado.</text>
	</string>
	<string id="pri_followers_start_dlg_41">
		<text>Obrigado pela ajuda. Boa sorte.</text>
	</string>
	<string id="pri_followers_start_dlg_411">
		<text>Tchau.</text>
	</string>
</string_table>
