<?xml version="1.0" encoding="windows-1251" ?>
<string_table>
	<string id="actor_break_dialog_0">
		<text>Te vejo por ai!</text>
	</string>
	<string id="actor_help_wounded_0">
		<text>Voce esta bem?</text>
	</string>
	<string id="actor_help_wounded_1">
		<text>Estou ferido, droga, voce nao ve? Preciso de um kit medico ou pelo menos de uma bandagem.</text>
	</string>
	<string id="actor_help_wounded_11">
		<text>Aqui, pegue este kit medico.</text>
	</string>
	<string id="actor_help_wounded_111">
		<text>Valeu, mano, nao vou esquecer.</text>
	</string>
	<string id="actor_help_wounded_12">
		<text>Aqui, pegue esta bandagem.</text>
	</string>
	<string id="actor_help_wounded_13">
		<text>Desculpe, nao tenho nenhuma.</text>
	</string>
	<string id="actor_help_wounded_131">
		<text>Entao, como voce anda pela Zona? E se voce for infectado ou algo assim? Voce nem vai conseguir se curar!</text>
	</string>
	<string id="actor_help_wounded_14">
		<text>Desculpe, cara. Mas se eu te der o meu, nao vou ter nenhum para mim.</text>
	</string>
	<string id="actor_help_wounded_141">
		<text>E problema seu, mas nao te faz bem nenhum.</text>
	</string>
	<string id="hello_dialog_2">
		<text>Ei!</text>
	</string>
	<string id="hello_dialog_3">
		<text>Me ajuda ai, pode ser?</text>
	</string>
</string_table>
