	<string id="bandit_experienced">
		<text>bandido, habilidoso</text>
	</string>
	<string id="bandit_master">
		<text>bandido, profissional</text>
	</string>
	<string id="bandit_novice">
		<text>bandido, novato</text>
	</string>
	<string id="bandit_veteran">
		<text>bandido, mestre</text>
	</string>
	<string id="bloodsucker_normal">
		<text>sanguessuga comum</text>
	</string>
	<string id="bloodsucker_strong">
		<text>sanguessuga sombria</text>
	</string>
	<string id="bloodsucker_weak">
		<text>sanguessuga</text>
	</string>
	<string id="boar_normal">
		<text>javali crescido</text>
	</string>
	<string id="boar_strong">
		<text>javali maduro</text>
	</string>
	<string id="boar_weak">
		<text>javali jovem</text>
	</string>
	<string id="burer_weak">
		<text>lancador</text>
	</string>
	<string id="controller_weak">
		<text>controlador</text>
	</string>
	<string id="dog_normal">
		<text>cao rato</text>
	</string>
	<string id="dog_strong">
		<text>cao albino</text>
	</string>
	<string id="dog_weak">
		<text>cao selvagem</text>
	</string>
	<string id="dolg_experienced">
		<text>Duty, experiente</text>
	</string>
	<string id="dolg_master">
		<text>Duty, especialista</text>
	</string>
	<string id="dolg_veteran">
		<text>Duty, veterano</text>
	</string>
	<string id="ecolog_experienced">
		<text>cientista, instruido</text>
	</string>
	<string id="ecolog_novice">
		<text>cientista, assistente</text>
	</string>
	<string id="flesh_normal">
		<text>carniceiro da floresta</text>
	</string>
	<string id="flesh_strong">
		<text>carniceiro do pantano</text>
	</string>
	<string id="flesh_weak">
		<text>carniceiro da pradaria</text>
	</string>
	<string id="freedom_experienced">
		<text>Freedom, decadente</text>
	</string>
	<string id="freedom_master">
		<text>Freedom, craque</text>
	</string>
	<string id="freedom_veteran">
		<text>Freedom, cao de guerra</text>
	</string>
	<string id="killer_experienced">
		<text>Merc, treinado</text>
	</string>
	<string id="killer_master">
		<text>Merc, durao</text>
	</string>
	<string id="killer_veteran">
		<text>Merc, veterano</text>
	</string>
	<string id="military_experienced">
		<text>soldado, Sargento</text>
	</string>
	<string id="military_master">
		<text>soldado, Capitao</text>
	</string>
	<string id="military_novice">
		<text>soldado, Soldado</text>
	</string>
	<string id="military_veteran">
		<text>soldado, Tenente</text>
	</string>
	<string id="monolith_experienced">
		<text>Monolith, experiente</text>
	</string>
	<string id="monolith_master">
		<text>Monolith, especialista</text>
	</string>
	<string id="monolith_novice">
		<text>Monolith, novato</text>
	</string>
	<string id="monolith_veteran">
		<text>Monolith, veterano</text>
	</string>
	<string id="neutral_experienced">
		<text>stalker, treinado</text>
	</string>
	<string id="neutral_master">
		<text>stalker, habilidoso</text>
	</string>
	<string id="neutral_novice">
		<text>stalker, aleijado</text>
	</string>
	<string id="neutral_veteran">
		<text>stalker, ex-mestre</text>
	</string>
	<string id="poltergeist_weak">
		<text>poltergeist</text>
	</string>
	<string id="pseudo_gigant_weak">
		<text>pseudogigante</text>
	</string>
	<string id="pseudodog_normal">
		<text>pseudocao maduro</text>
	</string>
	<string id="pseudodog_strong">
		<text>pseudocao cinzento</text>
	</string>
	<string id="pseudodog_weak">
		<text>pseudocao</text>
	</string>
	<string id="psy_dog">
		<text>pseudocao escuro</text>
	</string>
	<string id="snork_normal">
		<text>snorkel catador</text>
	</string>
	<string id="snork_strong">
		<text>snorkel canibal</text>
	</string>
	<string id="snork_weak">
		<text>snorkel</text>
	</string>
	<string id="tushkano_weak">
		<text>roedor</text>
	</string>
	<string id="zombie_normal">
		<text>zumbi</text>
	</string>
	<string id="zombie_strong">
		<text>zumbi</text>
	</string>
	<string id="zombie_weak">
		<text>zumbi</text>
	</string>
	<string id="zombied_experienced">
		<text>stalker zumbificado, experiente</text>
	</string>
	<string id="zombied_master">
		<text>stalker zumbificado, especialista</text>
	</string>
	<string id="zombied_novice">
		<text>stalker zumbificado, novato</text>
	</string>
	<string id="zombied_veteran">
		<text>stalker zumbificado, veterano</text>
	</string>
