<?xml version="1.0" encoding="windows-1251" ?>
<string_table>
	<string id="val_escort_captive_dialog_11">
		<text>Bandidos! Aqueles filhos da puta estavam me levando para a velha fabrica. Nao sei o que eles estavam planejando fazer comigo la. Eu os vi levar outro cara la antes e nunca mais o vi depois disso. Eles pegaram outro dos nossos, Serega. Eles o mantem no porao... naquele grande predio inacabado ali. Ajude-o, quer?</text>
	</string>
	<string id="val_escort_captive_dialog_2">
		<text>Voce sabe o que eles tem la na fabrica?</text>
	</string>
	<string id="val_escort_captive_dialog_21">
		<text>Nao ouvi muita coisa. Tudo o que sei e que o chefe deles, Borov, tem parte da chave do subterraneo la. Costumava haver um laboratorio ou algo assim... Ouvi dizer que Borov esta ansioso para entrar, mas nao pode sem a segunda metade da chave. Hum... se voce esta pensando em tentar entrar, pense duas vezes antes de fazer isso. Esta cheio de bandidos.</text>
	</string>
	<string id="val_escort_captive_dialog_211">
		<text>Entendi. Obrigado, vou manter isso em mente.</text>
	</string>
	<string id="val_escort_captive_dialog_3">
		<text>Vou tentar ajudar seu homem.</text>
	</string>
	<string id="val_escort_captive_dialog_41">
		<text>E uma pena sobre meu parceiro... Ele era um cara otimo. Mas ainda assim, eu te devo uma.</text>
	</string>
	<string id="val_escort_captive_dialog_411">
		<text>Essas coisas acontecem.</text>
	</string>
	<string id="val_escort_captive_dialog_51">
		<text>Obrigado pela sua ajuda!</text>
	</string>
	<string id="val_escort_captive_dialog_511">
		<text>Tchau.</text>
	</string>
	<string id="val_escort_captive_dialog_61">
		<text>Voce nao se importa com as pessoas. O que ha para discutir entre voce e eu?</text>
	</string>
	<string id="val_escort_nap1_dialog_21">
		<text>Obrigado! Voce tirou meu parceiro de la! Aqui, pegue isto - e do fundo do meu coracao.</text>
	</string>
	<string id="val_escort_nap1_dialog_2111">
		<text>Fechado.</text>
	</string>
	<string id="val_escort_nap1_dialog_212">
		<text>Acho que voce deve conhecer bem esta area. O que ha de interessante aqui?</text>
	</string>
	<string id="val_escort_nap1_dialog_2121">
		<text>Ao norte ha um acampamento de bandidos. Ao leste - uma velha fabrica. Ao sudoeste - uma fazenda de porcos deserta e algum tipo de portao alem dela... Nao posso dizer o que ha la, nunca fui tao longe.</text>
	</string>
	<string id="val_escort_nap1_dialog_21211">
		<text>Voce me contaria mais sobre o acampamento de bandidos?</text>
	</string>
	<string id="val_escort_nap1_dialog_212111">
		<text>Hmm, o que tem nele... Eles se estabeleceram em um predio inacabado ao norte daqui. O lider deles e Borov - um animal de verdade, aquele bastardo. Foi por isso que nos mandaram para ca, para acabar com ele.</text>
	</string>
	<string id="val_escort_nap1_dialog_21212">
		<text>O que esta acontecendo na fabrica?</text>
	</string>
	<string id="val_escort_nap1_dialog_212121">
		<text>Conseguimos descobrir que existe algum tipo de cofre la. So que e guardado como Fort Knox.</text>
	</string>
	<string id="val_escort_nap1_dialog_2121211">
		<text>Que tipo de cofre? O que tem dentro dele?</text>
	</string>
	<string id="val_escort_nap1_dialog_21212111">
		<text>Nao sei, mas ousamos entrar. A unica coisa que sei e que Borov tem metade da chave da entrada.</text>
	</string>
	<string id="val_escort_nap1_dialog_21213">
		<text>Uma fazenda de porcos de verdade? Com porcos de verdade?</text>
	</string>
	<string id="val_escort_nap1_dialog_212131">
		<text>Ja esta babando por umas costeletas de porco, hein? Droga, a Zona esta cheia de javalis! De uma mordida em um deles e voce nao vai mais precisar de lanterna - e assim que voce vai brilhar no escuro! OK, OK, so brincando... A fazenda foi abandonada ha muito tempo e agora e o lar de alguns stalkers. Eles nao me causaram uma boa impressao, no entanto, e eu geralmente confio no meu instinto.</text>
	</string>
	<string id="val_escort_nap1_dialog_21214">
		<text>Que portao e esse que voce estava falando?</text>
	</string>
	<string id="val_escort_nap1_dialog_212141">
		<text>Nao consigo entender. Apenas um portao velho, so que esta trancado e bem guardado. Nao entramos la.</text>
	</string>
	<string id="val_escort_nap1_dialog_21215">
		<text>Entendo, obrigado.</text>
	</string>
	<string id="val_escort_nap1_dialog_212151">
		<text>De nada! Volte sempre.</text>
	</string>
	<string id="val_escort_nap1_dialog_213">
		<text>So voces dois foram em uma missao de reconhecimento?</text>
	</string>
	<string id="val_escort_nap1_dialog_2131">
		<text>Tinha outro cara, Serega. Nao sei, ele sumiu e nao ouvi falar dele... A gangue deve ter lidado com ele, afinal.</text>
	</string>
	<string id="val_escort_nap1_dialog_214">
		<text>Cuide-se.</text>
	</string>
	<string id="val_escort_nap1_dialog_31">
		<text>Entao, amigo... O que vai acontecer comigo agora?.. Obrigado. Pelo menos voce tentou ajudar. E eu cumpro minha palavra.</text>
	</string>
	<string id="val_escort_nap1_dialog_41">
		<text>Obrigado pela sua ajuda! O que mais voce queria saber?</text>
	</string>
	<string id="val_escort_nap1_dialog_61">
		<text>Voce se recusou a ajudar quando eu pedi. Nao temos nada para discutir. Suma daqui.</text>
	</string>
	<string id="val_escort_nap1_dialog_611">
		<text>Tchau.</text>
	</string>
	<string id="val_prisoner_hello_11">
		<text>Ei, amigo! Me ajuda! Sou um batedor da Duty. Me ajuda a sair daqui!</text>
	</string>
	<string id="val_prisoner_hello_111">
		<text>Vou tentar.</text>
	</string>
	<string id="val_prisoner_hello_112">
		<text>Nao ha nada que eu possa fazer por voce.</text>
	</string>
	<string id="val_prisoner_hello_21">
		<text>Obrigado, irmao! Te devo uma. Olha o que consegui descobrir - pode ser util para voce, quem sabe... Borov - aquele que manda em tudo - coletou muitos itens. Ele tem um pedaco da chave para o nivel inferior da velha fabrica. Ouvi os guardas tagarelando, eles disseram que costumava haver algum tipo de laboratorio la. A questao e que se aproximar de Borov nao e tao simples.</text>
	</string>
	<string id="val_prisoner_hello_211">
		<text>Obrigado pela informacao.</text>
	</string>
	<string id="val_prisoner_hello_2111">
		<text>E hora de voltar para nossos caras. Algo me diz que teremos sorte de sair daqui vivos...</text>
	</string>
	<string id="val_prisoner_hello_21111">
		<text>Boa sorte.</text>
	</string>
	<string id="val_prisoner_hello_31">
		<text>Temos que sair daqui antes que esses bastardos decidam dar uma olhada neste lugar! Precisa de alguma coisa? Pegue rapido!</text>
	</string>
	<string id="val_prisoner_hello_311">
		<text>Nao, nada.</text>
	</string>
	<string id="val_prisoner_hello_41">
		<text>Ei! Tem um interruptor ali na parede - ele abre a porta da cela.</text>
	</string>
	<string id="val_prisoner_hello_411">
		<text>OK, vou dar uma olhada.</text>
	</string>
	<string id="val_rob_dialog_11">
		<text>Ei, quer uma arma incrivel? Encontrei uma coisinha perto de Yantar... um esconderijo, acho. Tinha um rifle Gauss entre outras coisas. Eu te digo, essa coisa arrasa - qualquer um a cem metros dela esta morto... Voce pode ficar com ele por apenas 800.</text>
	</string>
	<string id="val_rob_dialog_111">
		<text>Aqui esta o dinheiro.</text>
	</string>
	<string id="val_rob_dialog_112">
		<text>Obrigado, mas nao, obrigado.</text>
	</string>
	<string id="val_rob_dialog_113">
		<text>Nao, fique com ele. Dinheiro e dificil de conseguir.</text>
	</string>
	<string id="val_rob_dialog_21">
		<text>Pegou o dinheiro? Se apresse. Eu tive muitos clientes... Eles vao voltar logo.</text>
	</string>
	<string id="val_rob_dialog_3">
		<text>Excelente. Espere aqui, vou buscar.</text>
	</string>
	<string id="val_rob_dialog_31">
		<text>Esperando.</text>
	</string>
	<string id="val_sos_dialog_11">
		<text>Ei, me da um kit medico!</text>
	</string>
	<string id="val_sos_dialog_111">
		<text>Aqui esta.</text>
	</string>
	<string id="val_sos_dialog_112">
		<text>Desculpe, nao tenho um kit medico.</text>
	</string>
	<string id="val_sos_dialog_21">
		<text>Obrigado, voce me tirou de uma enrascada de verdade. Se eu viver o suficiente para te ver de novo, vou tentar te retribuir. Agora tudo o que posso te dar e uma dica valiosa. OK, ao sul daqui, tem uma fazenda onde alguns stalkers tranquilos montaram acampamento. Um deles esta vendendo um rifle Gauss bem barato, so 800. Eu ia comprar, e ai me afoguei em merda... Entao, se voce tem a grana, va em frente.</text>
	</string>
	<string id="val_sos_dialog_211">
		<text>Obrigado pela informacao.</text>
	</string>
	<string id="val_escort_nap1_dialog_4111">
		<text>Te devo uma, e eu sempre pago minhas dividas. Vamos.</text>
	</string>
	<string id="val_escort_nap1_dialog_41111">
		<text>Excelente. Agora vamos detonar todo mundo.</text>
	</string>
	<string id="val_escort_nap1_dialog_4112">
		<text>Desculpe, tenho outros planos.</text>
	</string>
	<string id="val_escort_nap1_dialog_41121">
		<text>Bem, boa sorte entao.</text>
	</string>
	<string id="val_escort_nap1_dialog_412">
		<text>Tchau.</text>
	</string>
</string_table>
