<?xml version="1.0" encoding="windows-1251" ?>
<string_table>
	<string id="mil_bodyguard_dialog_0">
		<text>O que voce quer?</text>
	</string>
	<string id="mil_bodyguard_dialog_1">
		<text>Estou procurando o lider da Freedom. Tenho informacoes extremamente importantes para ele.</text>
	</string>
	<string id="mil_bodyguard_dialog_2">
		<text>Ah, e quao importante e isso?</text>
	</string>
	<string id="mil_bodyguard_dialog_5">
		<text>Encontrei um grupo de membros da Duty nao muito longe da sua base.</text>
	</string>
	<string id="mil_bodyguard_dialog_6">
		<text>Uh-oh... Parece que a Duty esta tentando se igualar de novo... Ok, voce pode entrar, mas certifique-se de guardar essa arma. Nem pense em fazer bagunca aqui, ou voce saira daqui com os pes na frente.</text>
	</string>
	<string id="mil_bodyguard_dialog_7">
		<text>OK.</text>
	</string>
	<string id="mil_cook_common1_0">
		<text>Boa tarde.</text>
	</string>
	<string id="mil_cook_common1_101">
		<text>Uh-huh!</text>
	</string>
	<string id="mil_cook_common1_102">
		<text>Significa?</text>
	</string>
	<string id="mil_cook_common1_103">
		<text>Com certeza.</text>
	</string>
	<string id="mil_cook_common1_104">
		<text>Qual e a graca?</text>
	</string>
	<string id="mil_cook_common1_105">
		<text>E ai, cara! Que bom te ver!</text>
	</string>
	<string id="mil_cook_common1_106">
		<text>Ola.</text>
	</string>
	<string id="mil_cook_common1_107">
		<text>Quanto tempo!</text>
	</string>
	<string id="mil_cook_common1_108">
		<text>Ja nos conhecemos?</text>
	</string>
	<string id="mil_cook_common1_109">
		<text>Errrr.... Sim! Hehe...</text>
	</string>
	<string id="mil_cook_common1_110">
		<text>Para ser honesto, nao me lembro quem voce e.</text>
	</string>
	<string id="mil_cook_common1_111">
		<text>Hrm... Sim, tudo bem, sem problema.</text>
	</string>
	<string id="mil_cook_common2_0">
		<text>Que lugar e este, afinal?</text>
	</string>
	<string id="mil_cook_common2_201">
		<text>Este lugar... um lugarzinho legal... E so um lugar normal, sabe... so algumas pessoas ganhando a vida, hehe...</text>
	</string>
	<string id="mil_cook_common2_202">
		<text>E dai?</text>
	</string>
	<string id="mil_cook_common2_203">
		<text>Pfft... Voce esta fazendo perguntas dificeis, Sr. Estranho!</text>
	</string>
	<string id="mil_cook_common2_204">
		<text>E se voce fosse direto ao ponto?</text>
	</string>
	<string id="mil_cook_common2_205">
		<text>Ei, relaxa! Calma ai... bem... e so um lugar normal! Um lugar tranquilo. Tudo de bom por aqui. Sim... voce relaxa, entendeu? Nao fique nervoso...</text>
	</string>
	<string id="mil_cook_common3_0">
		<text>E quem seria voce?</text>
	</string>
	<string id="mil_cook_common3_301">
		<text>Eu?</text>
	</string>
	<string id="mil_cook_common3_302">
		<text>Exatamente. Voce. Nao eu.</text>
	</string>
	<string id="mil_cook_common3_303">
		<text>Haha, essa foi boa! Eu... E eu? Estou bem... Bem, eu... eu faco comida... Entao, pronto. Sou um chef! O mestre dos cortes e temperos! Sabe - salsa, endro, ervas, essas coisas... Pao tambem... Certo?</text>
	</string>
	<string id="mil_cook_common3_304">
		<text>Entendi.</text>
	</string>
	<string id="mil_cook_common3_305">
		<text>Tambem, alimentos enlatados... leite condensado com acucar... presunto em lata... rosbife com molho de tomate... sim...</text>
	</string>
	<string id="mil_cook_common3_306">
		<text>Entendi.</text>
	</string>
	<string id="mil_cook_common3_307">
		<text>Pao frances... ketchup... ovos... pao integral... queijo, o que voce quiser. Salsichas tambem! E linguicas! Aves... frias, nao voadoras.</text>
	</string>
	<string id="mil_cook_common3_308">
		<text>OK, chega, entendi! Diga-me seu nome, pelo menos.</text>
	</string>
	<string id="mil_cook_common3_309">
		<text>Hein?.. Ah! Slavik e meu nome... isso e so um rotulo... Nao! E um avental! Eu tenho esse avental branco... Ei, olha... Sente-se, nao seja um alvo... Porque, aquele sniper, sabe... vai te pegar! .. Eles sao, sabe... Eles sao assim...</text>
	</string>
	<string id="mil_cook_common4_0">
		<text>Nao ha uma vila por perto?</text>
	</string>
	<string id="mil_cook_common4_401">
		<text>Bem...</text>
	</string>
	<string id="mil_cook_common4_402">
		<text>Bem, o que?</text>
	</string>
	<string id="mil_cook_common4_403">
		<text>Hein?</text>
	</string>
	<string id="mil_cook_common4_404">
		<text>Uma vila.</text>
	</string>
	<string id="mil_cook_common4_405">
		<text>Ahh... Tem alguma coisa. Alguma comida la... leite condensado, para comecar...</text>
	</string>
	<string id="mil_cook_common4_406">
		<text>Como chego la?</text>
	</string>
	<string id="mil_cook_common4_407">
		<text>Hein? Espere. Deixe-me pensar... Nao, olha, voce realmente precisa de tudo isso? Relaxe... Sente-se... Vamos sentar e fumar um, ok?</text>
	</string>
	<string id="mil_cook_common4_408">
		<text>Preciso chegar a vila.</text>
	</string>
	<string id="mil_cook_common4_409">
		<text>Tudo bem... a gente so senta aqui, fuma um... Ai a gente vai... Eu te levo la. Sem problema.</text>
	</string>
	<string id="mil_cook_common4_410">
		<text>Nao precisa se incomodar. Apenas me diga como chegar la.</text>
	</string>
	<string id="mil_cook_common4_411">
		<text>Claro... Ei, voce esta me desafiando aqui! Vamos la juntos em um segundo. Primeiro a gente so senta, ok, e...</text>
	</string>
	<string id="mil_cook_common5_0">
		<text>Escute, voce saberia onde posso conseguir algum equipamento?</text>
	</string>
	<string id="mil_cook_common5_501">
		<text>Equipamento? Isso e codigo para mim, mano!</text>
	</string>
	<string id="mil_cook_common5_502">
		<text>Equipamento. Armas. Artefatos.</text>
	</string>
	<string id="mil_cook_common5_503">
		<text>Armas... nao... minha faca... Quer minha faca? Nao? Sim... Artefatos. Pra que diabos? Relaxe. Vamos, sente-se. Acenda um comigo. Vamos conversar... sobre artefatos...</text>
	</string>
	<string id="mil_cook_common5_504">
		<text>Onde posso encontrar artefatos nesta area?</text>
	</string>
	<string id="mil_cook_common5_505">
		<text>Isso e facil! Artefatos... Temos artefatos ate as orelhas! Voce conhece o pantano radioativo? Nao? Nao importa. Esta la. Quero dizer, os artefatos. Estao la. Voce so precisa parar de se agitar. Relaxe. Hein? Artefatos... he-he-he... artefatos-shmartifacts...</text>
	</string>
	<string id="mil_cook_common6_0">
		<text>OK. Cuide-se.</text>
	</string>
	<string id="mil_cook_common6_601">
		<text>Claro... sente-se, ja que voce esta aqui.</text>
	</string>
	<string id="mil_cook_common6_602">
		<text>Estou indo embora.</text>
	</string>
	<string id="mil_cook_common6_603">
		<text>Hein? Claro... relaxe... OK? Feche a porta atras de mim, estou indo embora... ta-da-da-da...</text>
	</string>
	<string id="mil_cook_dialog_0">
		<text>Venha, sente-se! Vamos nos divertir...</text>
	</string>
	<string id="mil_cook_drink_for_rg6_1_0">
		<text>Vamos beber um pouco, que tal?</text>
	</string>
	<string id="mil_cook_drink_for_rg6_1_1">
		<text>Claro, mano! Despeja ai!</text>
	</string>
	<string id="mil_cook_drink_for_rg6_1_2">
		<text>Bem, bem... Saude!</text>
	</string>
	<string id="mil_cook_drink_for_rg6_1_3">
		<text>Sim, essa foi boa! Segure a garrafa... ainda sobrou um pouco.</text>
	</string>
	<string id="mil_cook_drink_for_rg6_1_4">
		<text>Entao, que tal mais um?</text>
	</string>
	<string id="mil_cook_drink_for_rg6_1_5">
		<text>Ahhhh... incrivel! Pena que a garrafa ja foi pro saco. Tem mais?</text>
	</string>
	<string id="mil_cook_drink_for_rg6_1_6">
		<text>Deixe-me ver.</text>
	</string>
	<string id="mil_cook_drink_for_rg6_2_0">
		<text>Sim, aqui! Segure seu copo firme.</text>
	</string>
	<string id="mil_cook_drink_for_rg6_2_1">
		<text>He-he... foi legal! Um novo do nada. Voce tem um armazem cheio deles ou o que?</text>
	</string>
	<string id="mil_cook_drink_for_rg6_2_2">
		<text>Voce, humm... Va em frente, beba. Eu nao tenho praticado muito ultimamente.</text>
	</string>
	<string id="mil_cook_drink_for_rg6_2_3">
		<text>A nossa vitoria! Yeaaahh... Ahhh, bons tempos, bons tempos!</text>
	</string>
	<string id="mil_cook_drink_for_rg6_2_4">
		<text>Sim... a nossa vitoria!</text>
	</string>
	<string id="mil_cook_drink_for_rg6_2_5">
		<text>Vamos, vamos, vamos tomar mais um... Voce tem um... um-m-m outro, hein?</text>
	</string>
	<string id="mil_cook_drink_for_rg6_2_6">
		<text>Deixe-me ver...</text>
	</string>
	<string id="mil_cook_drink_for_rg6_3_0">
		<text>OK... este sera o ultimo, certo?... E tudo que aguento esta noite...</text>
	</string>
	<string id="mil_cook_drink_for_rg6_3_1">
		<text>De i-i-i-ssso... a-a-aqui!</text>
	</string>
	<string id="mil_cook_drink_for_rg6_3_2">
		<text>Uau... olha voce... Bebeu tudo isso sozinho?...</text>
	</string>
	<string id="mil_cook_drink_for_rg6_3_3">
		<text>Soluco! I-i-i-sso, mano, e o f-f-fundo! Mmmm... Hhhhhm...</text>
	</string>
	<string id="mil_cook_drunk_question_about_rg6_1_0">
		<text>Ouvi dizer que a Freedom tem um Bulldog 6. Seria divertido dar uma olhada nessa belezinha.</text>
	</string>
	<string id="mil_cook_drunk_question_about_rg6_1_1">
		<text>O que voce esta querendo dizer, cara? Voce quer que eu... que eu te de... que eu abra o bico?.. Que tipo de tolo voce acha que eu sou?</text>
	</string>
	<string id="mil_cook_drunk_question_about_rg6_1_2">
		<text>Calma. Eu nao sabia que era tao serio.</text>
	</string>
	<string id="mil_cook_drunk_question_about_rg6_1_3">
		<text>Voce nao fica bisbilhotando nossas armas, entendeu? Quem diabos e voce, afinal? Nunca te vi antes!</text>
	</string>
	<string id="mil_cook_drunk_question_about_rg6_1_4">
		<text>Ei, vamos la! Eu so fiz uma pergunta...</text>
	</string>
	<string id="mil_cook_drunk_question_about_rg6_1_5">
		<text>Tsss! Tenha cuidado com isso, certo?</text>
	</string>
	<string id="mil_cook_drunk_question_about_rg6_1_6">
		<text>Fechado.</text>
	</string>
	<string id="mil_cook_drunk_question_about_rg6_2_0">
		<text>Eu, humm... ahem... ouvi dizer que voces tem um Bulldog 6... Tudo que eu quero e dar uma olhada nele, hein? So dar uma espiada... o que voce acha? So uma olhada rapida...</text>
	</string>
	<string id="mil_cook_drunk_question_about_rg6_2_1">
		<text>O que?... Voce, humm... vai para... ah, droga, qual era... esqueci! O que voce estava perguntando?</text>
	</string>
	<string id="mil_cook_drunk_question_about_rg6_2_2">
		<text>Grrr... gran... granada... droga! La-lanca-granadas... Eu gostaria de... ve-lo!</text>
	</string>
	<string id="mil_cook_drunk_question_about_rg6_2_3">
		<text>Nao... isso voce nao pode... qualquer coisa que voce quiser, amigo, mas nao isso... Nao da!</text>
	</string>
	<string id="mil_cook_drunk_question_about_rg6_2_4">
		<text>Umm, ok... eu, humm... nao quis dizer nada com isso! So perguntando...</text>
	</string>
	<string id="mil_cook_drunk_question_about_rg6_3_0">
		<text>Soluco! Bulldog 6, hein?</text>
	</string>
	<string id="mil_cook_drunk_question_about_rg6_3_1">
		<text>Q-que?.. Oh! Bem, ele... ele esta na vila! Nos tinhamos... dois deles... mas aqueles... r-retardados! Eles perderam... desperdicaram!</text>
	</string>
	<string id="mil_cook_drunk_question_about_rg6_3_2">
		<text>S-serio? Uau, esses... i-idiotas...</text>
	</string>
	<string id="mil_dolg_skull_dialog_100">
		<text>Ola, irmao. Sou um membro da Duty e estamos aqui em missao. Gostaria de se juntar a nos?</text>
	</string>
	<string id="mil_dolg_skull_dialog_1001">
		<text>Nao estou particularmente interessado.</text>
	</string>
	<string id="mil_dolg_skull_dialog_1002">
		<text>Entao saia do nosso caminho... loner.</text>
	</string>
	<string id="mil_dolg_skull_dialog_101">
		<text>Eu topo.</text>
	</string>
	<string id="mil_dolg_skull_dialog_102">
		<text>Excelente. La, atras daquela colina, esta o principal criadouro daqueles bastardos - os "Livres" - e eu e meus rapazes vamos agitar as coisas como deve ser. Ha apenas um pequeno problema. A base tem apenas uma entrada e e bem guardada. Pensamos em abrir um buraco na cerca, mas o atirador deles na torre nao vai deixar. Nao quero mandar meus caras para pegar as balas dele... mas voce - ele vai deixar voce chegar perto e definitivamente nao vai atirar a primeira vista. Se voce elimina-lo, ficaremos te devendo. Alem disso, se tudo correr como planejado, voce podera pegar qualquer equipamento na base, o que quiser.</text>
	</string>
	<string id="mil_dolg_skull_dialog_103">
		<text>Continue.</text>
	</string>
	<string id="mil_dolg_skull_dialog_104">
		<text>Eu ja te disse: tudo que voce precisa fazer e derrubar o atirador naquela torre acima da cerca. Entao, o que voce diz?</text>
	</string>
	<string id="mil_dolg_skull_dialog_1041">
		<text>Nao, ainda nao estou pronto.</text>
	</string>
	<string id="mil_dolg_skull_dialog_1042">
		<text>Entao saia do caminho.</text>
	</string>
	<string id="mil_dolg_skull_dialog_105">
		<text>Eu vou tentar.</text>
	</string>
	<string id="mil_dolg_skull_dialog_1051">
		<text>Otimo! Assim que voce elimina-lo, vamos comecar o show de fogos.</text>
	</string>
	<string id="mil_dolg_skull_dialog_106">
		<text>Ha um pequeno problema. Como a base tem apenas uma entrada, e bem guardada, pensamos rapidamente em fazer outra, mas...</text>
	</string>
	<string id="mil_dolg_skull_dialog_107">
		<text>Mas o que?</text>
	</string>
	<string id="mil_dolg_skull_dialog_108">
		<text>Mandei meu cara a noite para explodir um buraco na cerca. Bem, ou o atirador deles e bom demais ou nao era nosso dia, mas meu cara caiu. Agora a dinamite esta na cerca, mas nao podemos explodi-la.</text>
	</string>
	<string id="mil_dolg_skull_dialog_109">
		<text>Por que?</text>
	</string>
	<string id="mil_dolg_skull_dialog_110">
		<text>Nao quero mandar meus rapazes para as balas daquele idiota, mas voce tem uma grande chance de elimina-lo. Ele nao vai atirar em voce a primeira vista, com certeza. O que voce diz?</text>
	</string>
	<string id="mil_dolg_skull_dialog_111">
		<text>Quanto eu vou ganhar?</text>
	</string>
	<string id="mil_dolg_skull_dialog_112">
		<text>Agora sim estamos falando de negocios. 2000 nossos pelo atirador, mais um monte de equipamento na base. Muitos corpos mortos la, posso te prometer isso. Entao, voce pode nos ajudar e se ajudar. Que tal?</text>
	</string>
	<string id="mil_dolg_skull_dialog_120">
		<text>Fechado.</text>
	</string>
	<string id="mil_dolg_skull_dialog_121">
		<text>Boa sorte.</text>
	</string>
	<string id="mil_dolg_skull_dialog_130">
		<text>Primeiro preciso ver como tudo parece, entao te digo.</text>
	</string>
	<string id="mil_dolg_skull_dialog_131">
		<text>Vamos esperar. Mas nao por muito tempo.</text>
	</string>
	<string id="mil_dolg_skull_dialog_200">
		<text>Obrigado pela sua ajuda, Marked One. Aqui esta sua recompensa.</text>
	</string>
	<string id="mil_dolg_skull_dialog_201">
		<text>Obrigado.</text>
	</string>
	<string id="mil_dolg_skull_dialog_300">
		<text>Nos fizemos um acordo, nao fizemos?</text>
	</string>
	<string id="mil_dolg_skull_dialog_400">
		<text>Entao, voce derrubou o atirador. Aqui esta sua justa compensacao.</text>
	</string>
	<string id="mil_dolg_skull_dialog_401">
		<text>Entendi.</text>
	</string>
	<string id="mil_dolg_skull_dialog_402">
		<text>Saia da frente, quer? Precisamos nos preparar...</text>
	</string>
	<string id="mil_dolg_skull_dialog_403">
		<text>OK.</text>
	</string>
	<string id="mil_dolg_skull_dialog_411">
		<text>Em outra hora.</text>
	</string>
	<string id="mil_dolg_skull_dialog_412">
		<text>Faca como quiser.</text>
	</string>
	<string id="mil_dolg_skull_dialog_413">
		<text>Ate logo.</text>
	</string>
	<string id="mil_dolg_skull_dialog_420">
		<text>Devemos continuar?</text>
	</string>
	<string id="mil_dolg_skull_dialog_421">
		<text>O que exatamente?</text>
	</string>
	<string id="mil_dolg_skull_dialog_450">
		<text>Obrigado.</text>
	</string>
	<string id="mil_dolg_skull_dialog_451">
		<text>Estamos prestes a explodir a cerca e comecar a festa. Vejo que voce e um bom atirador - talvez pudesse cuidar dos atiradores da torre? Com os atiradores fora do caminho, teremos mais facilidade em chegar aquele lunatico Lukash.</text>
	</string>
	<string id="mil_dolg_skull_dialog_501">
		<text>Voce derrubou o atirador?</text>
	</string>
	<string id="mil_dolg_skull_dialog_502">
		<text>Sim.</text>
	</string>
	<string id="mil_dolg_skull_dialog_503">
		<text>Otimo trabalho! Abriu o caminho para nos... Aqui esta uma pequena recompensa pelos seus problemas.</text>
	</string>
	<string id="mil_dolg_skull_dialog_504">
		<text>Obrigado.</text>
	</string>
	<string id="mil_dolg_skull_dialog_506">
		<text>O que eu tenho que fazer?</text>
	</string>
	<string id="mil_dolg_skull_dialog_507">
		<text>Cuide dos outros atiradores enquanto lidamos com esses bastardos. Vejo que voce e bom nesse tipo de coisa.</text>
	</string>
	<string id="mil_dolg_skull_dialog_5070">
		<text>Em outra hora.</text>
	</string>
	<string id="mil_dolg_skull_dialog_5071">
		<text>Bem, julgue voce mesmo. Nao vou te obrigar.</text>
	</string>
	<string id="mil_dolg_skull_dialog_508">
		<text>Fechado.</text>
	</string>
	<string id="mil_dolg_skull_dialog_5080">
		<text>Ai esta, otimo.</text>
	</string>
	<string id="mil_dolg_skull_dialog_601">
		<text>Nao interfira, Marked One.</text>
	</string>
	<string id="mil_dolg_skull_dialog_602">
		<text>OK.</text>
	</string>
	<string id="mil_dolg_skull_dialog_701">
		<text>Siga seu caminho.</text>
	</string>
	<string id="mil_dolg_skull_dialog_702">
		<text>OK.</text>
	</string>
	<string id="mil_dolg_skull_dialog_801">
		<text>E agora?</text>
	</string>
	<string id="mil_dolg_skull_dialog_802">
		<text>Nada.</text>
	</string>
	<string id="mil_dolg_soldier_dialog_0">
		<text>Tres idiotas mortos, assim! Voce chegou na hora certa: nao revelou nossa posicao e saiu ileso. A proposito, acho que ninguem precisa saber disso, hein?</text>
	</string>
	<string id="mil_dolg_soldier_dialog_1">
		<text>Acho que nao.</text>
	</string>
	<string id="mil_dolg_soldier_dialog_2">
		<text>Perfeito. Voce esta procurando uma maneira de ganhar um dinheiro, stalker?</text>
	</string>
	<string id="mil_dolg_soldier_dialog_20">
		<text>Dificil dizer.</text>
	</string>
	<string id="mil_dolg_soldier_dialog_21">
		<text>O que, voce nao quer mais viver?</text>
	</string>
	<string id="mil_dolg_soldier_dialog_22">
		<text>Nao.</text>
	</string>
	<string id="mil_dolg_soldier_dialog_3">
		<text>Algo assim.</text>
	</string>
	<string id="mil_dolg_soldier_dialog_30">
		<text>Talvez.</text>
	</string>
	<string id="mil_dolg_soldier_dialog_4">
		<text>Entao siga-nos, fale com nosso comandante.</text>
	</string>
	<string id="mil_dolg_soldier_dialog_5">
		<text>Comandante?</text>
	</string>
	<string id="mil_dolg_soldier_dialog_6">
		<text>Claro. Caveira vai te contar tudo pessoalmente.</text>
	</string>
	<string id="mil_dolg_soldier_dialog_7">
		<text>OK.</text>
	</string>
	<string id="mil_freedom_commander_1001">
		<text>E ai, stalker! Voce chegou na hora certa. Estamos nos defendendo dos idiotas da Monolith, e a proxima onda esta prestes a chegar! Acredite ou nao, acabamos de ter nosso ultimo atirador abatido! Voce pode ajudar? Pagaremos depois da luta - voce nao vai se arrepender!</text>
	</string>
	<string id="mil_freedom_commander_10011">
		<text>Nao, nao posso te ajudar.</text>
	</string>
	<string id="mil_freedom_commander_10012">
		<text>Que pena. Volte se mudar de ideia.</text>
	</string>
	<string id="mil_freedom_commander_1002">
		<text>Eu vou.</text>
	</string>
	<string id="mil_freedom_commander_1003">
		<text>Otimo! Va para a torre, tem um rifle de precisao e um monte de municao. Abata-os de cima e nao desca, ou voce corre o risco de ser atingido pelos nossos proprios caras. A missao esta clara?</text>
	</string>
	<string id="mil_freedom_commander_1004">
		<text>Clara como agua.</text>
	</string>
	<string id="mil_freedom_commander_1005">
		<text>Como deveria ser. Espero falar com voce pela manha. Ah, e nao se afaste muito... Ou posso pensar que voce decidiu fugir. E isso significaria voce-sabe-o-que, entao tenha isso em mente! Agora, assuma sua posicao.</text>
	</string>
	<string id="mil_freedom_commander_1007">
		<text>Isso mesmo. OK, vamos trabalhar. Um grupo da Monolith pode estar tentando invadir aqui. Isso significa que vai esquentar muito em breve.</text>
	</string>
	<string id="mil_freedom_commander_1008">
		<text>Entendi.</text>
	</string>
	<string id="mil_freedom_commander_1009">
		<text>Voce tem razao. Espero que nao sejam muitos...</text>
	</string>
	<string id="mil_freedom_commander_1010">
		<text>Onde e meu lugar?</text>
	</string>
	<string id="mil_freedom_commander_1011">
		<text>Va para a torre, tem um Dragunov e municao. Voce podera abate-los de cima, mas nao desca - cuidado com nossas proprias balas. A missao esta clara?</text>
	</string>
	<string id="mil_freedom_commander_1012">
		<text>Sim.</text>
	</string>
	<string id="mil_freedom_commander_2001">
		<text>Marque seu proprio lugar porque depois voce nao tera tempo!</text>
	</string>
	<string id="mil_freedom_commander_3001">
		<text>Parece que derrubamos todos eles. Acho que ja chega por hoje. Obrigado pela sua ajuda! Aqui, pegue isso - um pouco de dinheiro para te animar.</text>
	</string>
	<string id="mil_freedom_commander_3002">
		<text>Obrigado.</text>
	</string>
	<string id="mil_freedom_commander_3003">
		<text>Boa sorte, Marked One!</text>
	</string>
	<string id="mil_freedom_commander_4001">
		<text>Ei, Marked One! Lukash te mandou?</text>
	</string>
	<string id="mil_freedom_commander_4002">
		<text>Sim. Ele me pediu para te ajudar.</text>
	</string>
	<string id="mil_freedom_commander_4003">
		<text>Voce chegou na hora certa. Estamos nos defendendo dos idiotas da Monolith, e a proxima onda esta quase aqui! Acredite ou nao, acabamos de ter nosso ultimo atirador abatido! Voce pode ajudar? Pagaremos depois da luta - voce nao vai se arrepender!</text>
	</string>
	<string id="mil_freedom_commander_5001">
		<text>Parece que derrubamos todos eles. Acho que ja chega por hoje. Obrigado pela sua ajuda! Aqui, pegue isso - um pouco de dinheiro para te animar.</text>
	</string>
	<string id="mil_freedom_commander_5002">
		<text>Obrigado.</text>
	</string>
	<string id="mil_freedom_commander_5003">
		<text>Boa sorte, Marked One.</text>
	</string>
	<string id="mil_freedom_commander_common2_0">
		<text>Que lugar e este?</text>
	</string>
	<string id="mil_freedom_commander_common2_1">
		<text>Chamamos de Barreira... e basicamente isso. E o ultimo posto avancado normal deste lado do centro da Zona. E uma especie de amortecedor, sabe, entre as pessoas e o Wild Territory.</text>
	</string>
	<string id="mil_freedom_commander_common2_2">
		<text>O que ha alem dele?</text>
	</string>
	<string id="mil_freedom_commander_common2_3">
		<text>Apenas morte... ou servir o Monolito. "Nosso Monolito! Em seu nome nos..." Droga! Em resumo, ninguem precisa ir la. E por isso que estamos baseados aqui, tentando evitar que a sujeira infeste a Zona. Como uma especie de Jedis, hehe. Tambem detemos os realmente estupidos - ou pelo menos tentamos nao deixa-los entrar no centro.</text>
	</string>
	<string id="mil_freedom_commander_common2_4">
		<text>Por que voces fazem isso?</text>
	</string>
	<string id="mil_freedom_commander_common2_5">
		<text>Quem mais, senao nos? Duty? Eles sao os melhores quando se trata de erradicar monstros e eliminar stalkers indesejados, mas voce deveria tentar faze-los realmente fazerem algo util! Voce os ve aqui? Nao? E isso que quero dizer. Nos, por outro lado, nao pretendemos destruir as criaturas que vivem aqui. Uma barreira, uma barreira normal - isso deve ser suficiente. Desde que nenhum lado cruze a linha...</text>
	</string>
	<string id="mil_freedom_commander_common2_6">
		<text>E se alguem cruzar?</text>
	</string>
	<string id="mil_freedom_commander_common2_7">
		<text>Tudo pode acontecer. Tudo. Eu nao quero...</text>
	</string>
	<string id="mil_guard_arsenal_dialog_1000">
		<text>Pare! O acesso ao arsenal e restrito apenas a membros da Freedom.</text>
	</string>
	<string id="mil_guard_arsenal_dialog_2000">
		<text>Pronto, agora voce pode entrar no arsenal. Exceto que ha um pequeno problema...</text>
	</string>
	<string id="mil_guard_arsenal_dialog_2001">
		<text>Que problema?</text>
	</string>
	<string id="mil_guard_arsenal_dialog_2002">
		<text>Nao se preocupe, nao e nada terrivel. A fechadura esta emperrada, so isso. Se voce realmente nao pode esperar, apenas atire nela, eu a substituirei depois.</text>
	</string>
	<string id="mil_guard_arsenal_dialog_2003">
		<text>Entendo.</text>
	</string>
	<string id="mil_hunter_dialog_1">
		<text>Skinflint me mandou aqui para limpar os sanguessugas.</text>
	</string>
	<string id="mil_hunter_dialog_101">
		<text>Entao, stalker, o que te trouxe a este lugar sinistro? Meu conselho e correr pela sua vida antes que seja tarde demais!</text>
	</string>
	<string id="mil_hunter_dialog_2">
		<text>Ahh, agora isso e outra historia... O inferno sabe o que esta acontecendo aqui! Um par de nossos caras entrou na vila e nunca mais voltou. Droga, nao estamos muito interessados em morrer ainda! Estamos sentados aqui, decidindo o que fazer a seguir.</text>
	</string>
	<string id="mil_hunter_dialog_201">
		<text>Ei, mano, que susto voce deu ontem a noite!</text>
	</string>
	<string id="mil_hunter_dialog_202">
		<text>Significa?</text>
	</string>
	<string id="mil_hunter_dialog_203">
		<text>Estavamos apenas sentados por ai e voce chega bebado! E voce entra direto na vila, direto para aqueles sanguessugas! Ainda bem que estavamos la para te segurar e te fazer dormir.</text>
	</string>
	<string id="mil_hunter_dialog_204">
		<text>E o que voces estao fazendo aqui?</text>
	</string>
	<string id="mil_hunter_dialog_205">
		<text>O inferno sabe o que esta acontecendo aqui! Um par de nossos caras entrou na vila e nunca mais voltou. Droga, nao estamos muito interessados em morrer ainda! Estamos sentados aqui, decidindo o que fazer a seguir.</text>
	</string>
	<string id="mil_hunter_dialog_3">
		<text>Voces viram os sanguessugas?</text>
	</string>
	<string id="mil_hunter_dialog_301">
		<text>E ai? Como foi?</text>
	</string>
	<string id="mil_hunter_dialog_302">
		<text>Eu me livrei deles.</text>
	</string>
	<string id="mil_hunter_dialog_303">
		<text>Uau! Voce e demais! Droga, voce saiu vivo, entao a proxima rodada de bebidas e por sua conta!</text>
	</string>
	<string id="mil_hunter_dialog_304">
		<text>Obrigado.</text>
	</string>
	<string id="mil_hunter_dialog_4">
		<text>Nao. Nossos caras deveriam ir para a antiga torre d'agua; provavelmente foi la que eles cairam. Bem, se voce fez um acordo com Skinflint, va la e de uma olhada... Anote um endereco, quer? Escreveremos para sua familia se algo der errado.</text>
	</string>
	<string id="mil_hunter_dialog_401">
		<text>Por que voce esta vagando por ai como um fantasma?</text>
	</string>
	<string id="mil_hunter_dialog_402">
		<text>So olhando em volta.</text>
	</string>
	<string id="mil_hunter_dialog_5">
		<text>Parece que voce e muito gentil... OK, eu vou.</text>
	</string>
	<string id="mil_hunter_dialog_501">
		<text>O que te trouxe aqui?</text>
	</string>
	<string id="mil_hunter_dialog_502">
		<text>So olhando em volta.</text>
	</string>
	<string id="mil_hunter_dialog_503">
		<text>Este era o melhor lugar que voce conseguiu encontrar? Este e provavelmente o pior lugar em toda a Zona...</text>
	</string>
	<string id="mil_hunter_dialog_504">
		<text>O que tem de tao ruim neste lugar?</text>
	</string>
	<string id="mil_hunter_dialog_505">
		<text>O inferno sabe o que esta acontecendo aqui! Parece que a vila agora e lar de um enxame de sanguessugas. Um par de nossos caras entrou na vila e nunca mais voltou. Droga, nao estamos muito interessados em morrer ainda! Estamos sentados aqui, decidindo o que fazer a seguir.</text>
	</string>
	<string id="mil_hunter_dialog_506">
		<text>Entao, voce mesmo nao tem certeza?</text>
	</string>
	<string id="mil_hunter_dialog_507">
		<text>Exatamente! Se voce nao tem mais nada para fazer e sua cabeca nao esta funcionando direito, fique a vontade para dar um passeio pela vila. Se voce limpar essas criaturas, Skinflint certamente vai te dar alguma coisa. Anote um endereco, quer? Escreveremos para sua familia se algo der errado.</text>
	</string>
	<string id="mil_hunter_dialog_508">
		<text>OK, vou dar uma olhada.</text>
	</string>
	<string id="mil_hunter_dialog_601">
		<text>Voce passou pela vila, nao passou?</text>
	</string>
	<string id="mil_hunter_dialog_602">
		<text>Sim.</text>
	</string>
	<string id="mil_hunter_dialog_603">
		<text>Um par de nossos caras foi la e nao voltou. Voce viu eles por acaso?</text>
	</string>
	<string id="mil_hunter_dialog_604">
		<text>Nao, nao vi. Apenas alguns cadaveres no chao.</text>
	</string>
	<string id="mil_hunter_dialog_605">
		<text>Voce viu sanguessugas?</text>
	</string>
	<string id="mil_hunter_dialog_606">
		<text>Sim. Va em frente e veja por si mesmo, agora esta seguro - eu os derrubei.</text>
	</string>
	<string id="mil_hunter_dialog_607">
		<text>Uau! Que truque! Sabe de uma coisa... va ver Skinflint na nossa base. Ele paga por bom trabalho.</text>
	</string>
	<string id="mil_hunter_dialog_7">
		<text>OK, vou dar uma olhada.</text>
	</string>
	<string id="mil_hunter_dialog_701">
		<text>E ai? Como foi?</text>
	</string>
	<string id="mil_hunter_dialog_702">
		<text>Eu massacrei aquelas feras.</text>
	</string>
	<string id="mil_hunter_dialog_703">
		<text>Uau, voce mostrou pra eles! Sabe de uma coisa... va ver Skinflint na nossa base. Ele paga por bom trabalho.</text>
	</string>
	<string id="mil_hunter_dialog_704">
		<text>Eu vou.</text>
	</string>
	<string id="mil_hunter_dialog_80">
		<text>OK, tanto faz...</text>
	</string>
	<string id="mil_hunter_dialog_801">
		<text>O que te trouxe aqui?</text>
	</string>
	<string id="mil_hunter_dialog_802">
		<text>So olhando em volta...</text>
	</string>
	<string id="mil_hunter_dialog_803">
		<text>Este era o melhor lugar que voce conseguiu encontrar? Este e provavelmente o pior lugar em toda a Zona...</text>
	</string>
	<string id="mil_hunter_dialog_804">
		<text>O que tem de tao ruim neste lugar?</text>
	</string>
	<string id="mil_hunter_dialog_805">
		<text>Ah, o inferno sabe. Parece que os sanguessugas se instalaram na vila. Um par de nossos caras entrou na vila e nunca mais voltou. Droga, nao estamos muito interessados em morrer ainda!</text>
	</string>
	<string id="mil_hunter_dialog_806">
		<text>Entao, voce mesmo nao tem certeza?</text>
	</string>
	<string id="mil_hunter_dialog_807">
		<text>Exatamente! Se voce nao tem mais nada para fazer e sua cabeca nao esta funcionando direito, fique a vontade para dar um passeio pela vila. Se voce limpar essas criaturas, Skinflint certamente vai te dar alguma coisa. Anote um endereco, quer? Escreveremos para sua familia se algo der errado.</text>
	</string>
	<string id="mil_hunter_dialog_808">
		<text>OK, vou dar uma olhada.</text>
	</string>
	<string id="mil_hunter_dialog_901">
		<text>E ai? Como foi?</text>
	</string>
	<string id="mil_hunter_dialog_902">
		<text>Eu massacrei aquelas feras.</text>
	</string>
	<string id="mil_hunter_dialog_903">
		<text>Uau, isso foi incrivel! Meus parabens! E o melhor de tudo, voce ainda esta vivo...</text>
	</string>
	<string id="mil_hunter_dialog_904">
		<text>Obrigado.</text>
	</string>
	<string id="mil_leader_start_dialog_10001">
		<text>Ja que voce ajudou nossos caras na Barreira, pode contar com um descanso em nosso territorio, bem como com nossa ajuda. Ah, e meu apreco pessoal - um pouco de dinheiro legal para voce - a partir deste momento, estou te alistando em nosso grupo.</text>
	</string>
	<string id="mil_leader_start_dialog_1001">
		<text>Ei, stalker. O que voce precisa?</text>
	</string>
	<string id="mil_leader_start_dialog_10011">
		<text>Nada demais, na verdade.</text>
	</string>
	<string id="mil_leader_start_dialog_10012">
		<text>Entao vamos sair daqui, OK? Tempo e dinheiro.</text>
	</string>
	<string id="mil_leader_start_dialog_1100">
		<text>Eu vi um grupo de membros da Duty em uma fazenda perto da sua base. Cerca de oito homens, bem equipados.</text>
	</string>
	<string id="mil_leader_start_dialog_11001">
		<text>Por que diabos voce saiu da Barreira? Saia daqui e nao deixe que eu te veja perto da minha base nunca mais.</text>
	</string>
	<string id="mil_leader_start_dialog_1101">
		<text>Droga, esses punks nao vao se acalmar! Tudo bem, teremos que dar uma licao neles. Ei, stalker, quer nos ajudar por uma recompensa? Fale com Max, nosso chefe. Voces dois vao montar uma equipe e eliminar esses otarios.</text>
	</string>
	<string id="mil_leader_start_dialog_11011">
		<text>OK.</text>
	</string>
	<string id="mil_leader_start_dialog_11012">
		<text>Boa sorte, stalker.</text>
	</string>
	<string id="mil_leader_start_dialog_1200">
		<text>Eu ja lidei com eles.</text>
	</string>
	<string id="mil_leader_start_dialog_12001">
		<text>Entao, voce nao cuidou do negocio do dedo-duro e falhou na Barreira tambem? Suma da minha base e nunca mais apareca!</text>
	</string>
	<string id="mil_leader_start_dialog_1210">
		<text>Serio? Quantos deles voce disse que eram?</text>
	</string>
	<string id="mil_leader_start_dialog_1221">
		<text>Oito homens.</text>
	</string>
	<string id="mil_leader_start_dialog_1222">
		<text>Voce e rapido, stalker... OK, entao, voce se importa de nos ajudar com mais alguma coisa? Tenho vergonha de admitir que ha um dedo-duro entre nos. O nome dele e Pavlik. Ele esta vazando informacoes valiosas e isso precisa ser parado.</text>
	</string>
	<string id="mil_leader_start_dialog_1223">
		<text>De que forma?</text>
	</string>
	<string id="mil_leader_start_dialog_1300">
		<text>Voce deve segui-lo ate a fazenda e descobrir de quem ele e o rato. Ele nao te conhece e tambem nao sabe da nossa conversa, entao...</text>
	</string>
	<string id="mil_leader_start_dialog_13001">
		<text>Voce acha que tenho trabalho para voce fazer?</text>
	</string>
	<string id="mil_leader_start_dialog_13002">
		<text>Talvez.</text>
	</string>
	<string id="mil_leader_start_dialog_13003">
		<text>Descobrimos que ha um rato entre nos, chamado Pavlik. Ele esta vazando informacoes valiosas. Sabemos disso com certeza, mas nao temos provas. Sua tarefa e espiona-lo e descobrir para quem ele esta cantando. Acho que ele vai a um encontro hoje a noite. Voce o seguira silenciosamente. Apenas tenha cuidado para que ele nao te veja - ele e extremamente cauteloso. Depois de descobrir a identidade de sua conexao, elimine-o e o outro cara tambem, por precaucao.</text>
	</string>
	<string id="mil_leader_start_dialog_1301">
		<text>Eu farei isso.</text>
	</string>
	<string id="mil_leader_start_dialog_1302">
		<text>Descobrimos que ha um rato entre nos, chamado Pavlik. Ele esta vazando informacoes valiosas. Sabemos disso com certeza, mas nao temos provas. Sua tarefa e espiona-lo e descobrir para quem ele esta cantando. Acho que ele vai a um encontro hoje a noite. Voce o seguira silenciosamente. Apenas tenha cuidado para que ele nao te veja - ele e extremamente cauteloso. Depois de descobrir a identidade de sua conexao, elimine-o e o outro cara tambem, por precaucao.</text>
	</string>
	<string id="mil_leader_start_dialog_1391">
		<text>Nao, nao agora.</text>
	</string>
	<string id="mil_leader_start_dialog_14001">
		<text>Ha uma coisa que eu queria te perguntar.</text>
	</string>
	<string id="mil_leader_start_dialog_1500">
		<text>Ele acabou de sair, entao voce tera que alcanca-lo. Lembre-se: voce pode e deve elimina-lo, mas somente depois que ele expor o agente para quem esta dedurando. Voce tera que eliminar o outro cara tambem.</text>
	</string>
	<string id="mil_leader_start_dialog_1501">
		<text>Entendi.</text>
	</string>
	<string id="mil_leader_start_dialog_2001">
		<text>Eu te disse para ir falar com Max.</text>
	</string>
	<string id="mil_leader_start_dialog_3001">
		<text>Entao, a missao esta completa... Bom, bom. Tenho outra para voce!</text>
	</string>
	<string id="mil_leader_start_dialog_3002">
		<text>Hrm... Qual e?</text>
	</string>
	<string id="mil_leader_start_dialog_30021">
		<text>Infelizmente, tenho que admitir que ha um dedo-duro em nossas fileiras. O nome dele e Pavlik. Ele esta vazando informacoes valiosas, e isso precisa ser parado.</text>
	</string>
	<string id="mil_leader_start_dialog_3003">
		<text>Exatamente. E acho que ele vai para o encontro dele entre 22h e 23h. Vai estar escuro o suficiente, entao ninguem o vera, mas os mutantes noturnos ainda nao estarao fora. Va em frente, stalker. Depois que voce terminar, voce se tornara um membro do nosso grupo. Lembre-se, voce deve pegar o dedo-duro em flagrante! Voce tem que derruba-lo durante o encontro dele, caso contrario a missao tera falhado.</text>
	</string>
	<string id="mil_leader_start_dialog_4001">
		<text>Voce ainda esta aqui?</text>
	</string>
	<string id="mil_leader_start_dialog_5001">
		<text>Otimo trabalho, Marked One! Aqui, pegue isso... seu pagamento por cuidar do dedo-duro. Voce pode descansar em nosso territorio sempre que quiser e tambem pode contar com nossa ajuda. So que, ha mais um negocio que eu gostaria que voce fizesse para mim. Voce nao esta muito cansado?</text>
	</string>
	<string id="mil_leader_start_dialog_5002">
		<text>O que exatamente?</text>
	</string>
	<string id="mil_leader_start_dialog_5003">
		<text>Se voce estiver disposto, va para o posto avancado perto da saida da Red Forest. Recebemos relatos de que mutantes ou a Monolith estao planejando uma nova tentativa de invasao la. Os caras precisam de ajuda.</text>
	</string>
	<string id="mil_leader_start_dialog_5004">
		<text>Bem, voce ajudou os caras na Barreira, entao - relaxe.</text>
	</string>
	<string id="mil_leader_start_dialog_6001">
		<text>Relaxe. Nao ha trabalho agora.</text>
	</string>
	<string id="mil_leader_start_dialog_7001">
		<text>E, voce estragou essa missao... que droga. Ainda assim, sempre ha outra chance!</text>
	</string>
	<string id="mil_leader_start_dialog_7002">
		<text>Que chance?</text>
	</string>
	<string id="mil_leader_start_dialog_7003">
		<text>Certas coisas indicam que muito em breve a Monolith vai tentar invadir pelo lado da Red Forest. Voce tem que ir ver o Cap - ele e o comandante na Barreira - e ver se ele precisa de ajuda. Bem, e obvio que ele precisa, na verdade...</text>
	</string>
	<string id="mil_leader_start_dialog_7004">
		<text>OK, eu farei isso.</text>
	</string>
	<string id="mil_leader_start_dialog_7006">
		<text>Nao, nao vou fazer isso ainda.</text>
	</string>
	<string id="mil_leader_start_dialog_7007">
		<text>Pense nos nossos caras, eles vao ser massacrados! Veja bem, nao ha mais ninguem alem de voce que eu possa enviar... ninguem.</text>
	</string>
	<string id="mil_leader_start_dialog_8001">
		<text>Voce falhou na missao, entao podemos dar adeus a esses documentos. Nao temos uso para perdedores como voce.</text>
	</string>
	<string id="mil_leader_start_dialog_8004">
		<text>Bem, voce estragou essa missao... que droga. Ainda assim, voce ajudou os caras na Barreira; droga - voce pode relaxar em nosso territorio. Caso algo surja, nos te ajudaremos.</text>
	</string>
	<string id="mil_leader_start_dialog_8005">
		<text>Tem algum trabalho?</text>
	</string>
	<string id="mil_leader_start_dialog_8006">
		<text>Nao agora.</text>
	</string>
	<string id="mil_leader_start_dialog_9001">
		<text>Eu te disse - va para a Barreira.</text>
	</string>
	<string id="mil_max_dialog_10001">
		<text>Nos conversaremos depois que derrubarmos aqueles idiotas da Duty.</text>
	</string>
	<string id="mil_max_dialog_10002">
		<text>OK.</text>
	</string>
	<string id="mil_max_dialog_1001">
		<text>Lukash disse que voce faria. Voce viu aqueles... na fazenda?</text>
	</string>
	<string id="mil_max_dialog_1100">
		<text>Nao.</text>
	</string>
	<string id="mil_max_dialog_1101">
		<text>Droga... O Duty tem algo no traseiro de novo! Ah, bem. Vem com a gente, quer?</text>
	</string>
	<string id="mil_max_dialog_1102">
		<text>OK.</text>
	</string>
	<string id="mil_max_dialog_1200">
		<text>Sim.</text>
	</string>
	<string id="mil_max_dialog_1201">
		<text>Ha muitos deles?</text>
	</string>
	<string id="mil_max_dialog_1210">
		<text>Nao posso dizer com certeza. Acho que nao ha muitos.</text>
	</string>
	<string id="mil_max_dialog_1220">
		<text>Cerca de seis a oito pessoas. Razoavelmente equipados.</text>
	</string>
	<string id="mil_max_dialog_2001">
		<text>Va falar com Lukash.</text>
	</string>
	<string id="mil_max_dialog_3001">
		<text>Tem alguma pergunta?</text>
	</string>
	<string id="mil_max_dialog_3002">
		<text>Sim. Lukash me disse para interceptar o mensageiro da Duty a caminho da Red Forest para a Dead City. Voce poderia me dizer o melhor lugar para fazer isso?</text>
	</string>
	<string id="mil_max_dialog_3003">
		<text>Hmm. O melhor seria pega-lo antes que ele chegasse a fazenda perto da passagem para a Dead City. Reforcos certamente estarao esperando por ele la, entao voce teria problemas para lidar com todos eles. Alem disso, assim voce teria que passar pela vila, o que e ruim. E melhor ir para o leste da vila, e rapido.</text>
	</string>
	<string id="mil_max_dialog_3004">
		<text>O que tem na vila?</text>
	</string>
	<string id="mil_max_dialog_3005">
		<text>Acredite em mim - nem uma unica coisa boa. Muitos monstros vagando por ai, e anomalias tambem. Eu te conto sobre isso mais tarde.</text>
	</string>
	<string id="mil_max_dialog_4001">
		<text>Parabens sao apropriados?</text>
	</string>
	<string id="mil_max_dialog_4002">
		<text>Sim.</text>
	</string>
	<string id="mil_max_dialog_4003">
		<text>Vejo que voce e o tipo certo de cara! Voce se importaria de fazer outro pequeno trabalho para mim? Faca isso e eu te darei meu Pipa Negra. Uma otima peca, e o poder que ela tem!</text>
	</string>
	<string id="mil_max_dialog_4004">
		<text>Mas o que eu devo fazer?</text>
	</string>
	<string id="mil_max_dialog_4005">
		<text>Tem um cara que se entrincheirou no pantano. Meus rapazes o viram correndo da vila pulando cercas e valas. Ele deve ter visto algo que afrouxou alguns parafusos na cabeca dele. Agora ele esta atirando em qualquer um que aparece. Voce tem que descobrir o que ele viu, porque nosso pessoal esta com muito medo de ir para a vila.</text>
	</string>
	<string id="mil_max_dialog_40051">
		<text>Nao, nao desta vez.</text>
	</string>
	<string id="mil_max_dialog_400511">
		<text>Bem, tanto faz.</text>
	</string>
	<string id="mil_max_dialog_40052">
		<text>Aqui esta o pendrive que peguei do cara louco.</text>
	</string>
	<string id="mil_max_dialog_400521">
		<text>Ei, obrigado, stalker! Pegue esta arma - voce ganhou.</text>
	</string>
	<string id="mil_max_dialog_400522">
		<text>Tem alguma municao para ela?</text>
	</string>
	<string id="mil_max_dialog_400523">
		<text>So o que esta no carregador. Desculpe, e tudo que eu tenho. Va ver Skinflint, ele pode ter alguma.</text>
	</string>
	<string id="mil_max_dialog_4006">
		<text>Eu vou tentar.</text>
	</string>
	<string id="mil_max_dialog_4007">
		<text>Boa sorte, entao. Nao se esqueca - ha um antigo campo minado, mas com a ajuda de alguns bons e velhos parafusos voce pode contornar qualquer mina.</text>
	</string>
	<string id="mil_max_dialog_5001">
		<text>Entao, o que voce descobriu? O que aconteceu com aquele psicopata?</text>
	</string>
	<string id="mil_max_dialog_5002">
		<text>Aqui esta um pendrive - peguei do cara louco.</text>
	</string>
	<string id="mil_max_dialog_6001">
		<text>O que, ja?</text>
	</string>
	<string id="mil_max_dialog_7001">
		<text>O que voce quer saber?</text>
	</string>
	<string id="mil_max_dialog_8001">
		<text>E ai, stalker! O que voce tem?</text>
	</string>
	<string id="mil_max_dialog_8002">
		<text>Tenho negocios para discutir. Voce pode me mostrar o caminho para o seu chefe?</text>
	</string>
	<string id="mil_max_dialog_8003">
		<text>Voce quer Lukash - ele e nosso lider. Va para o predio principal.</text>
	</string>
	<string id="mil_max_dialog_9001">
		<text>Vejo que voce se virou bem. Entregue os documentos para Lukash.</text>
	</string>
	<string id="mil_max_dialog_9100">
		<text>Va falar com Lukash e faca seu relatorio, depois conversamos, certo?</text>
	</string>
	<string id="mil_max_dialog_9101">
		<text>OK.</text>
	</string>
	<string id="mil_patrol_dialog1_0">
		<text>Cara, voce esta na base da Freedom! Relaxe, sinta-se em casa!</text>
	</string>
	<string id="mil_patrol_dialog1_1">
		<text>Entendo.</text>
	</string>
	<string id="mil_patrol_dialog1_2">
		<text>Comporte-se, OK? Entendeu? Tente brincar e voce vai se arrepender. Tinhamos um lerdo aqui uma vez; ele irritou tanto todo mundo que o fizemos dar um passeio no campo minado - pelado. Voce deveria ter ouvido Skinflint xingar quando o braco daquele cara caiu bem na cabeca dele! Aquilo foi especial... sim... Entao, voce entendeu a ideia?</text>
	</string>
	<string id="mil_patrol_dialog1_3">
		<text>Entendi.</text>
	</string>
	<string id="mil_patrol_dialog1_4">
		<text>Bom homem! Dispensado.</text>
	</string>
	<string id="mil_patrol_dialog2_0">
		<text>Ah, um novato... Vem ca um segundo.</text>
	</string>
	<string id="mil_patrol_dialog2_1">
		<text>Nao entendi.</text>
	</string>
	<string id="mil_patrol_dialog2_10">
		<text>Aonde voce vai? Fica! E legal aqui... e vamos jantar hoje a noite.</text>
	</string>
	<string id="mil_patrol_dialog2_11">
		<text>Nah, eu nao sou tao apetitoso.</text>
	</string>
	<string id="mil_patrol_dialog2_12">
		<text>O que?! Merda, por que voce nao me disse isso antes! Estavamos perdendo tempo. Cai fora, bundao. E desta vez eu estou falando serio...</text>
	</string>
	<string id="mil_patrol_dialog2_2">
		<text>O que voce nao entendeu? Ah, voce nao ouviu a historia dos lerdos, hein?</text>
	</string>
	<string id="mil_patrol_dialog2_3">
		<text>Nao, nao ouvi.</text>
	</string>
	<string id="mil_patrol_dialog2_4">
		<text>Tudo bem, olha. Pensa bem: estes sao tempos dificeis...</text>
	</string>
	<string id="mil_patrol_dialog2_5">
		<text>Significa?</text>
	</string>
	<string id="mil_patrol_dialog2_6">
		<text>Bem, e facil! Um soldado faminto e um soldado ruim. E somos tantos...</text>
	</string>
	<string id="mil_patrol_dialog2_7">
		<text>E?</text>
	</string>
	<string id="mil_patrol_dialog2_8">
		<text>Onde conseguiriamos tanta carne? E olha so, aqui esta voce!</text>
	</string>
	<string id="mil_patrol_dialog2_9">
		<text>Entendi.</text>
	</string>
	<string id="mil_screw_dialog_1000">
		<text>Voce tem algo quebrado, cara?</text>
	</string>
	<string id="mil_screw_dialog_1001">
		<text>Quebrado?</text>
	</string>
	<string id="mil_screw_dialog_1002">
		<text>Ahhh, voce nao veio aqui pedir minha ajuda? Ufa! Estou ficando farto disso. Assim que algo quebra, eles correm para mim e comecam a choramingar.</text>
	</string>
	<string id="mil_screw_dialog_1003">
		<text>E quem e voce?</text>
	</string>
	<string id="mil_screw_dialog_1004">
		<text>Sou um mecanico. Um Sr. Conserta-Tudo, por assim dizer... Eu conserto armas e tudo mais que voce me trouxer. Agora, estou trabalhando nesses carros.</text>
	</string>
	<string id="mil_screw_dialog_1005">
		<text>Como esta indo?</text>
	</string>
	<string id="mil_screw_dialog_1006">
		<text>Pfft! So lixo. Estou totalmente exausto. Escuta, voce tem alguma vodka com voce? Eu, humm... voce... quer uma mira legal? A melhor otica que existe!</text>
	</string>
	<string id="mil_screw_dialog_1100">
		<text>Nao.</text>
	</string>
	<string id="mil_screw_dialog_1101">
		<text>E perda sua. Se voce tiver alguma, entre, nao seja estranho.</text>
	</string>
	<string id="mil_screw_dialog_1102">
		<text>OK.</text>
	</string>
	<string id="mil_screw_dialog_1200">
		<text>Aqui, pegue.</text>
	</string>
	<string id="mil_screw_dialog_1201">
		<text>Bem, obrigado! Que legal da sua parte. Agora terei algo para me ajudar a relaxar mais tarde.</text>
	</string>
	<string id="mil_screw_dialog_1202">
		<text>Boa sorte.</text>
	</string>
	<string id="mil_screw_dialog_2000">
		<text>Nao me distraia, estou pensando...</text>
	</string>
	<string id="mil_screw_dialog_4">
		<text>Nao acredito, voce realmente trouxe vodka?</text>
	</string>
	<string id="mil_trader_dialog_1001">
		<text>O que e?</text>
	</string>
	<string id="mil_trader_dialog_1002">
		<text>Aqui vai uma pergunta dificil - onde eu consigo coisas como artefatos e armas?</text>
	</string>
	<string id="mil_trader_dialog_1003">
		<text>Voce vem ate mim, com dinheiro. Ou vai para a vila e pega de graca, mas os riscos sao muito maiores.</text>
	</string>
	<string id="mil_trader_dialog_1004">
		<text>A vila?</text>
	</string>
	<string id="mil_trader_dialog_1005">
		<text>A vila. Esta cheia de anomalias - os novatos tropecam nelas o tempo todo. Nossos caras acabaram de sair para la, voce pode se juntar a eles se quiser.</text>
	</string>
	<string id="mil_trader_dialog_1006">
		<text>Entendi.</text>
	</string>
	<string id="mil_trader_dialog_2001">
		<text>Que coisas boas voce me trouxe?</text>
	</string>
	<string id="mil_trader_dialog_3001">
		<text>Do que voce vai precisar?</text>
	</string>
	<string id="mil_trader_dialog_3002">
		<text>Nada... so olhando em volta.</text>
	</string>
	<string id="mil_trader_dialog_3003">
		<text>Voce deveria fazer algo util, em vez disso. Especialmente porque tenho algo que pode te interessar... Quer ganhar um dinheiro, hein?</text>
	</string>
	<string id="mil_trader_dialog_3004">
		<text>Interessante...</text>
	</string>
	<string id="mil_trader_dialog_3005">
		<text>Posso te dar um Cristal se voce me fizer um favor em particular. Uma situacao desagradavel se desenvolveu... Ultimamente, ninguem tem trazido nenhum artefato da vila - eles estao com muito medo. Eles dizem que sanguessugas se instalaram la. Hoje em dia, nem consigo mandar ninguem - na verdade, estou quase pedindo ajuda ao Duty!</text>
	</string>
	<string id="mil_trader_dialog_3006">
		<text>Continue.</text>
	</string>
	<string id="mil_trader_dialog_3007">
		<text>Um par de caras foi para a vila e nao voltou, e os outros tres estao apenas sentados la nos arredores. Se voce destruir os sanguessugas, eu te darei um Cristal. O que voce diz?</text>
	</string>
	<string id="mil_trader_dialog_30071">
		<text>Nao agora.</text>
	</string>
	<string id="mil_trader_dialog_30072">
		<text>Ei, a escolha e sua... Cedo ou tarde alguem vai limpa-los. Enquanto isso, Cristal e raro e bastante caro, tambem.</text>
	</string>
	<string id="mil_trader_dialog_3008">
		<text>Eu farei isso.</text>
	</string>
	<string id="mil_trader_dialog_3009">
		<text>Oh, que maravilha. Se voce encontrar mais coisas assim, traga - eu pago um bom preco.</text>
	</string>
	<string id="mil_trader_dialog_3101">
		<text>E?</text>
	</string>
	<string id="mil_trader_dialog_3110">
		<text>Eles estao sentados la, olhando em volta...</text>
	</string>
	<string id="mil_trader_dialog_3111">
		<text>Se voce ajuda-los na cacada, eu te darei um artefato chamado Cristal. Entao, o que voce diz?</text>
	</string>
	<string id="mil_trader_dialog_3200">
		<text>Nos conversamos e depois demos um passeio pela vila tentando pegar algum mutante...</text>
	</string>
	<string id="mil_trader_dialog_3201">
		<text>E ai? Va direto ao ponto!</text>
	</string>
	<string id="mil_trader_dialog_3300">
		<text>Nos derrubamos algum tipo de fera, mas os caras cairam tambem. Assim que chegamos a torre d'agua, todos agarraram suas cabecas, e eu tambem tinha sangue nos meus olhos... Essa merda afeta seu cerebro. Eu matei a coisa, mas era tarde demais para ajudar os caras.</text>
	</string>
	<string id="mil_trader_dialog_3301">
		<text>Que droga. Murk era um stalker habilidoso. Que pena. Bem, pegue este artefato por ajudar os rapazes.</text>
	</string>
	<string id="mil_trader_dialog_3310">
		<text>Bem, os caras foram cacar e eu voltei para ca...</text>
	</string>
	<string id="mil_trader_dialog_3311">
		<text>Entendo.</text>
	</string>
	<string id="mil_trader_dialog_3400">
		<text>Posso me abastecer de algum equipamento aqui?</text>
	</string>
	<string id="mil_trader_dialog_3401">
		<text>Por um preco fixo, tudo e possivel.</text>
	</string>
	<string id="mil_trader_dialog_3500">
		<text>Eu ja lidei com eles.</text>
	</string>
	<string id="mil_trader_dialog_3501">
		<text>Droga, stalker! Voce e explosivo como diarreia! OK, um acordo e um acordo, aqui esta seu Cristal.</text>
	</string>
	<string id="mil_trader_dialog_4001">
		<text>Entao, como foi a cacada?</text>
	</string>
	<string id="mil_trader_dialog_4002">
		<text>Eu matei os monstros.</text>
	</string>
	<string id="mil_trader_dialog_4003">
		<text>Quao dificil foi?</text>
	</string>
	<string id="mil_trader_dialog_4004">
		<text>Medio.</text>
	</string>
	<string id="mil_trader_dialog_4005">
		<text>Hmm, interessante... Todo tipo de gosma esta se espalhando do centro da Zona - mas de onde vem?.. OK, pegue isso pelos seus problemas.</text>
	</string>
	<string id="mil_trader_dialog_5001">
		<text>Mas eu te pedi para eliminar aqueles sanguessugas na vila!</text>
	</string>
	<string id="mil_trader_dialog_5002">
		<text>Mudei de ideia.</text>
	</string>
	<string id="mil_trader_dialog_5003">
		<text>Sem problema. Claro, nesse caso nao havera recompensa.</text>
	</string>
	<string id="mil_trader_dialog_5004">
		<text>Tudo bem para mim.</text>
	</string>
	<string id="mil_trader_dialog_5010">
		<text>Eu vou tentar.</text>
	</string>
	<string id="mil_trader_dialog_6001">
		<text>Uh-huh, entao, voce nao resolveu aquele pequeno problema... Portanto, vou ficar com o artefato para mim.</text>
	</string>
	<string id="mil_trader_dialog_6002">
		<text>Sem discussoes da minha parte.</text>
	</string>
	<string id="mil_trader_dialog_7001">
		<text>As pessoas tem dito que voce cuidou daqueles sanguessugas na vila. Isso e verdade?</text>
	</string>
	<string id="mil_trader_dialog_7002">
		<text>Esta certo.</text>
	</string>
	<string id="mil_trader_dialog_7003">
		<text>Foi dificil?</text>
	</string>
	<string id="mil_trader_dialog_7004">
		<text>Medio.</text>
	</string>
	<string id="mil_trader_dialog_7005">
		<text>Hmm, interessante... Todo tipo de gosma esta se espalhando do centro da Zona - mas de onde vem?.. OK, pegue isso pelos seus problemas.</text>
	</string>
	<string id="mil_trader_dialog_8001">
		<text>Entao, o que voce trouxe com voce?</text>
	</string>
	<string id="mil_zoneguard_common1_0">
		<text>Tem algum cozinheiro por aqui?</text>
	</string>
	<string id="mil_zoneguard_common1_1">
		<text>Tem sim, como poderiamos ficar sem um! Pra que diabos voce precisa dele, afinal?</text>
	</string>
	<string id="mil_zoneguard_common1_2">
		<text>Bem, eu preciso de um pouco de comida.</text>
	</string>
	<string id="mil_zoneguard_common1_3">
		<text>Ele esta na cozinha dele. Geralmente, ele fica la sentado e murmurando.</text>
	</string>
	<string id="mil_zoneguard_common1_4">
		<text>Murmurando?</text>
	</string>
	<string id="mil_zoneguard_common1_5">
		<text>O que voce esperava? Alkie e bebado. Se ele nao soubesse cozinhar, ja teriamos nos livrado dele ha muito tempo. Ele esta na cozinha. Vou te dizer como chegar la.</text>
	</string>
	<string id="mil_zoneguard_common1_6">
		<text>Obrigado pela informacao.</text>
	</string>
	<string id="mil_zoneguard_common1_7">
		<text>Sem problema.</text>
	</string>
	<string id="mil_zoneguard_common2_0">
		<text>Quem e o chefe aqui?</text>
	</string>
	<string id="mil_zoneguard_common2_1">
		<text>E qual e o seu assunto?</text>
	</string>
	<string id="mil_zoneguard_common2_2">
		<text>Eu tenho informacoes para ele.</text>
	</string>
	<string id="mil_zoneguard_common2_3">
		<text>Lukash e nosso lider. Va para o predio principal.</text>
	</string>
	<string id="mil_zoneguard_common2_4">
		<text>Entendi. Obrigado.</text>
	</string>
	<string id="mil_zoneguard_dialog_10">
		<text>Igualmente. O que te traz aqui?</text>
	</string>
	<string id="mil_zoneguard_dialog_100">
		<text>Quem e o chefe por aqui? Eu tenho negocios para discutir com ele.</text>
	</string>
	<string id="mil_zoneguard_dialog_1000">
		<text>Lukash e nosso lider, voce pode encontra-lo no predio principal. Mas ao entrar, certifique-se de guardar sua arma - a menos que queira ser baleado a toa.</text>
	</string>
	<string id="mil_zoneguard_dialog_10000">
		<text>Por que?</text>
	</string>
	<string id="mil_zoneguard_dialog_100000">
		<text>Tivemos um problema - uma vez um assassino chegou perto de derrubar Lukash. Paramos de correr riscos depois disso.</text>
	</string>
	<string id="mil_zoneguard_dialog_1000000">
		<text>Entendi.</text>
	</string>
	<string id="mil_zoneguard_dialog_10000000">
		<text>OK, voce pode ir.</text>
	</string>
	<string id="mil_zoneguard_dialog_20">
		<text>Mais ou menos. Fique fora, nao me incomode.</text>
	</string>
	<string id="mil_zoneguard_dialog_3">
		<text>Saudacoes.</text>
	</string>
	<string id="mil_zoneguard_dialog_30">
		<text>Pare! Quem vai ai?!</text>
	</string>
	<string id="mil_zoneguard_dialog_31">
		<text>Andorinha sul-africana!</text>
	</string>
	<string id="mil_zoneguard_dialog_32">
		<text>Ha-ha! Correto! Voce pode passar.</text>
	</string>
	<string id="mil_zoneguard_dialog_4">
		<text>Que pantano e esse aqui perto?</text>
	</string>
	<string id="mil_zoneguard_dialog_41">
		<text>Uma poca radioativa de verdade. E melhor nao tocar nela, ou voce vai pegar rads suficientes para fazer seu umbigo desatar. Tem um sujeito no meio dela, nao deixa ninguem chegar perto. Bem, eu entendo ele: quem iria querer se misturar com idiotas? Porque uma pessoa normal definitivamente ficaria longe de la.</text>
	</string>
	<string id="mil_zoneguard_dialog_42">
		<text>Quem e esse cara, afinal?</text>
	</string>
	<string id="mil_zoneguard_dialog_43">
		<text>O inferno sabe. Dizem que ele e um dos nossos que foi para a vila.</text>
	</string>
	<string id="mil_zoneguard_dialog_44">
		<text>Que vila?</text>
	</string>
	<string id="mil_zoneguard_dialog_45">
		<text>Bem, tem um pequeno povoado aqui perto. Cheio de mutantes e anomalias. Eu ainda nao fui la - so cheguei a esta base recentemente. Pergunte ao Max - ele esta aqui ha cem anos.</text>
	</string>
	<string id="mil_zoneguard_dialog_5">
		<text>Escuta, onde posso me abastecer de municao? Rostok e meio longe daqui, nao estou com vontade de ir la.</text>
	</string>
	<string id="mil_zoneguard_dialog_51">
		<text>Va para o predio principal e voce encontrara no primeiro andar.</text>
	</string>
	<string id="mil_zoneguard_dialog_6">
		<text>E ai, andarilho? Querendo dar uma passada no nosso lugar, hein?</text>
	</string>
	<string id="mil_zoneguard_dialog_601">
		<text>Algo assim.</text>
	</string>
	<string id="mil_zoneguard_dialog_602">
		<text>Que tal se juntar a nos, hein?</text>
	</string>
	<string id="mil_zoneguard_dialog_603">
		<text>Que tal nao. Estou aqui a negocios.</text>
	</string>
	<string id="mil_zoneguard_dialog_604">
		<text>Vamos la, junte-se a nos. E muito divertido.</text>
	</string>
	<string id="mil_zoneguard_dialog_605">
		<text>Vou pensar nisso.</text>
	</string>
	<string id="mil_zoneguard_dialog_607">
		<text>Cavalo falante?</text>
	</string>
	<string id="mil_zoneguard_dialog_608">
		<text>Errou o alvo.</text>
	</string>
	<string id="mil_zoneguard_dialog_609">
		<text>A-9?</text>
	</string>
	<string id="mil_zoneguard_dialog_610">
		<text>Navio de guerra afundado. Droga, pare de me enganar! Tem mais alguma coisa?</text>
	</string>
	<string id="mil_zoneguard_dialog_611">
		<text>Manda bala.</text>
	</string>
	<string id="mil_zoneguard_dialog_612">
		<text>Vinte e um. Droga, me pegou de novo! Voce e esperto. OK, entao voce nao sabe a senha, sabe?</text>
	</string>
	<string id="mil_zoneguard_dialog_613">
		<text>Voce vai me dizer?</text>
	</string>
	<string id="mil_zoneguard_dialog_614">
		<text>E, claaro.</text>
	</string>
	<string id="mil_zoneguard_dialog_615">
		<text>Vamos la, por favor, me deixe entrar. Eu nao posso passar a noite nos campos, posso?</text>
	</string>
	<string id="mil_zoneguard_dialog_616">
		<text>Por que nao - o tempo esta bom, quase como no verao. Bem, tudo bem, se voce passar no teste - voce pode ir, se nao - suma daqui.</text>
	</string>
	<string id="mil_zoneguard_dialog_617">
		<text>O teste?</text>
	</string>
	<string id="mil_zoneguard_dialog_618">
		<text>Claro. Tres coisas que todo homem de verdade tem que saber.</text>
	</string>
	<string id="mil_zoneguard_dialog_619">
		<text>Nao estou com medo. Va em frente.</text>
	</string>
	<string id="mil_zoneguard_dialog_620">
		<text>OK, a mais facil primeiro. Pronto? Tudo bem, qual e o tamanho do sutia da Pamela Anderson?</text>
	</string>
	<string id="mil_zoneguard_dialog_6200">
		<text>34 C.</text>
	</string>
	<string id="mil_zoneguard_dialog_6201">
		<text>Voce e um idiota de verdade. Va catar coquinho!</text>
	</string>
	<string id="mil_zoneguard_dialog_6202">
		<text>Droga.</text>
	</string>
	<string id="mil_zoneguard_dialog_6203">
		<text>35 D.</text>
	</string>
	<string id="mil_zoneguard_dialog_6204">
		<text>Voce e um idiota de verdade. Va catar coquinho!</text>
	</string>
	<string id="mil_zoneguard_dialog_6205">
		<text>36 DD.</text>
	</string>
	<string id="mil_zoneguard_dialog_6206">
		<text>Bom trabalho! Vejo que voce e o tipo certo de homem!</text>
	</string>
	<string id="mil_zoneguard_dialog_6207">
		<text>Sim, eu sou.</text>
	</string>
	<string id="mil_zoneguard_dialog_6208">
		<text>Um pouco mais dificil agora! OK... Qual e a capacidade de um cartucho que vai para a submetralhadora russa Bizon?</text>
	</string>
	<string id="mil_zoneguard_dialog_6300">
		<text>Vinte e cinco.</text>
	</string>
	<string id="mil_zoneguard_dialog_6301">
		<text>Sessenta e oito.</text>
	</string>
	<string id="mil_zoneguard_dialog_6302">
		<text>Cinquenta e quatro.</text>
	</string>
	<string id="mil_zoneguard_dialog_6400">
		<text>Incrivel! Estou gostando cada vez mais de voce... nao me entenda mal, nao desse jeito!</text>
	</string>
	<string id="mil_zoneguard_dialog_6401">
		<text>Claro.</text>
	</string>
	<string id="mil_zoneguard_dialog_6402">
		<text>Para a terceira! Qual e a velocidade de voo de uma andorinha sul-africana?</text>
	</string>
	<string id="mil_zoneguard_dialog_6403">
		<text>Uma sul-africana o que?!</text>
	</string>
	<string id="mil_zoneguard_dialog_6404">
		<text>Andorinha!</text>
	</string>
	<string id="mil_zoneguard_dialog_6405">
		<text>Como eu vou saber disso?! Voce sequer tem a resposta?</text>
	</string>
	<string id="mil_zoneguard_dialog_6406">
		<text>Claro que nao. Essa e a questao, nao consigo resolver esse quebra-cabeca... Bem, OK, voce pode passar.</text>
	</string>
	<string id="mil_zoneguard_dialog_6407">
		<text>Uau, cara!</text>
	</string>
	<string id="mil_zoneguard_dialog_81">
		<text>OK, quer tentar de novo? Tudo bem. Pergunta: qual e o tamanho do sutia da Dotty Strangelove?</text>
	</string>
	<string id="mil_zoneguard_dialog_91">
		<text>Voce e insistente! Repito: qual e a capacidade do carregador que vai para a SMG russa Bizon?</text>
	</string>
</string_table>
