	<string id="descr_bar_crazy_veterans_quest">
		<text>Barkeep: "O Duty tem uma reputacao a zelar. E por isso que eles querem que isso seja feito silenciosamente. Tudo o que voce precisa fazer e matar o lider chamado Lucky e trazer o PDA dele como prova."</text>
	</string>
	<string id="descr_bar_dolg_community_quest">
		<text>Para se juntar ao Duty, voce precisara da aprovacao de um dos lutadores mais respeitados do grupo e tambem provar ao lider da Duty que voce e digno de seu lugar em suas fileiras.</text>
	</string>
	<string id="descr_bar_dolg_svoboda_ambush_quest">
		<text>Barkeep: "Sua missao e matar Tyran, o lider dos Mercs. Sua equipe chegou ao Wild Territory e montou uma base no canteiro de obras. Tenha cuidado, alguns de seus lutadores montaram emboscadas no caminho para o local. Traga-me o PDA de Tyran e a recompensa e sua."</text>
	</string>
	<string id="descr_bar_dolg_svoboda_leader_kill_quest">
		<text>General Voronin: "A guerra com a Freedom esta chegando ao fim, Marked One. Voce desempenhou seu papel na luta pela causa! Agora quero terminar esta guerra. O lider da Freedom deve ser eliminado."</text>
	</string>
	<string id="descr_bar_dolg_test_quest">
		<text>Capitao Ivantsov: "...antes de chegarmos as conclusoes, passe em um teste facil. Voce tem que pegar uma pasta do predio abandonado em frente. Nao e dificil, basta entrar, pegar a pasta e traze-la para mim. Moleza, certo? Quando eu tiver a pasta, decidiremos se voce esta apto a se juntar ao Duty ou nao."</text>
	</string>
	<string id="descr_bar_hunter_rifle">
		<text>Hunter: "Traga o rifle de volta. Perdi-o no lugar onde os sanguessugas vivem. Vou enviar as coordenadas para voce. E tenha cuidado, aqueles bastardos nao sao brincadeira."</text>
	</string>
	<string id="descr_bar_kill_professor">
		<text>Wolfhound: "Temos uma pequena cacada acontecendo aqui. Prendemos os cientistas la atras do helicoptero. Meus rapazes estao atirando neles de vez em quando para garantir que eles nao escapem. Junte-se a nos, estamos prestes a entrar e acabar com eles. Se voce nos ajudar, eu lhe darei o traje dos cientistas... nos o encontramos no helicoptero que derrubamos. Seu alvo e o professor Kruglov. Mate-o ou ele fugira durante o tiroteio, conheco o tipo dele. Se voce o matar, o traje e seu, se nao, voce nao ganha nada."</text>
	</string>
	<string id="descr_bar_radar_deactivate">
		<text>Barkeep: "Voce tem o prototipo de protecao para se proteger contra o Brain Scorcher, conheco as coordenadas de um bunker. Nao se esqueca que o prototipo nao pode proteger contra a emissao para sempre, entao voce deve chegar ao bunker sob as antenas e desligar o Scorcher. Tudo o que voce precisa fazer e chegar as antenas e desliga-las."</text>
	</string>
	<string id="descr_bar_resque_information">
		<text>Kruglov: "Stalker, ajuda! Fomos atacados pelos Mercs e metade de nossa equipe esta morta. Ajude-nos e voce nao se arrependera"\n \n "...tenha cuidado, ha cerca de quinze deles, mas nao sabemos ao certo"</text>
	</string>
	<string id="descr_bar_resque_information_2">
		<text>Kruglov: "Estavamos voltando de Yantar, quando os Mercs nos derrubaram. As pessoas dizem que precisam de informacoes, mas eu sei melhor - eles vao atirar em todos nos. Leve-me para Yantar e eu lhe direi o que sei sobre seu Brain Scorcher, e Barkeep lhe pagara bem por isso. Eu sou um pessimo guerreiro, mas conheco o caminho, entao eu lidero e voce nos cobre ao longo do caminho."</text>
	</string>
	<string id="descr_bar_x16_documents">
		<text>Barkeep: "Voce precisa chegar aos cientistas e descobrir onde o Lab X16 esta localizado para encontrar os documentos perdidos."</text>
	</string>
	<string id="journal_after_agroprom_documents">
		<text>Examinei os documentos encontrados no Instituto. Parece que o Instituto foi usado como fachada para um laboratorio nao oficial chamado X18 nos anos anteriores ao acidente. Este laboratorio hospedou uma serie de experimentos muito incomuns; sua localizacao nao esta clara nos documentos e os militares tambem nao parecem saber nada sobre isso. Bem, bem... a trama se complica... Mas talvez este seja o ponto de partida que os traders precisam. Agora tenho que viajar mais para o norte ate um trader conhecido como Barkeep.</text>
	</string>
	<string id="journal_bar_darklab_documents">
		<text>Inferno... Lab X18 nao foi divertido... e seus residentes atuais... Eu nao pensei que coisas assim existissem. Encontrei alguns documentos... Nao entendi muito do que estava escrito la, exceto que eles continham especificacoes tecnicas para alguns componentes para emissores Kaimanov. O interessante e que as pecas eram destinadas a outro laboratorio com o codinome X16 e provavelmente tambem e um secreto.</text>
	</string>
	<string id="journal_bar_x16_documents">
		<text>Hmm... Os traders desenterraram muitas informacoes sobre esses laboratorios. Barkeep nao ficou surpreso ao descobrir sobre os emissores e o X16. Agora ele esta convencido de que este Brain Scorcher e feito pelo homem. Ele acha que o Lab X16 esta perto do acampamento dos cientistas perto do Lago Yantar. E interessante que eles estejam estudando emissoes que se assemelham aos efeitos do Scorcher. Entao agora devo fazer uma visita a comunidade cientifica da Zona.</text>
	</string>
	<string id="journal_before_darklab_documents">
		<text>Encontrei-me com Barkeep. Depois de examinar os documentos do Instituto, ele acha que este X18 esta no chamado Dark Valley e me pediu para ir la procurar informacoes e documentos. Ele diz que enviou batedores da Duty para entrar nos cofres subterraneos la, mas eles desapareceram. Barkeep acha que eles foram capturados por bandidos que tem uma base proxima. Se isso for verdade, tudo o que aqueles caras da Duty encontraram estara nas maos de Borov, o lider dos bandidos. Barkeep me disse para ter cuidado e... claramente nao me disse tudo sobre esses cofres subterraneos. Ah, bem, hora de trabalhar: primeiro de tudo, preciso fazer uma visita a Borov e, se a "conversa" correr bem, explorarei o subterraneo.</text>
	</string>
	<string id="journal_before_radar_task">
		<text>Bem, estou pronto para ir ao Scorcher. Descobri com Louco os horarios em que os niveis de emissao diminuem. Ele tambem me contou sobre um lugar seguro onde posso esperar por esses periodos. Minha protecao psi nao funcionara em outros momentos de qualquer maneira. Terei que encontrar uma maneira de entrar no bunker subterraneo do Lab X19. La dentro, devo encontrar os controles para as antenas do Brain Scorcher.</text>
	</string>
	<string id="st_gordon_diary">
		<text>PDA de Gordon</text>
	</string>
