<?xml version="1.0" encoding="windows-1251" ?>
<string_table>
	<string id="bar_arena_man_job_0">
		<text>Continue...</text>
	</string>
	<string id="bar_arena_man_job_11">
		<text>Entao, sua primeira luta? Seu oponente e um pedaco de carne como voce. Ele esta aqui por causa de dividas e so tem duas opcoes: sair e lutar ou se jogar na anomalia mais proxima. Ele vai lutar como um animal encurralado. Equipamento para hoje... deixa eu pensar... OK! Por que voces dois nao usam PMms... dois pentes cada devem ser suficientes. Ou voce chuta a bunda dele ou nos te damos para os caes - nao ha muita escolha. Va agora.</text>
	</string>
	<string id="bar_arena_man_job_111">
		<text>Estou pronto.</text>
	</string>
	<string id="bar_arena_man_job_112">
		<text>Nao estou pronto.</text>
	</string>
	<string id="bar_arena_man_job_12">
		<text>Sua ultima luta nao significou merda nenhuma. Voce ainda e o mesmo pedaco de carne que era antes e nenhuma pessoa que se preze vai apostar um unico pente em voce. Se voce quer ganhar algum dinheiro de verdade, vai ter que fazer mais algumas aparicoes na arena. Seu novo oponente tambem passou da primeira rodada e a luta dele foi muito mais dificil que a sua. Nao gosto dele, para ser sincero - ele mata muito rapido e a multidao nao gosta disso. Entao, va la e mostre do que voce e capaz! As apostas vao aumentar depois desta luta - tudo o que voce precisa fazer e ficar vivo. Mexa-se!</text>
	</string>
	<string id="bar_arena_man_job_121">
		<text>Estou pronto.</text>
	</string>
	<string id="bar_arena_man_job_122">
		<text>Nao estou pronto.</text>
	</string>
	<string id="bar_arena_man_job_13">
		<text>Bem, bem... Voce nao e tao covarde quanto parecia no comeco. Agora e hora de te testar em uma luta de verdade. Voce vai enfrentar dois caras. O primeiro se chama Sueco e nao me lembro do nome do segundo. Eles foram colocados juntos de proposito porque se odeiam, entao nao se preocupe com eles trabalhando em equipe - e mais provavel que atirem um no outro. Hoje e dia de rifle, entao nao deixe que eles cheguem muito perto ou teremos que te pegar em pedacos. As chances sao de 10:1, entao se voce ganhar, vai ganhar uma boa grana. Va!</text>
	</string>
	<string id="bar_arena_man_job_131">
		<text>Estou pronto.</text>
	</string>
	<string id="bar_arena_man_job_132">
		<text>Nao estou pronto.</text>
	</string>
	<string id="bar_arena_man_job_14">
		<text>Bem, agora posso dizer com seguranca que voce e um lutador, um lutador de verdade. Agora e hora de uma luta em equipe. Voce vai lutar com dois novatos - dois irmaos - do seu lado. Eles ainda nao lutaram, mas sao irmaos, entao tive que coloca-los em uma luta em equipe. Eu nao esperaria nenhuma ajuda real deles se fosse voce. Voce esta lutando contra uma equipe experiente, eles sao candidatos a final desta temporada. Um grupo perigoso. Eles usam armas diferentes, mas um tem uma espingarda automatica - tenha muito cuidado com ele. Boa sorte, amigo... voce vai precisar.</text>
	</string>
	<string id="bar_arena_man_job_141">
		<text>Estou pronto.</text>
	</string>
	<string id="bar_arena_man_job_142">
		<text>Nao estou pronto.</text>
	</string>
	<string id="bar_arena_man_job_15">
		<text>Voce tem uma luta especial hoje. Ate o exercito ouviu falar de voce! Nao se surpreenda, eles lutam aqui tambem - tem ate um general na multidao. Esses caras sao da Spetsnaz ou da OMON. Eles estao bem armados e a armadura deles e tao boa quanto voce esperaria. Nao se preocupe, eu tambem nao vou te deixar na chuva. Voce vai ganhar um colete usado pela Freedom - e leve, entao nao vai te deixar lento. Va la, mostre a eles que os stalkers nao sao meninos de recados. Boa sorte!</text>
	</string>
	<string id="bar_arena_man_job_151">
		<text>Estou pronto.</text>
	</string>
	<string id="bar_arena_man_job_152">
		<text>Nao estou pronto.</text>
	</string>
	<string id="bar_arena_man_job_16">
		<text>Hora de voce mostrar do que e capaz. O Duty capturou um grupo de bandidos que estavam causando problemas para os stalkers perto de Rostok. O Duty os pegou a noite, entao a maioria dos bandidos foi pega viva. Eles seriam todos executados de qualquer maneira, entao convenci a Duty a dar a eles uma chance. Se algum deles sobreviver, vai para a cadeia fora da Zona, o que e melhor do que morrer aqui. Eles nao estao bem armados - apenas algumas pistolas e serradas - mas sao seis, entao tome cuidado. Va agora!</text>
	</string>
	<string id="bar_arena_man_job_161">
		<text>Estou pronto.</text>
	</string>
	<string id="bar_arena_man_job_162">
		<text>Nao estou pronto.</text>
	</string>
	<string id="bar_arena_man_job_17">
		<text>Bem, voce esta quase na final. Agora voce vai lutar contra um stalker de verdade. Ele esta sozinho, mas tem uma FT 200M e esta dentro de um exoesqueleto. Pegue um disparo e voce vira torrada. Havera uma surpresa que nao posso te contar tambem... Aqui esta meu conselho: esteja preparado, vai ser dificil. O vencedor passa para a final. Lute ate a morte, va!</text>
	</string>
	<string id="bar_arena_man_job_171">
		<text>Estou pronto.</text>
	</string>
	<string id="bar_arena_man_job_172">
		<text>Nao estou pronto.</text>
	</string>
	<string id="bar_arena_man_job_18">
		<text>Parabens, voce esta na final! Mais um para ir e este e ate a morte, cada um por si. Havera outros 4 stalkers na arena: todos profissionais de verdade em exoesqueletos com GP-37s, mas e um acordo justo desta vez - voce tera exatamente o que eles tem. A unica coisa e que voce nao ganha kits medicos ou bandagens em uma luta ate a morte. Pronto? Va provar que voce e o melhor, VA!</text>
	</string>
	<string id="bar_arena_man_job_181">
		<text>Estou pronto.</text>
	</string>
	<string id="bar_arena_man_job_182">
		<text>Nao estou pronto.</text>
	</string>
	<string id="bar_arena_man_start_11">
		<text>Yo! Tenho uma nova luta para voce.</text>
	</string>
	<string id="bar_arena_man_start_21">
		<text>Va beber alguma coisa. A Arena ainda nao esta pronta.</text>
	</string>
	<string id="bar_arena_man_start_31">
		<text>Voce ja se tornou um profissional!!!</text>
	</string>
	<string id="bar_arena_man_start_41">
		<text>Voce venceu! Aqui esta sua recompensa.</text>
	</string>
	<string id="bar_arena_man_start_51">
		<text>Voce nao e experiente o suficiente para esta luta.</text>
	</string>
	<string id="bar_bar_barman_ecolog_flash_done_0">
		<text>Aqui esta o pendrive que o professor Kruglov me deu.</text>
	</string>
	<string id="bar_bar_barman_ecolog_flash_done_21">
		<text>Bom garoto. Acho que a Duty ficara muito grato por esta informacao. Aqui esta sua recompensa.</text>
	</string>
	<string id="bar_bar_barman_ecolog_flash_done_31">
		<text>Bem, bem. Informacao? Diretamente do professor Kruglov? Voce esta me zoando ou o que? "Eu sou o professor Kruglov e estou excluindo relatorios sobre nossa pesquisa pelo bem da ciencia e da humanidade..." E esta e a informacao que voce deveria ter obtido!? Bem, merda... Tenho certeza de que a Duty ficara "feliz" com isso.</text>
	</string>
	<string id="bar_bar_barman_killer_ambush_0">
		<text>Cumpri minha missao. Aqui esta o PDA de Tyran.</text>
	</string>
	<string id="bar_bar_barman_killer_ambush_1">
		<text>Uau, Marked One. Otimo trabalho! O que posso dizer? Voce me fez feliz, cara. Eu nao tinha certeza de que voce conseguiria, para ser honesto... mas voce esta vivo e eles nao!</text>
	</string>
	<string id="bar_bar_barman_killer_ambush_2">
		<text>E a minha recompensa?</text>
	</string>
	<string id="bar_bar_barman_killer_ambush_3">
		<text>Aqui. Sua recompensa conforme prometido.</text>
	</string>
	<string id="bar_bar_barman_veterans_finish_0">
		<text>Aqui esta o PDA de Lucky. Fiz o que voce pediu.</text>
	</string>
	<string id="bar_bar_barman_veterans_finish_1">
		<text>Legal, Marked One. Otimo trabalho! O que posso dizer? Voce me fez feliz, cara. Eu nao tinha certeza de que voce conseguiria, para ser honesto... mas voce esta vivo e eles nao!</text>
	</string>
	<string id="bar_bar_barman_veterans_finish_11">
		<text>E a recompensa?</text>
	</string>
	<string id="bar_bar_barman_veterans_finish_111">
		<text>Voce e um heroi, cara, um heroi de verdade. Aqui, isso deve te deixar feliz.</text>
	</string>
	<string id="bar_bar_barmen_jobs_0">
		<text>Voce tem algum trabalho especial?</text>
	</string>
	<string id="bar_bar_barmen_jobs_111">
		<text>Nao, nao tenho nada hoje.</text>
	</string>
	<string id="bar_bar_barmen_jobs_21">
		<text>Va direto ao ponto. O que eu tenho que fazer?</text>
	</string>
	<string id="bar_bar_barmen_jobs_221">
		<text>Nao, nao tenho nada hoje.</text>
	</string>
	<string id="bar_bar_barmen_jobs_2311">
		<text>Tenho uma missao seria. Um grupo de assassinos veteranos apareceu novamente no Wild Territory. Algumas pessoas da Duty vieram ate mim e pediram para eu lidar com esses veteranos. O Duty tem provas solidas de que eles sao responsaveis pelas mortes de stalkers solitarios. O problema e que esses veteranos e a Duty tem um acordo antigo e a Duty nao pode quebra-lo, mas esses caras estao realmente forcando a barra. Basicamente, a Duty quer que eles sejam eliminados, de forma discreta. Nao vai ser facil, mas o trabalho vale muita grana.</text>
	</string>
	<string id="bar_bar_barmen_jobs_23111">
		<text>Algo mais? Parece estranho que a Duty esteja deixando eles escaparem impunes.</text>
	</string>
	<string id="bar_bar_barmen_jobs_231111">
		<text>O Duty valoriza sua reputacao, e e por isso que eles precisam que isso seja feito discretamente. Tudo o que voce precisa fazer e matar o lider deles, Lucky, e me trazer o PDA dele como prova.</text>
	</string>
	<string id="bar_bar_barmen_jobs_2311111">
		<text>Eu vou fazer isso. Espero nao me arrepender de ter aceitado.</text>
	</string>
	<string id="bar_bar_barmen_jobs_23111111">
		<text>Boa decisao, cara. Nao ha nada para se arrepender.</text>
	</string>
	<string id="bar_bar_barmen_jobs_2311112">
		<text>Nao, nao estou pronto para isso.</text>
	</string>
	<string id="bar_bar_barmen_jobs_23111121">
		<text>Voce decide, mas lembre-se que esta e uma boa oportunidade de ganhar a gratidao da Duty.</text>
	</string>
	<string id="bar_bar_barmen_jobs_24">
		<text>Va direto ao ponto. O que eu tenho que fazer?</text>
	</string>
	<string id="bar_bar_barmen_jobs_241">
		<text>Sua missao e matar Tyran, o lider dos Mercs. A equipe dele entrou no Wild Territory e montou uma base no canteiro de obras. Tenha cuidado, alguns dos lutadores deles montaram emboscadas no caminho para o local. Traga-me o PDA de Tyran e a recompensa e sua.</text>
	</string>
	<string id="bar_bar_barmen_jobs_2411">
		<text>Eu vou fazer isso. Espero nao me arrepender de ter aceitado.</text>
	</string>
	<string id="bar_bar_barmen_jobs_24111">
		<text>Boa decisao, cara. Nao ha nada para se arrepender.</text>
	</string>
	<string id="bar_bar_barmen_jobs_2412">
		<text>Nao, nao estou pronto para isso.</text>
	</string>
	<string id="bar_bar_barmen_jobs_24121">
		<text>Como desejar.</text>
	</string>
	<string id="bar_bar_barmen_jobs_251">
		<text>Nao, nao tenho nada hoje.</text>
	</string>
	<string id="bar_bar_barmen_jobs_261">
		<text>Sua missao e matar Tyran, o lider dos Mercs. A equipe dele entrou no Wild Territory e montou uma base no canteiro de obras. Tenha cuidado, alguns dos lutadores deles montaram emboscadas no caminho para o local. Traga-me o PDA de Tyran e a recompensa e sua.</text>
	</string>
	<string id="bar_bar_barmen_jobs_2611">
		<text>Eu vou fazer isso. Espero nao me arrepender de ter aceitado.</text>
	</string>
	<string id="bar_bar_barmen_jobs_26111">
		<text>Boa decisao, cara. Nao ha nada para se arrepender.</text>
	</string>
	<string id="bar_bar_barmen_jobs_2612">
		<text>Nao, nao estou pronto para isso.</text>
	</string>
	<string id="bar_bar_barmen_jobs_26121">
		<text>Como desejar.</text>
	</string>
	<string id="bar_bar_barmen_jobs_266">
		<text>Nao, nao tenho nada hoje.</text>
	</string>
	<string id="bar_bar_barmen_jobs_271">
		<text>Nao se deixe levar, Marked One. Voce esta procurando mais trabalho, mas ainda nem lidou com os veteranos...</text>
	</string>
	<string id="bar_bar_barmen_jobs_311">
		<text>Nao, nada hoje.</text>
	</string>
	<string id="bar_bar_barmen_jobs_321">
		<text>Tenho uma missao seria. Um grupo de assassinos veteranos apareceu novamente no Wild Territory. Algumas pessoas da Duty vieram ate mim e pediram para eu lidar com esses veteranos. O Duty tem provas solidas de que eles sao responsaveis pelas mortes de stalkers solitarios. O problema e que esses veteranos e a Duty tem um acordo antigo e a Duty nao pode quebra-lo, mas esses caras estao realmente forcando a barra. Basicamente, a Duty quer que eles sejam eliminados, de forma discreta. Nao vai ser facil, mas o trabalho vale muita grana.</text>
	</string>
	<string id="bar_bar_barmen_jobs_3211">
		<text>Algo mais?</text>
	</string>
	<string id="bar_bar_barmen_jobs_32111">
		<text>O Duty valoriza sua reputacao, e e por isso que eles precisam que isso seja feito discretamente. Tudo o que voce precisa fazer e matar o lider deles, Lucky, e me trazer o PDA dele como prova.</text>
	</string>
	<string id="bar_bar_barmen_jobs_32112">
		<text>Eu vou fazer isso.</text>
	</string>
	<string id="bar_bar_barmen_jobs_321121">
		<text>Boa decisao, cara. Nao ha nada para se arrepender.</text>
	</string>
	<string id="bar_bar_barmen_jobs_32113">
		<text>Nao, nao estou pronto para isso.</text>
	</string>
	<string id="bar_bar_barmen_jobs_321131">
		<text>Voce decide, mas lembre-se que esta e uma boa oportunidade de ganhar a gratidao da Duty.</text>
	</string>
	<string id="bar_bar_barmen_jobs_32121">
		<text>texto padrao</text>
	</string>
	<string id="bar_bar_barmen_jobs_331">
		<text>Sua missao e matar Tyran, o lider dos Mercs. A equipe dele entrou no Wild Territory e montou uma base no canteiro de obras. Tenha cuidado, alguns dos lutadores deles montaram emboscadas no caminho para o local. Traga-me o PDA de Tyran e a recompensa e sua.</text>
	</string>
	<string id="bar_bar_barmen_jobs_3312">
		<text>Eu vou fazer isso.</text>
	</string>
	<string id="bar_bar_barmen_jobs_33121">
		<text>Boa decisao, cara. Nao ha nada para se arrepender.</text>
	</string>
	<string id="bar_bar_barmen_jobs_3313">
		<text>Nao, nao estou pronto para isso.</text>
	</string>
	<string id="bar_bar_barmen_jobs_33131">
		<text>Como desejar.</text>
	</string>
	<string id="bar_bar_barmen_jobs_341">
		<text>Nao, nada hoje.</text>
	</string>
	<string id="bar_bar_barmen_jobs_351">
		<text>Nao, nada hoje.</text>
	</string>
	<string id="bar_bar_barmen_jobs_361">
		<text>Nao, nada hoje.</text>
	</string>
	<string id="bar_bar_barmen_jobs_371">
		<text>Nao, nao tenho nada hoje.</text>
	</string>
	<string id="bar_bar_barmen_jobs_41">
		<text>Ainda nao, da proxima vez.</text>
	</string>
	<string id="bar_bar_barmen_jobs_441">
		<text>Tenho um trabalho para um profissional.</text>
	</string>
	<string id="bar_bar_barmen_jobs_442">
		<text>Va direto ao ponto. O que eu tenho que fazer?</text>
	</string>
	<string id="bar_bar_barmen_jobs_443">
		<text>Sua missao e matar Tyran, o lider dos Mercs. A equipe dele entrou no Wild Territory e montou uma base no canteiro de obras. Tenha cuidado, alguns dos lutadores deles montaram emboscadas no caminho para o local. Traga-me o PDA de Tyran e a recompensa e sua.</text>
	</string>
	<string id="bar_bar_barmen_jobs_4431">
		<text>Eu vou fazer isso. Espero nao me arrepender de ter aceitado.</text>
	</string>
	<string id="bar_bar_barmen_jobs_44311">
		<text>Boa decisao, cara. Nao ha nada para se arrepender.</text>
	</string>
	<string id="bar_bar_barmen_jobs_4432">
		<text>Nao, nao estou pronto para isso.</text>
	</string>
	<string id="bar_bar_barmen_jobs_44321">
		<text>Como desejar.</text>
	</string>
	<string id="bar_bar_barmen_jobs_444">
		<text>Nao, nao estou interessado agora.</text>
	</string>
	<string id="bar_bar_barmen_jobs_52">
		<text>Nao, nao tenho nada hoje.</text>
	</string>
	<string id="bar_bar_barmen_jobs_531">
		<text>Nao, nao tenho nada hoje.</text>
	</string>
	<string id="bar_bar_barmen_jobs_541">
		<text>Nao, nao tenho nada hoje.</text>
	</string>
	<string id="bar_bar_barmen_jobs_62">
		<text>Nao, nao tenho nada hoje.</text>
	</string>
	<string id="bar_bar_barmen_jobs_72">
		<text>Nao, nao tenho nada hoje.</text>
	</string>
	<string id="bar_bar_barmen_start_1111">
		<text>Vamos comecar. Voce esta pronto?</text>
	</string>
	<string id="bar_bar_barmen_start_1131">
		<text>Hmm... De onde voce veio?</text>
	</string>
	<string id="bar_bar_barmen_start_121">
		<text>Entao, Marked One, voce pegou os documentos do X16?</text>
	</string>
	<string id="bar_bar_barmen_start_1211">
		<text>Sim. Aqui.</text>
	</string>
	<string id="bar_bar_barmen_start_1212">
		<text>Nao.</text>
	</string>
	<string id="bar_bar_barmen_start_12121">
		<text>Droga! Estou aqui, me matando de trabalhar enquanto voce esta vagando pela floresta! Va pegar esses malditos documentos ou nao faremos nenhum progresso!</text>
	</string>
	<string id="bar_bar_barmen_start_121211">
		<text>OK.</text>
	</string>
	<string id="bar_bar_barmen_start_131">
		<text>Bem, Marked One, agora so precisamos lidar com o Brain Scorcher e abrir o caminho para o norte! Voce esta pronto para ir agora?</text>
	</string>
	<string id="bar_bar_barmen_start_1312">
		<text>Sim.</text>
	</string>
	<string id="bar_bar_barmen_start_13121">
		<text>OK, Marked One, voce tem o prototipo de protecao, entao estara seguro das emissoes. Eu tenho as coordenadas do bunker. Nao se esqueca de que o prototipo nao o protegera para sempre, entao voce precisa chegar ao bunker o mais rapido possivel e desligar o Brain Scorcher. Nao sei o que acontecera depois disso, mas tenho certeza de que valera a pena. A unica coisa de que podemos ter certeza e que a estrada para o centro da Zona estara aberta.</text>
	</string>
	<string id="bar_bar_barmen_start_1313">
		<text>Continue.</text>
	</string>
	<string id="bar_bar_barmen_start_1314">
		<text>Tudo o que precisamos fazer e chegar as antenas e desativa-las. Entendido?</text>
	</string>
	<string id="bar_bar_barmen_start_1315">
		<text>Entendido.</text>
	</string>
	<string id="bar_bar_barmen_start_1316">
		<text>Ah, sim, mais uma coisa! O lider da Duty, marquei ele no mapa, precisa de um voluntario para realizar algum tipo de tarefa nos armazens militares. Se voce estiver interessado, pode dar uma passada la. Vou falar com os guardas, eles vao deixar voce entrar.</text>
	</string>
	<string id="bar_bar_barmen_start_132">
		<text>Nao, ainda nao estou pronto.</text>
	</string>
	<string id="bar_bar_barmen_start_1321">
		<text>Prepare-se, Marked One! Esta tarefa nao pode esperar!</text>
	</string>
	<string id="bar_bar_barmen_start_151">
		<text>OK, os documentos que voce trouxe do Instituto esclarecem algumas coisas, mas ainda estamos perdendo as informacoes de que precisamos para ter uma visao completa. Um laboratorio designado X18 e mencionado e sua descricao corresponde aos cofres subterraneos abandonados no Dark Valley. Parece que voce tera que ir la e obter as informacoes de que precisamos. O laboratorio esta fechado e voce precisara de duas chaves eletronicas para entrar. Eu te darei uma, mas voce tera que pegar a outra com Javali no Dark Valley.</text>
	</string>
	<string id="bar_bar_barmen_start_1511">
		<text>Continue.</text>
	</string>
	<string id="bar_bar_barmen_start_15111">
		<text>Tudo o que voce precisa fazer e adquirir a segunda chave para o Lab X18, entrar e recuperar o segundo lote de documentos. Nao se esqueca de conseguir um traje de protecao ou voce nao tera a menor chance de chegar ao laboratorio. Entao, voce vai fazer isso?</text>
	</string>
	<string id="bar_bar_barmen_start_15112">
		<text>Eu vou tentar.</text>
	</string>
	<string id="bar_bar_barmen_start_15113">
		<text>Otimo! Estarei esperando.</text>
	</string>
	<string id="bar_bar_barmen_start_15114">
		<text>Nao, nao quero fazer isso ainda.</text>
	</string>
	<string id="bar_bar_barmen_start_15115">
		<text>Voce decide, mas lembre-se: esta e a unica maneira que pode nos ajudar a abrir a estrada para o norte.</text>
	</string>
	<string id="bar_bar_barmen_start_161">
		<text>O que voce quer, Marked One?</text>
	</string>
	<string id="bar_bar_barmen_start_162">
		<text>Ei, Marked One! Os tempos mudam, mas voce continua rabugento e distante. Aqui, sente-se, beba um gole - pode te deixar mais legal...</text>
	</string>
	<string id="bar_bar_barmen_start_171">
		<text>Entao, Marked One, voce trouxe os documentos do X18?</text>
	</string>
	<string id="bar_bar_barmen_start_172">
		<text>Sim. Aqui.</text>
	</string>
	<string id="bar_bar_barmen_start_1721">
		<text>Bom, a situacao esta ficando mais clara. Como eu esperava, este Brain Scorcher e feito pelo homem. E um emissor experimental Kaymanov e seus componentes foram feitos exatamente no X18. Esses documentos se referem ao laboratorio X16, onde enviaram alguns componentes. De acordo com isso, o X16 esta localizado na area do complexo de producao perto do Lago Yantar. Os cientistas montaram um laboratorio movel por la, entao talvez eles possam ajudar.</text>
	</string>
	<string id="bar_bar_barmen_start_17211">
		<text>Continue.</text>
	</string>
	<string id="bar_bar_barmen_start_17212">
		<text>Nao e simples. Voce precisa chegar aos cientistas e descobrir onde fica o X16 para poder obter os documentos que faltam. Entao, voce esta pronto para isso?</text>
	</string>
	<string id="bar_bar_barmen_start_17213">
		<text>Sim.</text>
	</string>
	<string id="bar_bar_barmen_start_172131">
		<text>Otimo! Estarei esperando.</text>
	</string>
	<string id="bar_bar_barmen_start_17214">
		<text>Nao, ainda nao estou pronto.</text>
	</string>
	<string id="bar_bar_barmen_start_172141">
		<text>Entao se prepare rapido, Marked One! Esse tipo de negocio nao pode esperar.</text>
	</string>
	<string id="bar_bar_barmen_start_173">
		<text>Nao.</text>
	</string>
	<string id="bar_bar_barmen_start_1731">
		<text>Por que voce esta perdendo tempo? Va pegar esses malditos documentos ou nao faremos nenhum progresso!</text>
	</string>
	<string id="bar_bar_barmen_start_181">
		<text>O que voce quer, Marked One?</text>
	</string>
	<string id="bar_bar_barmen_start_182">
		<text>Ei, Marked One! Os tempos mudam, mas voce continua rabugento e distante. Aqui, sente-se, beba um gole - pode te deixar mais legal...</text>
	</string>
	<string id="bar_bar_barmen_start_2">
		<text>Ei, Marked One! Voce trouxe os documentos do Instituto?</text>
	</string>
	<string id="bar_bar_barmen_start_21">
		<text>Nao, ainda nao peguei os documentos do Instituto.</text>
	</string>
	<string id="bar_bar_barmen_start_211">
		<text>Isso nao e bom, Marked One, nao e nada bom... Voce entende o quanto precisamos deles, nao e? Precisamos deles muito, acredite em mim. O Brain Scorcher esta bem debaixo do nosso nariz, mas nem sabemos o que e! Va pegar os documentos agora mesmo - conversamos depois disso.</text>
	</string>
	<string id="bar_bar_barmen_start_2111">
		<text>Acho que entendi.</text>
	</string>
	<string id="bar_bar_barmen_start_22">
		<text>Aqui estao os documentos do Instituto.</text>
	</string>
	<string id="bar_bar_barmen_start_221">
		<text>Otimo trabalho, Marked One! Finalmente temos os documentos. Preciso dar uma olhada neles agora e talvez descubra como ir para o norte. Enquanto isso, se voce tiver problemas com dinheiro, pode lutar na Arena. O dono da Arena e Arni, carreguei as coordenadas dele.</text>
	</string>
	<string id="bar_bar_barmen_start_2211">
		<text>OK.</text>
	</string>
	<string id="bar_bar_barmen_start_22111">
		<text>Agora escute!</text>
	</string>
	<string id="bar_bar_barmen_start_3">
		<text>O que voce quer, Marked One?</text>
	</string>
	<string id="bar_bar_barmen_start_4">
		<text>Ei, Marked One! Os tempos mudam, mas voce continua rabugento e distante. Aqui, sente-se, beba um gole - pode te deixar mais legal...</text>
	</string>
	<string id="bar_bar_barmen_talk_info_0">
		<text>Quero saber uma coisa.</text>
	</string>
	<string id="bar_bar_barmen_talk_info_1">
		<text>O que e?</text>
	</string>
	<string id="bar_bar_barmen_talk_info_10">
		<text>Obrigado.</text>
	</string>
	<string id="bar_bar_barmen_talk_info_3">
		<text>O que voce sabe sobre Strelok?</text>
	</string>
	<string id="bar_bar_barmen_talk_info_31">
		<text>Um stalker experiente, pelo que sei. Ele costumava "trabalhar" pelas saidas do norte da Zona. Quase nunca era visto por aqui, mas ha rumores de que ele levou seu grupo direto para o centro da Zona.</text>
	</string>
	<string id="bar_bar_barmen_talk_info_4">
		<text>O que voce sabe sobre um stalker chamado Ghost?</text>
	</string>
	<string id="bar_bar_barmen_talk_info_41">
		<text>Ele e um dos homens de Strelok. Dizem que ele pode entrar em qualquer lugar sem ser notado. Ouvi dizer que ele eliminou o lider de um grupo maluco... qual era o nome? Ah, 'Ultimo Dia', isso mesmo. Eles eram bem selvagens aqueles caras... Ah, a proposito, ouvi dizer que Ghost esta fazendo um trabalho para os cientistas, entao, se voce estiver procurando por ele, tente perto do Lago Yantar, no laboratorio movel.</text>
	</string>
	<string id="bar_bar_barmen_talk_info_51">
		<text>Ele e um velho stalker aposentado. Ele mora nos pantanos, vou marcar no mapa para voce. Ele costumava fazer parte do grupo de Strelok antigamente.</text>
	</string>
	<string id="bar_bar_barmen_talk_info_6">
		<text>O que voce sabe sobre um stalker chamado Fang?</text>
	</string>
	<string id="bar_bar_barmen_talk_info_61">
		<text>Havia um homem com esse nome, falava com a lingua presa... Ele era um pouco estranho, com certeza - falava sozinho e tal... mas parecia um cara legal. Nao o vejo no Bar ha tempos.</text>
	</string>
	<string id="bar_bar_barmen_talk_info_7">
		<text>Fale-me sobre os laboratorios cientificos moveis.</text>
	</string>
	<string id="bar_bar_barmen_talk_info_71">
		<text>Os cientistas os montam de vez em quando. Bunkers de metal isolados com tudo o que voce precisa para viver. Estamos em contato com um desses laboratorios em Yantar. Os cientistas sao caras legais - eles nos contam muitas coisas interessantes e nos os ajudamos quando podemos... Uma troca, digamos...</text>
	</string>
	<string id="bar_bar_barmen_talk_info_8">
		<text>O que e o Wish Granter?</text>
	</string>
	<string id="bar_bar_barmen_talk_info_81">
		<text>Oh! Essa e uma pergunta interessante... Quem dera eu soubesse a resposta. Posso te contar a lenda sobre o Granter, se quiser, mas voce decide por si mesmo quanta verdade ha nela. Quer ouvir?</text>
	</string>
	<string id="bar_bar_barmen_talk_info_811">
		<text>Bem, isso e muito interessante.</text>
	</string>
	<string id="bar_bar_barmen_talk_info_8111">
		<text>Esta lenda e sobre o Monolito, que pode ser o que causou o surgimento da Zona. Quando a Zona explodiu em 2006, eles evacuaram as pessoas que moravam perto dela e a propria Zona foi isolada pelo Exercito. Todo mundo estava em panico, ninguem sabia o que estava acontecendo, a Zona estava se expandindo e os laboratorios de campo nao podiam fazer nada! Muitas pessoas morreram la. Todo mundo tinha medo da radiacao, que poderia afetar metade da Europa. Depois que alguns anos se passaram, alguns caras imprudentes como voce apareceram. Eles se chamavam stalkers. Eles comecaram a passar pelos cordoes do exercito acreditando que havia coisas na Zona que os tornariam ricos. Pouco a pouco, eles trouxeram coisas estranhas, artefatos, o que acabou se transformando em uma corrida por eles. Os cientistas foram atras deles como loucos. Eles pagavam dinheiro fantastico por apenas uma bugiganga naquela epoca, nao como agora.</text>
	</string>
	<string id="bar_bar_barmen_talk_info_81111">
		<text>Continue...</text>
	</string>
	<string id="bar_bar_barmen_talk_info_811111">
		<text>Depois de um tempo, os primeiros contos e lendas sobre o que esta nas profundezas da Zona, perto da usina nuclear em ruinas, comecaram a circular. Foi tambem entao que um dos veteranos nos contou a historia do Monolito, que supostamente concede seus desejos. Voce deveria ter visto a histeria: homens experientes e sensatos comecaram a tentar chegar ao centro - todos queriam algo do Monolito. Recebemos alguns detalhes morbidos sobre o primeiro stalker que chegou ao Monolito...</text>
	</string>
	<string id="bar_bar_barmen_talk_info_8111111">
		<text>Continue... conte-me mais.</text>
	</string>
	<string id="bar_bar_barmen_talk_info_81111111">
		<text>Quando a Zona acabou de aparecer, muitas pessoas ficaram presas la dentro e isoladas do mundo exterior. A maioria delas morreu rapidamente, mas houve alguns sobreviventes sortudos que tentaram fazer algo a respeito. Um desses sobreviventes se encontrou perto da estacao e notou uma luz estranha la dentro. Sem volta, ele decidiu tentar se aproximar. Ele viu o telhado quebrado do sarcofago e a luz saindo por ele. Ele subiu na parede e olhou para dentro. Entre os destrocos de metal e concreto derretido, havia uma enorme rocha negra. Era o Monolito. O stalker conseguiu se livrar do "feitico" e percebeu que havia subido muito perto do sarcofago, que era altamente radioativo. Ele estava morrendo de medo, mas atraves do medo ele podia sentir o Monolito chamando por ele. O Monolito o chamou e ele viu coisas estranhas e inacreditaveis sobre o Monolito dentro de sua cabeca...</text>
	</string>
	<string id="bar_bar_barmen_talk_info_811111111">
		<text>Legal...</text>
	</string>
	<string id="bar_bar_barmen_talk_info_811111112">
		<text>Nao sei o que e verdade nesta historia e o que nao e, mas a questao e que o cara fez um desejo que se tornou realidade, enquanto a Zona cresceu 5 quilometros. Parece que a Zona engole mais terra para cada desejo que e concedido... Mas isso nao vai impedir os valentoes como voce. Eles continuam tentando chegar la com seus preciosos desejos em seus coracoes...</text>
	</string>
	<string id="bar_bar_barmen_talk_info_812">
		<text>Estou mais interessado em outras coisas no momento.</text>
	</string>
	<string id="bar_bar_barmen_talk_info_8121">
		<text>E problema seu, cara. O que exatamente voce quer saber?</text>
	</string>
	<string id="bar_bar_drunk_dolg_start_11">
		<text>Soluco... droga! Sim, estou bebado, estou bebado! Eles querem... eles... querem me expulsar da Duty se eu falhar nesta tarefa tambem... sabe? Mas eu nao estou... soluco... nao me sentindo muito... soluco... bem no momento... sabe...</text>
	</string>
	<string id="bar_bar_drunk_dolg_start_111">
		<text>Eu sinto muito por voce.</text>
	</string>
	<string id="bar_bar_drunk_dolg_start_21">
		<text>E ai? Alguma novidade? Voce nao detonou o pedacinho de merda, posso ver nos seus olhos. A vida e uma merda... Escuta, pelo menos bebe um gole comigo, quer, amigo?</text>
	</string>
	<string id="bar_bar_drunk_dolg_start_31">
		<text>Cara... soluco... voce... voce... voce me ajudou! Vamos beber pelo Duty... eu acho! E... Oh!</text>
	</string>
	<string id="bar_bar_hunter_quest_finish_0">
		<text>Eu encontrei. Aqui esta seu rifle.</text>
	</string>
	<string id="bar_bar_hunter_quest_finish_1">
		<text>Uau?! Voce encontrou meu rifle?! Fiquei sem palavras, cara! Muito obrigado! OBRIGADO! Estou muito grato! Voce realmente me ajudou, voce realmente ajudou. Caramba. Aqui, pegue isto - nao e muito, mas e tudo o que tenho. Nao vou esquecer sua ajuda e espero retribuir com o tempo. Escuta, vou te contar uma coisa. Ha uma casa estranha e tapada perto daquele lugar onde voce encontrou meu rifle. Ninguem sabe o que realmente tem la dentro, mas voce pode ver pelas janelas que ha anomalias la, muitas delas. Pode haver artefatos la dentro tambem... Nao sei como chegar la, no entanto.</text>
	</string>
	<string id="bar_bar_hunter_quest_start_0">
		<text>Continue.</text>
	</string>
	<string id="bar_bar_hunter_quest_start_1">
		<text>Eu te darei qualquer coisa! Apenas devolva meu rifle, imploro. Eu o perdi naquele lugar onde aqueles malditos sanguessugas vivem. Aqui estao as coordenadas. Tenha cuidado, no entanto. Sanguessugas nao sao do tipo amigavel.</text>
	</string>
	<string id="bar_bar_hunter_quest_start_11">
		<text>OK, vou tentar pegar seu rifle.</text>
	</string>
	<string id="bar_bar_hunter_quest_start_111">
		<text>Nao vou te enganar.</text>
	</string>
	<string id="bar_bar_hunter_quest_start_1111">
		<text>E do seu interesse.</text>
	</string>
	<string id="bar_bar_hunter_quest_start_12">
		<text>Nao. Tenho coisas mais importantes para fazer.</text>
	</string>
	<string id="bar_bar_hunter_quest_start_121">
		<text>Voce decide... mas espero que mude de ideia.</text>
	</string>
	<string id="bar_bar_hunter_quest_start_1212">
		<text>Veremos.</text>
	</string>
	<string id="bar_bar_hunter_start_11">
		<text>Tenho um grande problema, cara! Eu... eu perdi meu rifle de familia no Wild Territory. Eu queria atirar em alguns sanguessugas, mas mal consegui escapar. Droga! Escuta, irmao... se voce o trouxer de volta, eu te pago. Ganhei um pouco de dinheiro aqui e vou te dar tudo, so traga meu rifle de volta. E um rifle de familia, sabe, passado de pai para filho... E eu o perdi! Me acostumei com ele, e como uma extensao do meu braco agora...</text>
	</string>
	<string id="bar_bar_hunter_start_21">
		<text>Ei! Alguma novidade? Voce o encontrou?!</text>
	</string>
	<string id="bar_bar_hunter_start_31">
		<text>Obrigado, irmao! Nunca vou esquecer que voce me ajudou!</text>
	</string>
	<string id="bar_bar_osvedomitel_reward_0">
		<text>Wolfhound disse que voce tem algo para mim.</text>
	</string>
	<string id="bar_bar_osvedomitel_reward_1">
		<text>Claro. Aqui esta um lancador de granadas por ajuda-lo com Kruglov, e 1000 em dinheiro por cima. Vou te dar algumas informacoes uteis de graca para adocar o negocio tambem.</text>
	</string>
	<string id="bar_bar_osvedomitel_reward_2">
		<text>Obrigado.</text>
	</string>
	<string id="bar_bar_osvedomitel_reward_3">
		<text>Aqui esta o que eu tenho a dizer. Voce ajudou a Freedom e fez a escolha certa. Seu destino agora esta ligado ao da Freedom, e a Duty esta de olho em voce. Eu diria que voce deveria ir para a base militar abandonada e se juntar as fileiras da Freedom - eles precisam de bons lutadores. Havera tiroteios entre os grupos em breve e quem escolher o lado certo nao se arrependera.</text>
	</string>
	<string id="bar_bar_osvedomitel_start_11">
		<text>Trabalho como negociante de informacoes. Vendo informacoes importantes e compro mapas, documentos e registros de laboratorio. Minhas informacoes sao valiosas e muito uteis para quem as possui!</text>
	</string>
	<string id="bar_bar_osvedomitel_start_21">
		<text>Ola, Marked One. Voce ajudou a Freedom e fez a escolha certa. Seu destino agora esta ligado ao da Freedom e a Duty esta de olho em voce. Eu sugiro que voce va para a base militar abandonada e se junte a Freedom - eles precisam de bons lutadores.</text>
	</string>
	<string id="bar_bar_osvedomitel_start_211">
		<text>Vou pensar nisso.</text>
	</string>
	<string id="bar_bar_osvedomitel_start_2111">
		<text>Entao, Marked One, o que te traz aqui? Quer comprar alguma informacao ou esta vendendo hoje?</text>
	</string>
	<string id="bar_bar_osvedomitel_talk_0">
		<text>Entao voce esta conectado com a Freedom?</text>
	</string>
	<string id="bar_bar_osvedomitel_talk_1">
		<text>Nao posso responder a essa pergunta agora. Tudo o que posso dizer e que nao sou membro de nenhum grupo.</text>
	</string>
	<string id="bar_bar_osvedomitel_talk_about_freedom_0">
		<text>Fale-me sobre a faccao Freedom.</text>
	</string>
	<string id="bar_bar_osvedomitel_talk_about_freedom_1">
		<text>Claro, sem problema! A Freedom e um dos grupos mais antigos da Zona e o unico que se opoe abertamente as tropas do governo e as equipes de pesquisa. Seus fundadores estao mortos - foram mortos durante um grande banho de sangue depois que o exercito lancou uma grande forca de ataque na Zona, mas a capacidade de controlar a Zona de fora foi destruida ao mesmo tempo. Ha algumas evidencias que sugerem que a primeira Zona foi usada como um local secreto de testes de armas do exercito. Se isso for verdade, eles devem ter usado algumas merdas poderosas. Enfim, o que eu estava dizendo...? Ah, sim, a Freedom e o unico grupo que esta tentando impedir que o governo recupere o controle do local de testes. Deus sabe o que acontecera se eles comecarem a testar suas merdas novamente, entao a Freedom esta tentando resistir a todo custo.</text>
	</string>
	<string id="bar_bar_osvedomitel_talk_about_freedom_2">
		<text>E a Duty?</text>
	</string>
	<string id="bar_bar_osvedomitel_talk_about_freedom_3">
		<text>O Duty e basicamente controlado de fora pelo governo. O objetivo atual deles e limpar o territorio de mutantes e destruir a Freedom, que e o que eles estao fazendo no momento. Quando chegar a hora certa, eles lancarao uma grande forca de ataque na Zona e assumirao o controle da area.</text>
	</string>
	<string id="bar_bar_osvedomitel_talk_about_freedom_4">
		<text>Obrigado pela informacao.</text>
	</string>
	<string id="bar_bar_osvedomitel_trade_info_0">
		<text>Quero comprar algumas informacoes.</text>
	</string>
	<string id="bar_bar_osvedomitel_trade_info_21">
		<text>Agora, posso te vender informacoes sobre o grupo de Strelok praticamente de graca - 4000 rublos.</text>
	</string>
	<string id="bar_bar_osvedomitel_trade_info_211">
		<text>OK, eu aceito. Aqui estao 4000.</text>
	</string>
	<string id="bar_bar_osvedomitel_trade_info_2111">
		<text>Esta localizado perto do Agroprom Research Institute, ha um esconderijo no subterraneo. Provavelmente contem informacoes sobre os planos do grupo e uma lista de membros do grupo. As coordenadas do esconderijo estao anexadas.</text>
	</string>
	<string id="bar_bar_osvedomitel_trade_info_212">
		<text>Nao, mudei de ideia.</text>
	</string>
	<string id="bar_bar_osvedomitel_trade_info_2121">
		<text>Voce decide. Venha ao bar quando decidir o contrario - estou sempre aqui.</text>
	</string>
	<string id="bar_bar_osvedomitel_trade_info_31">
		<text>Agora, tenho algumas informacoes sobre um grupo que chegou ao centro da Zona. Estou praticamente dando de graca - apenas 2000 rublos.</text>
	</string>
	<string id="bar_bar_osvedomitel_trade_info_311">
		<text>OK, vou comprar. Aqui estao 2000.</text>
	</string>
	<string id="bar_bar_osvedomitel_trade_info_3111">
		<text>Strelok, Ghost e Fang foram para o centro da Zona. O que eles encontraram la, ninguem sabe, mas Strelok desapareceu enquanto Ghost e Fang voltaram perturbados. As ultimas noticias sobre Ghost sao que ele foi para o laboratorio movel perto do Lago Yantar. As coordenadas do acampamento dos cientistas estao anexadas.</text>
	</string>
	<string id="bar_bar_osvedomitel_trade_info_312">
		<text>Nao, mudei de ideia.</text>
	</string>
	<string id="bar_bar_osvedomitel_trade_info_3121">
		<text>Voce decide. Venha ao bar quando decidir o contrario - estou sempre aqui.</text>
	</string>
	<string id="bar_bar_osvedomitel_trade_info_41">
		<text>Tenho algumas informacoes sobre o segredo do Lago Yantar. O preco e de apenas 3500 rublos - qualquer valor menor e eu estaria te pagando!</text>
	</string>
	<string id="bar_bar_osvedomitel_trade_info_411">
		<text>OK, vou comprar. Pegue 3500.</text>
	</string>
	<string id="bar_bar_osvedomitel_trade_info_4111">
		<text>O segredo do Lago Yantar e semelhante ao segredo do Brain Scorcher e seus efeitos sao semelhantes de muitas maneiras. Algum tipo de emissao zumbifica todos que entram em contato com ela. Os stalkers zumbificados se movem ao redor do centro de algum emissor, atacando todos. Ha informacoes que sugerem que a solucao para o enigma do Lago Yantar esta subterranea. Aqui estao as coordenadas do emissor no Lago Yantar e as do Brain Scorcher.</text>
	</string>
	<string id="bar_bar_osvedomitel_trade_info_412">
		<text>Nao, mudei de ideia.</text>
	</string>
	<string id="bar_bar_osvedomitel_trade_info_4121">
		<text>Voce decide. Venha ao bar quando decidir o contrario - estou sempre aqui.</text>
	</string>
	<string id="bar_bar_osvedomitel_trade_info_999">
		<text>Nao tenho nenhuma informacao nova no momento.</text>
	</string>
	<string id="bar_bar_visitors_1_start_11">
		<text>...ja estava na hora de alguem detonar Borov! Se eu soubesse quem foi, pagaria uma bebida para ele.</text>
	</string>
	<string id="bar_bar_visitors_1_start_111">
		<text>Sim, ja estava na hora.</text>
	</string>
	<string id="bar_bar_visitors_1_start_21">
		<text>...alguem realmente irritou a Freedom: ouvi dizer que um dos grupos deles foi destruido no Wild Territory... quem sera que fez isso?</text>
	</string>
	<string id="bar_bar_visitors_1_start_211">
		<text>Sim, quem dera eu soubesse...</text>
	</string>
	<string id="bar_bar_visitors_1_start_31">
		<text>...finalmente alguem teve coragem de limpar os sanguessugas no Wild Territory... O que a Duty estava fazendo todo esse tempo?</text>
	</string>
	<string id="bar_bar_visitors_1_start_311">
		<text>O que a Duty estava fazendo? Eles estavam fazendo a Freedom, o que mais?</text>
	</string>
	<string id="bar_bar_visitors_1_start_41">
		<text>...ouvi dizer que alguem detonou o lider da Freedom. Eles vao passar por momentos dificeis, eu acho. O Duty vai realmente apertar eles...</text>
	</string>
	<string id="bar_bar_visitors_1_start_411">
		<text>Esperemos que sim.</text>
	</string>
	<string id="bar_bar_visitors_1_start_51">
		<text>Entao voce eliminou aqueles veteranos? Bem feito, amigo! Seis stalkers desapareceram naquela area recentemente... todos nos suspeitavamos daqueles veteranos loucos. E bom que eles tenham sido eliminados.</text>
	</string>
	<string id="bar_bar_visitors_1_start_511">
		<text>Sim, muitas pessoas queriam que aqueles veteranos "partissem".</text>
	</string>
	<string id="bar_bar_visitors_1_start_61">
		<text>Voce desligou as emissoes em Yantar? Uau... voce e um cara de sorte, droga, fico feliz que alguem finalmente conseguiu lidar com essa coisa! Voce nao imagina quantos dos nossos caras morreram la... mas agora os cientistas vao descobrir o que era. Podemos ate ser capazes de lidar com o Brain Scorcher agora...</text>
	</string>
	<string id="bar_bar_visitors_1_start_611">
		<text>Quero acreditar que o Brain Scorcher pode ser desligado.</text>
	</string>
	<string id="bar_bar_visitors_1_start_71">
		<text>O que voce quer? Voce nao ve que estou tentando relaxar aqui...</text>
	</string>
	<string id="bar_bar_visitors_1_start_711">
		<text>O que ha de novo?</text>
	</string>
	<string id="bar_bar_visitors_1_start_7111">
		<text>Ouvi dizer que Strelok voltou. Ele tem todo o equipamento que voce precisa para chegar a Maquina... Ele esta escondido agora porque muita gente esta atras dele. Alguns sao abertos sobre isso, enquanto outros estao tentando manter seu interesse em segredo. Ha rumores de que ate a Duty e a Freedom se juntaram a cacada... cada um com sua propria agenda.</text>
	</string>
	<string id="bar_bar_visitors_1_start_71111">
		<text>Parece que Strelok esta certo em se esconder.</text>
	</string>
	<string id="bar_bar_visitors_10_start_71">
		<text>O que voce quer?</text>
	</string>
	<string id="bar_bar_visitors_10_start_711">
		<text>Voce pode me dizer algo que seria util para um novato?</text>
	</string>
	<string id="bar_bar_visitors_10_start_7111">
		<text>Util para um novato? Bem, ouca. Ao norte, nao muito longe do Brain Scorcher, a Freedom montou seu QG em uma antiga base militar. Eles sao notorios niilistas, anarquistas e criminosos - combatentes da liberdade, guerrilheiros loucos, todos eles. Tudo o que fazem e sabotar grupos de pesquisa, atacar unidades do exercito e constantemente entrar em conflito com a Duty. Esses conflitos agora estao se transformando em uma guerra de pequena escala pela sobrevivencia. Deixe-me dar um conselho: nunca se envolva com eles. Eles so vao te aceitar se voce for totalmente louco e houver uma recompensa pela sua cabeca. Ha-ha-ha. Voce acredita nisso?</text>
	</string>
	<string id="bar_bar_visitors_10_start_71111">
		<text>Obrigado pelo seu conselho.</text>
	</string>
	<string id="bar_bar_visitors_12_start_71">
		<text>O que voce quer?</text>
	</string>
	<string id="bar_bar_visitors_12_start_711">
		<text>Voce pode me dizer algo que seria util para um novato?</text>
	</string>
	<string id="bar_bar_visitors_12_start_7111">
		<text>Bem, costumava haver um grupo liderado por Strelok. Havia todos os tipos de lendas sobre ele circulando pela Zona... boas e ruins, mas poucas pessoas realmente sabiam a verdade. A verdade e que eles queriam lidar com a Zona, descobrir o que a criou. E por isso que os stalkers militares estavam atras deles, mas eles nao sabiam onde procurar. O governo nao queria que os stalkers normais soubessem coisas que nao deveriam saber. Um dia Strelok encontrou algo realmente importante e se moveu em direcao ao centro da Zona com alguns de seus caras. Metade do grupo morreu no caminho, mas o resto conseguiu passar... O que aconteceu com eles la - ninguem sabe. Parece que eles se ferraram. Os outros membros do grupo foram pegos e mortos... Acho que nao sobrou nenhum deles agora. Historia triste, hein?</text>
	</string>
	<string id="bar_bar_visitors_12_start_71111">
		<text>Sim... parece que alguem realmente nao quer que a Zona seja compreendida...</text>
	</string>
	<string id="bar_bar_visitors_13_start_71">
		<text>O que voce quer?</text>
	</string>
	<string id="bar_bar_visitors_13_start_711">
		<text>Voce pode me dizer algo que seria util para um novato?</text>
	</string>
	<string id="bar_bar_visitors_13_start_7111">
		<text>Os Mercs sao meio que como a Freedom, so que piores. Pelo menos a Freedom tem alguns ideais, mas esses caes fazem qualquer coisa por dinheiro. Alguem realmente precisa matar todos eles antes que eles arrastem algo realmente perigoso da Zona para o mundo normal! Eles estao baseados na Dead City e ha um atirador em cada predio alto, entendeu? Eles nao gostam de estranhos.</text>
	</string>
	<string id="bar_bar_visitors_13_start_71111">
		<text>Entendo. Parece que voce tem que ter cuidado na Dead City.</text>
	</string>
	<string id="bar_bar_visitors_14_start_71">
		<text>O que voce quer?</text>
	</string>
	<string id="bar_bar_visitors_14_start_711">
		<text>Voce pode me dizer algo que seria util para um novato?</text>
	</string>
	<string id="bar_bar_visitors_14_start_7111">
		<text>Se voce nao esteve na Arena, eu recomendo - e uma boa maneira de ganhar dinheiro e mostrar a todos do que voce e capaz. Nem todo mundo tem coragem de lutar contra o proximo monstro e isso e uma pena! Cara, assim que eu juntar dinheiro suficiente para uma armadura decente, vou la.</text>
	</string>
	<string id="bar_bar_visitors_14_start_81">
		<text>O que voce quer?</text>
	</string>
	<string id="bar_bar_visitors_14_start_82">
		<text>Voce e Baldy? Preciso falar com voce.</text>
	</string>
	<string id="bar_bar_visitors_14_start_83">
		<text>Suponha que sim. O que voce quer?</text>
	</string>
	<string id="bar_bar_visitors_14_start_84">
		<text>Spotty foi salvo da Red Forest, mas Corcunda esta morto.</text>
	</string>
	<string id="bar_bar_visitors_14_start_85">
		<text>Droga!</text>
	</string>
	<string id="bar_bar_visitors_14_start_86">
		<text>Spotty esta em mau estado, seu cerebro nao funciona mais. Talvez voce possa falar com ele? Precisamos descobrir o cronograma do Brain Scorcher.</text>
	</string>
	<string id="bar_bar_visitors_14_start_87">
		<text>Nao! Nao me peca para fazer isso. Corcunda esta morto por minha causa e o que aconteceu com Spotty tambem e minha culpa. Eu os deixei, os trai, os abandonei e fugi! Nao posso olhar Spotty nos olhos depois do que fiz!</text>
	</string>
	<string id="bar_bar_visitors_14_start_88">
		<text>Vamos la, relaxa cara. Me conte o que aconteceu.</text>
	</string>
	<string id="bar_bar_visitors_14_start_89">
		<text>Nos tres estavamos nos preparando para tentar chegar ao norte. Nao sabiamos quando as emissoes do Brain Scorcher eram mais baixas, mas Spotty conseguiu a informacao em algum lugar... Nao sei onde... Estavamos na metade do setor, quando o Brain Scorcher de repente ligou de novo. Spotty desmaiou na hora e caiu na encosta. Entrei em panico e disse que deveriamos deixar tudo e voltar. Corcunda conseguiu se recompor e disse que tinhamos que tirar Spotty de la... Eu disse: "Voce e um idiota, nao quer viver? Acabou para ele, como vamos carrega-lo de volta?" Assim que ele conseguiu me convencer e comecou a descer para pegar Spotty... outra onda veio. Quando voltei a mim, estava na base militar... Achei que Corcunda e Spotty tinham ficado la... mas Corcunda o tirou e nao conseguiu sair... ele o tirou...</text>
	</string>
	<string id="bar_bar_visitors_14_start_90">
		<text>OK, Baldy, OK. Calma, cara. Obrigado por me contar o que aconteceu. Eu mesmo vou falar com Spotty.</text>
	</string>
	<string id="bar_bar_visitors_14_start_91">
		<text>Desculpe. Nao estou com vontade de conversar... Prefiro apenas tomar outra bebida.</text>
	</string>
	<string id="bar_bar_visitors_2_start_71">
		<text>O que voce quer?</text>
	</string>
	<string id="bar_bar_visitors_2_start_711">
		<text>O que ha de novo?</text>
	</string>
	<string id="bar_bar_visitors_2_start_7111">
		<text>Tinha um cara... Ele falava com a lingua presa e andava curvado, entao ganhou o nome de Corcunda. Ele era um pouco louco... falava sozinho e com animais... mas fora isso, ele era legal. Ele desapareceu ha muito tempo no centro com Strelok... dizem que Strelok voltou agora.</text>
	</string>
	<string id="bar_bar_visitors_2_start_71111">
		<text>Eu me pergunto onde ele esta agora.</text>
	</string>
	<string id="bar_bar_visitors_3_start_71">
		<text>O que voce quer?</text>
	</string>
	<string id="bar_bar_visitors_3_start_711">
		<text>O que ha de novo?</text>
	</string>
	<string id="bar_bar_visitors_3_start_7111">
		<text>O Wild Territory esta infestado de sanguessugas agora! Eles saem a noite. Ouvi dizer que ha algo muito importante na fabrica que fica ali perto, algo essencial para alguem. O Duty mandou uns caras la recentemente, mas todos morreram e seus gritos foram ouvidos a quilometros de distancia.</text>
	</string>
	<string id="bar_bar_visitors_3_start_71111">
		<text>Obrigado pela informacao.</text>
	</string>
	<string id="bar_bar_visitors_4_start_71">
		<text>O que voce quer?</text>
	</string>
	<string id="bar_bar_visitors_4_start_711">
		<text>O que voce ouviu?</text>
	</string>
	<string id="bar_bar_visitors_4_start_7111">
		<text>Se voce for ao redor do Lago Yantar, voce chegara ao acampamento dos cientistas - eles estao fazendo pesquisas de algum tipo la... Eles foram deixados la de helicoptero e tambem recebem suprimentos regularmente. Eles tem um lugar legal la, na verdade... Voce pode negociar com eles tambem - eles compram artefatos e podem ate te dar um trabalho para fazer.</text>
	</string>
	<string id="bar_bar_visitors_4_start_71111">
		<text>Obrigado pela informacao.</text>
	</string>
	<string id="bar_bar_visitors_5_start_71">
		<text>O que voce quer?</text>
	</string>
	<string id="bar_bar_visitors_5_start_711">
		<text>O que voce ouviu?</text>
	</string>
	<string id="bar_bar_visitors_5_start_7111">
		<text>Ninguem conseguiu passar pelo ferro-velho de veiculos por causa do Brain Scorcher. Algumas pessoas viram um stalker passar pela fronteira invisivel, cair, depois levantar em alguns minutos e seguir direto para o centro do ferro-velho. Ele nao foi visto desde entao...</text>
	</string>
	<string id="bar_bar_visitors_5_start_71111">
		<text>Interessante...</text>
	</string>
	<string id="bar_bar_visitors_6_start_71">
		<text>O que voce quer?</text>
	</string>
	<string id="bar_bar_visitors_6_start_711">
		<text>O que voce ouviu?</text>
	</string>
	<string id="bar_bar_visitors_6_start_7111">
		<text>Stalkers desaparecidos voltam de vez em quando. E uma visao assustadora, eu te digo: eles murmuram algo e procuram por suas armas, que perderam em algum lugar... Um veio para um posto avancado da Duty ha algum tempo e uma multidao se reuniu para olha-lo. Alguem ate o reconheceu... Ele era assustador... olhos vermelhos, todos injetados de sangue e machucados... nao conseguia dizer uma palavra, apenas gemia como um animal e andava em circulos. O Duty o acolheu, mas ele morreu depois de alguns dias de qualquer maneira. Algo acontece com as pessoas na Zona, mas o que e?</text>
	</string>
	<string id="bar_bar_visitors_6_start_71111">
		<text>Eu tambem gostaria de saber.</text>
	</string>
	<string id="bar_bar_visitors_7_start_71">
		<text>O que voce quer?</text>
	</string>
	<string id="bar_bar_visitors_7_start_711">
		<text>O que voce ouviu?</text>
	</string>
	<string id="bar_bar_visitors_7_start_7111">
		<text>Ha muitos zumbis ao redor do Lago Yantar. Eles vagam por ai e atacam qualquer humano que veem. Se voce for visto, talvez queira correr para salvar sua vida - ha muitos ex-stalkers por la... Eles morreram no lago e e tudo o que sobrou deles.</text>
	</string>
	<string id="bar_bar_visitors_7_start_71111">
		<text>Sim, eu nao gostaria de me juntar a eles.</text>
	</string>
	<string id="bar_bar_visitors_8_start_71">
		<text>O que voce quer?</text>
	</string>
	<string id="bar_bar_visitors_8_start_711">
		<text>O que voce ouviu?</text>
	</string>
	<string id="bar_bar_visitors_8_start_7111">
		<text>Os traders dizem que ha um verdadeiro tesouro de artefatos no centro da Zona, entao qualquer um que passar vai ganhar dinheiro suficiente para duas vidas. Pessoalmente, acho que ha mais nisso. Obviamente, os traders pensam em seus proprios interesses, mas ha rumores estranhos circulando. Aparentemente, ha algo melhor do que artefatos la - algo que nao e deste mundo, algo alienigena ou de outra dimensao! Eles chamam isso de maquina de concessao de desejos. Ouvi uma lenda sobre um stalker que conseguiu passar. So que toda vez que alguem faz um desejo, a Zona cresce e ninguem que chega la usa seu desejo para faze-la desaparecer. Acho que quando voce chega a Maquina, voce nao se importa com mais ninguem.</text>
	</string>
	<string id="bar_bar_visitors_8_start_71111">
		<text>Isso e triste.</text>
	</string>
	<string id="bar_bar_visitors_9_start_71">
		<text>O que voce quer?</text>
	</string>
	<string id="bar_bar_visitors_9_start_711">
		<text>O que voce ouviu?</text>
	</string>
	<string id="bar_bar_visitors_9_start_7111">
		<text>Todo mundo que acredita no Monolito e completamente maluco. Eles ficam falando sobre isso, mas ninguem realmente sabe o que esta no centro da Zona. Um cristal invisivel que caiu dos ceus... ha-ha-ha! Acho que um dos laboratorios secretos explodiu - quero dizer, alguns stalkers costumavam trabalhar em alguns deles. Mas, obviamente, voce nao pode bombardear a Zona. Nao apenas a radiacao se espalhara por todo o mundo, mas metade da Europa seria achatada pela reacao da Zona. "Alguem" ficou totalmente louco ultimamente - ouvi dizer que estao matando stalkers normais sem motivo algum. O que voce acha disso? Malditos fanaticos.</text>
	</string>
	<string id="bar_bar_visitors_9_start_71111">
		<text>Acho que merece alguma atencao.</text>
	</string>
	<string id="bar_dolg_base_guard_acces_0">
		<text>Quero me juntar ao Duty. O que preciso fazer?</text>
	</string>
	<string id="bar_dolg_base_guard_acces_1">
		<text>Pague 1000 rublos. Voce recebera um passe. Leve isso para Voronin no bunker e ele providenciara um teste para voce.</text>
	</string>
	<string id="bar_dolg_base_guard_acces_11">
		<text>OK, aqui esta o dinheiro.</text>
	</string>
	<string id="bar_dolg_base_guard_acces_111">
		<text>Certo, aqui esta seu passe. Va ver Petrenko, o administrador. Marquei no seu mapa.</text>
	</string>
	<string id="bar_dolg_base_guard_acces_12">
		<text>Nao, mudei de ideia.</text>
	</string>
	<string id="bar_dolg_base_guard_acces_121">
		<text>Voce decide, cara. Ate logo.</text>
	</string>
	<string id="bar_dolg_base_guard_acces_21">
		<text>Porque nao ha lugar para esses bandidos da Freedom na Zona - eles devem ser destruidos. Se voce estiver interessado, peca ao Barkeep para explicar tudo. Estou ocupado.</text>
	</string>
	<string id="bar_dolg_base_guard_acces_31">
		<text>Pague 1000 rublos e voce recebera um passe. Leve isso para o administrador da Duty e ele providenciara testes para voce.</text>
	</string>
	<string id="bar_dolg_base_guard_acces_311">
		<text>OK, aqui esta o dinheiro.</text>
	</string>
	<string id="bar_dolg_base_guard_acces_3111">
		<text>Certo, aqui esta seu passe. Va ver Petrenko, o administrador. Marquei no seu mapa.</text>
	</string>
	<string id="bar_dolg_base_guard_acces_312">
		<text>Nao, mudei de ideia.</text>
	</string>
	<string id="bar_dolg_base_guard_acces_3121">
		<text>Voce decide, cara. Ate logo.</text>
	</string>
	<string id="bar_dolg_base_guard_rules_0">
		<text>Barkeep me disse que sua lideranca tem algum tipo de tarefa para mim.</text>
	</string>
	<string id="bar_dolg_base_guard_rules_1">
		<text>Sim, ele nos avisou sobre voce, mas antes de deixarmos voce entrar, quero informa-lo sobre nossas regras. Entao ouca, nossas regras sao simples. Primeira regra - e proibido atirar em nosso territorio. Se voce quebrar a regra duas vezes, nossa patrulha abrira fogo contra voce. Mesmo que voce fuja, voce nao aparecera mais em nosso territorio - nossos guardas garantirao isso. Se voce agir com calma, nao tera problemas.</text>
	</string>
	<string id="bar_dolg_base_guard_rules_2">
		<text>Entendi. Algo mais?</text>
	</string>
	<string id="bar_dolg_base_guard_rules_3">
		<text>Sim, isso e o suficiente. Voce pode passar.</text>
	</string>
	<string id="bar_dolg_base_guard_rules_4">
		<text>Entendi. Algo mais?</text>
	</string>
	<string id="bar_dolg_base_guard_rules_5">
		<text>E so isso. Se voce quiser tentar se juntar ao Duty, fique a vontade. Precisamos de bons homens, mas estou avisando: antes de ser aceito, voce tera que fazer alguns trabalhos perigosos. Nao precisamos de covardes, entao todos sao testados.</text>
	</string>
	<string id="bar_dolg_base_guard_start_11">
		<text>Pare! Estranhos nao sao permitidos na base da Duty!</text>
	</string>
	<string id="bar_dolg_base_guard_start_21">
		<text>Por que voce esta parado ai? Continue andando.</text>
	</string>
	<string id="bar_dolg_base_guard_start_31">
		<text>Va em frente, irmao. Lembre-se: a missao da Duty e limpar.</text>
	</string>
	<string id="bar_dolg_base_guard_talk_0">
		<text>Por que voces nao deixam estranhos entrarem?</text>
	</string>
	<string id="bar_dolg_base_guard_talk_1">
		<text>De onde voces, meninos ingenuos, vieram? Ha uma guerra acontecendo, certo? Estamos lutando contra bandidos da Freedom! Temos conflitos regulares com seus lutadores no Wild Territory.</text>
	</string>
	<string id="bar_dolg_base_guard_talk_2">
		<text>Uma guerra com a Freedom? Por que?</text>
	</string>
	<string id="bar_dolg_base_guard_talk_3">
		<text>Porque nao ha lugar para esses bandidos da Freedom na Zona - eles devem ser destruidos. Se voce estiver interessado, peca ao Barkeep para explicar tudo. Estou ocupado.</text>
	</string>
	<string id="bar_dolg_guard_bunker_start_11">
		<text>Pare! Apenas membros podem entrar la! Nao podemos deixa-lo entrar no bunker sem um passe especial. Se voce quiser obter um, va ver o Coronel Petrenko. Ele esta na area administrativa do outro lado do patio.</text>
	</string>
	<string id="bar_dolg_guard_bunker_start_21">
		<text>Por que voce esta parado ai? Continue andando.</text>
	</string>
	<string id="bar_dolg_guard_bunker_start_31">
		<text>Va em frente. Lembre-se: a missao da Duty e limpar.</text>
	</string>
	<string id="bar_dolg_ivancov_start_11">
		<text>O que voce quer?</text>
	</string>
	<string id="bar_dolg_ivancov_start_21">
		<text>Estou ouvindo.</text>
	</string>
	<string id="bar_dolg_ivancov_start_31">
		<text>Ola, amigo.</text>
	</string>
	<string id="bar_dolg_leader_job_0">
		<text>O que posso fazer pelo Duty?</text>
	</string>
	<string id="bar_dolg_leader_job_1">
		<text>Essa e uma boa pergunta, Marked One, e ha uma resposta igualmente boa para ela - matar anarquistas da Freedom. Voce recebera uma recompensa por cada PDA deles que trouxer e podera ser promovido tambem. Leve todos os PDAs que conseguir para Petrenko - ele entrega as recompensas.</text>
	</string>
	<string id="bar_dolg_leader_join_0">
		<text>Barkeep me disse que voce tem uma tarefa para mim nos armazens militares...</text>
	</string>
	<string id="bar_dolg_leader_join_1">
		<text>Quero pedir que voce faca uma coisa, pessoalmente para mim, entende? Estamos no meio de uma guerra territorial com a faccao Freedom e precisamos de armas mais poderosas do que as que temos. A Freedom tem alguns excelentes lancadores de granadas Bulldog 6. Se voce pudesse penetrar em seu territorio e roubar pelo menos um desses lancadores de granadas, eu o recompensaria generosamente. Como voce nao esta em nossa faccao, pode ganhar rapidamente a confianca da Freedom e, se tiver sorte, pegar um Bulldog 6.</text>
	</string>
	<string id="bar_dolg_leader_join_11">
		<text>Continue.</text>
	</string>
	<string id="bar_dolg_leader_join_111">
		<text>Vou carregar a localizacao da base da Freedom para voce. Voce precisara encontrar o Chef. Ele e membro da Freedom. Ele sabe onde os RG-6 sao mantidos. E ele gosta de beber, entao leve muita vodka com voce. Entao, o que voce diz?</text>
	</string>
	<string id="bar_dolg_leader_join_1111">
		<text>OK, vou tentar roubar um Bulldog 6 da Freedom.</text>
	</string>
	<string id="bar_dolg_leader_join_11111">
		<text>Ah, e mais uma coisa. O Coronel Skull e seus rapazes desobedeceram minha ordem e decidiram atacar a base da Freedom sem autorizacao. Bem, eles que colham o que plantaram... bastardos suicidas. Nao se envolva na luta deles. Apenas tente me conseguir o Bulldog 6 - nada mais importa.</text>
	</string>
	<string id="bar_dolg_leader_join_1112">
		<text>Ainda nao estou pronto para tais feitos.</text>
	</string>
	<string id="bar_dolg_leader_join_11121">
		<text>Voce decide.</text>
	</string>
	<string id="bar_dolg_leader_prisyaga_0">
		<text>Estou pronto para prestar o juramento.</text>
	</string>
	<string id="bar_dolg_leader_prisyaga_1">
		<text>Bom homem! Repita depois de mim: "Eu, um stalker conhecido como Marked One, juro defender os objetivos e ideais da Duty."</text>
	</string>
	<string id="bar_dolg_leader_prisyaga_2">
		<text>Eu, um stalker conhecido como Marked One, juro defender os objetivos e ideais da Duty.</text>
	</string>
	<string id="bar_dolg_leader_prisyaga_3">
		<text>Proteger a Terra dos perigos da Zona, procurar e destruir tudo o que ela gera dentro e fora de suas fronteiras.</text>
	</string>
	<string id="bar_dolg_leader_prisyaga_4">
		<text>Proteger a Terra dos perigos da Zona, procurar e destruir tudo o que ela gera dentro e fora de suas fronteiras.</text>
	</string>
	<string id="bar_dolg_leader_prisyaga_5">
		<text>Lutar contra quaisquer inconformistas, sejam eles stalkers individuais ou grupos.</text>
	</string>
	<string id="bar_dolg_leader_prisyaga_6">
		<text>Lutar contra quaisquer inconformistas, sejam eles stalkers individuais ou grupos.</text>
	</string>
	<string id="bar_dolg_leader_prisyaga_7">
		<text>E dar minha vida em nome da justica e da ordem na Terra!</text>
	</string>
	<string id="bar_dolg_leader_prisyaga_8">
		<text>E dar minha vida em nome da justica e da ordem na Terra!</text>
	</string>
	<string id="bar_dolg_leader_prisyaga_9">
		<text>Parabens! Agora voce e um membro pleno da Duty.</text>
	</string>
	<string id="bar_dolg_leader_quest_rg6_finish_0">
		<text>Completei a missao. Trouxe o Bulldog 6.</text>
	</string>
	<string id="bar_dolg_leader_quest_rg6_finish_1">
		<text>Bom trabalho, stalker. E exatamente disso que precisamos. Bem, Marked One, voce cumpriu meu pedido e, em troca, pode pegar este traje. Acho que voce vai gostar.</text>
	</string>
	<string id="bar_dolg_leader_start_11">
		<text>Estou ouvindo.</text>
	</string>
	<string id="bar_dolg_leader_start_21">
		<text>O que te traz aqui, irmao?</text>
	</string>
	<string id="bar_dolg_leader_start_31">
		<text>Voce trouxe o Bulldog 6?</text>
	</string>
	<string id="bar_dolg_leader_start_311">
		<text>Sim, aqui esta o Bulldog 6.</text>
	</string>
	<string id="bar_dolg_leader_start_3111">
		<text>Bom trabalho, stalker. E exatamente disso que precisamos. Bem, Marked One, voce cumpriu meu pedido e, em troca, pode pegar este traje. Acho que voce vai gostar.</text>
	</string>
	<string id="bar_dolg_leader_start_41">
		<text>O que te trouxe ate mim, irmao?</text>
	</string>
	<string id="bar_dolg_leader_start_51">
		<text>A guerra com a Freedom esta chegando ao fim, Marked One. Voce desempenhou seu papel na luta pela causa e agora quero terminar esta guerra. Quero que voce mate o lider da Freedom.</text>
	</string>
	<string id="bar_dolg_leader_start_81">
		<text>O que te traz aqui, irmao? Voce matou o lider daqueles anarquistas da Freedom e o grupo deles desmoronou. A guerra nao acabou, mas seu resultado e certo. Suas conquistas sao grandes e nao serao esquecidas.</text>
	</string>
	<string id="bar_dolg_newbie_start_11">
		<text>Ola, stalker. Junte-se ao Duty! Precisamos de bons lutadores! Acabei de me juntar e veja o uniforme legal que eles me deram!</text>
	</string>
	<string id="bar_dolg_newbie_start_21">
		<text>Ola, Marked One. Fico feliz que voce esteja conosco. O Duty realmente precisara de bons lutadores em breve.</text>
	</string>
	<string id="bar_dolg_novice_start_2">
		<text>Ei, colega stalker.</text>
	</string>
	<string id="bar_dolg_novice_start_3">
		<text>Fale-me sobre a Duty.</text>
	</string>
	<string id="bar_dolg_novice_start_31">
		<text>Estamos aqui desde o inicio. O primeiro grupo era formado pelos membros sobreviventes de unidades especiais enviadas para a Zona para descobrir o que causou seu surgimento. Nos encontramos em circunstancias muito dificeis. Depois que metade da unidade morreu horrivelmente, aqueles que sobreviveram juraram que nao sairiam daqui ate entenderem o que esta acontecendo na Zona... ate derrota-la.</text>
	</string>
	<string id="bar_dolg_novice_start_4">
		<text>Fale-me sobre a Freedom.</text>
	</string>
	<string id="bar_dolg_novice_start_41">
		<text>Sao bandidos que nao entendem que a Zona e uma ulcera no corpo da Terra. Eles querem espalha-la por todo o mundo, um pedaco em cada casa. Eles farao qualquer coisa para atingir esse objetivo e mal posso esperar para acabar com isso.</text>
	</string>
	<string id="bar_dolg_novice_start_5">
		<text>Voce quer derrotar a Zona?</text>
	</string>
	<string id="bar_dolg_novice_start_51">
		<text>Sim, e conseguimos em grande medida. Durante as operacoes de limpeza, enxames inteiros de mutantes a caminho do centro da Zona sao destruidos.</text>
	</string>
	<string id="bar_dolg_novice_start_6">
		<text>Obrigado.</text>
	</string>
	<string id="bar_dolg_petrenko_start_11">
		<text>Estou ouvindo.</text>
	</string>
	<string id="bar_dolg_petrenko_start_21">
		<text>Como posso ajudar?</text>
	</string>
	<string id="bar_dolg_petrenko_start_31">
		<text>Ola irmao! O que te traz ate mim?</text>
	</string>
	<string id="bar_dolg_veteran_start_2">
		<text>O que voce quer?</text>
	</string>
	<string id="bar_dolg_zastava_11">
		<text>Va em frente, continue andando. O que voce esta olhando?</text>
	</string>
	<string id="bar_dolg_zastava_21">
		<text>Ei cara! Fico feliz que voce ainda nao tenha sido comido por mutantes.</text>
	</string>
	<string id="bar_dolg_zastava_about_zastava_0">
		<text>Houve um massacre no posto avancado. O que aconteceu?</text>
	</string>
	<string id="bar_dolg_zastava_about_zastava_1">
		<text>Essa e a ultima onda de mutantes que veio antes da explosao. Fica quieto por tres ou quatro dias e depois vem outra onda. Se nao fosse por nos, nao haveria Bar, nao haveria Duty; somos a ultima barreira no caminho desses mutantes loucos. Muitos dos nossos rapazes encontraram seu fim aqui.</text>
	</string>
	<string id="bar_dolg_zastava_talk_0">
		<text>Gostaria de saber uma coisa.</text>
	</string>
	<string id="bar_dolg_zastava_talk_1">
		<text>O que voce quer saber?</text>
	</string>
	<string id="bar_dolg_zastava_talk_2">
		<text>E minha primeira vez aqui. Voce poderia me contar um pouco sobre este lugar?</text>
	</string>
	<string id="bar_dolg_zastava_talk_21">
		<text>Antes do acidente em 86, esta era uma area industrial. Como voce pode ver, nao sobrou muita coisa agora... No porao perto do hangar, voce encontrara o bar 100 Rads. O lugar e administrado pelo trader local, que tambem e bartender. Se voce quiser negociar, conversar, conseguir uma missao ou saber as ultimas noticias, esse e o lugar certo. Ha tambem a Arena, onde voce pode lutar e ganhar algum dinheiro. A base da Duty nao fica longe da Arena. Se voce quiser se juntar ao Duty, va direto para la - eles dirao com quem falar. Ah, a proposito, toda esta area e protegida pelo Duty, entao comporte-se e mantenha suas armas embainhadas. Se voce comecar a atirar, a patrulha vai "te acalmar" bem rapido.</text>
	</string>
	<string id="bar_dolg_zastava_talk_211">
		<text>Voce disse que tem um bar aqui. Pode me dizer onde exatamente ele fica?</text>
	</string>
	<string id="bar_dolg_zastava_talk_2111">
		<text>No porao atras do hangar... vou marcar no seu mapa.</text>
	</string>
	<string id="bar_dolg_zastava_talk_21111">
		<text>Obrigado pela informacao.</text>
	</string>
	<string id="bar_dolg_zastava_talk_212">
		<text>Voce disse que a base da Duty fica aqui. Como faco para chegar la?</text>
	</string>
	<string id="bar_dolg_zastava_talk_2121">
		<text>Nao fica longe da Arena. Marquei no mapa para voce.</text>
	</string>
	<string id="bar_dolg_zastava_talk_21211">
		<text>Obrigado pela informacao.</text>
	</string>
	<string id="bar_dolg_zastava_talk_213">
		<text>Voce disse que tem uma Arena aqui? Onde exatamente ela fica?</text>
	</string>
	<string id="bar_dolg_zastava_talk_2131">
		<text>Saia do hangar com o telhado quebrado e voce vai parar bem na frente dela. Vou marcar no seu mapa.</text>
	</string>
	<string id="bar_dolg_zastava_talk_21311">
		<text>Obrigado pela informacao.</text>
	</string>
	<string id="bar_dolg_zastava_talk_214">
		<text>Obrigado pela informacao.</text>
	</string>
	<string id="bar_dolg_zavskald_reward_0">
		<text>Estou aqui a negocios.</text>
	</string>
	<string id="bar_dolg_zavskald_reward_1">
		<text>Imagino que voce queira algo de mim.</text>
	</string>
	<string id="bar_dolg_zavskald_reward_11">
		<text>Eu abati um porco no caminho para ca. Dizem que e valioso.</text>
	</string>
	<string id="bar_dolg_zavskald_reward_111">
		<text>Ouvi dizer que voce atirou em Borov. Voce merece ganhar algum dinheiro e uma arma decente por isso. Faca justica a sua nova arma!</text>
	</string>
	<string id="bar_dolg_zavskald_reward_1111">
		<text>Nao se preocupe com isso.</text>
	</string>
	<string id="bar_dolg_zavskald_reward_12">
		<text>Tive uma pequena "conversa" com Tyran da Freedom. Basicamente, ele entendeu seu erro e prometeu se comportar no futuro. Tenho quase certeza de que ele nao vai quebrar sua palavra - os mortos nao mentem.</text>
	</string>
	<string id="bar_dolg_zavskald_reward_121">
		<text>Tyran era uma verdadeira dor de cabeca para nos! Fico feliz que voce o tenha eliminado. Aqui esta sua recompensa - um S14 Thunder, nossa arma de marca registrada.</text>
	</string>
	<string id="bar_dolg_zavskald_reward_1211">
		<text>Nada mal. Vou fazer mais do mesmo. Ate logo.</text>
	</string>
	<string id="bar_dolg_zavskald_reward_13">
		<text>Voronin nao te disse nada?</text>
	</string>
	<string id="bar_dolg_zavskald_reward_131">
		<text>Uau, parabens! E uma grande conquista matar o lider da Freedom. Cara, queria ser tao durao quanto voce.</text>
	</string>
	<string id="bar_dolg_zavskald_reward_1311">
		<text>Faca muito exercicio, coma seus vegetais e ouca sua mae. Obrigado pelo novo equipamento. Estou indo.</text>
	</string>
	<string id="bar_ecolog_crush_professor_give_info_dp_0">
		<text>Gostaria de saber uma coisa.</text>
	</string>
	<string id="bar_ecolog_crush_professor_give_info_dp_1">
		<text>O que voce quer saber?</text>
	</string>
	<string id="bar_ecolog_crush_professor_give_info_dp_11">
		<text>Quem e voce e como voce veio parar aqui?</text>
	</string>
	<string id="bar_ecolog_crush_professor_give_info_dp_111">
		<text>Meu nome e Kruglov. Sou professor de biologia, estudo a Zona. Ontem, por exemplo, encontrei um animal de particular interesse - Antropomorphus Dendromutantus Vulgaris. Eu encontro e documento principalmente novas especies de animais mutantes, suas caracteristicas e tracos distintivos. As informacoes sao entao minuciosamente estudadas e transferidas para o mundo exterior. Parte disso, e claro, vai para o Barkeep. Minhas descobertas ajudaram a salvar a vida de muitos stalkers. Eu estava apenas transportando os resultados da minha pesquisa mais recente para o laboratorio perto do Lago Yantar quando o helicoptero foi atacado.</text>
	</string>
	<string id="bar_ecolog_crush_professor_give_info_dp_12">
		<text>Fale-me sobre a Zona.</text>
	</string>
	<string id="bar_ecolog_crush_professor_give_info_dp_121">
		<text>A Zona e um presente maravilhoso para a humanidade. E claro que a existencia normal aqui nao e possivel devido aos altos niveis de radiacao e aos mutantes agressivos. Todas essas coisas sao obviamente extremamente perigosas, mas tambem sao coisas de grande valor cientifico. A Zona e quase um experimento natural, um tesouro para os cientistas! A extensao em que o conhecimento da humanidade poderia ser aumentado atraves do estudo da Zona e insondavel. Tecnologia, medicina, novas plantas - medicinais e comestiveis, biotecnologia, curas para doencas incuraveis... qualquer coisa! Talvez possamos resolver o problema da alimentacao para todo o planeta. Se as pessoas nao interferissem, a ciencia poderia levar a humanidade a uma nova Era de Ouro!</text>
	</string>
	<string id="bar_ecolog_crush_professor_give_info_dp_1211">
		<text>O Duty pensa o contrario e nem a Freedom parece querer te ajudar.</text>
	</string>
	<string id="bar_ecolog_crush_professor_give_info_dp_12111">
		<text>Voce simplesmente e incapaz de compreender o quadro geral. Seus problemas de "aqui e agora" sao muito mais importantes para voce do que o futuro da humanidade!</text>
	</string>
	<string id="bar_ecolog_crush_professor_give_info_dp_1212">
		<text>Talvez haja alguma utilidade em estudar a Zona.</text>
	</string>
	<string id="bar_ecolog_crush_professor_give_info_dp_12121">
		<text>Entao voce entende isso tambem? E maravilhoso descobrir que existem aqueles entre voces que nao sao pessoas praticas de mente estreita. Sempre disse que e importante olhar para todo o conjunto de questoes de uma perspectiva mais ampla, distanciar-nos das simples medidas humanas. Mesmo que a Zona tenha prejudicado a humanidade, ela ainda pode ser de grande utilidade para nos!</text>
	</string>
	<string id="bar_ecolog_crush_professor_give_info_dp_13">
		<text>Por que os Mercs estao procurando essas informacoes?</text>
	</string>
	<string id="bar_ecolog_crush_professor_give_info_dp_131">
		<text>Espero que isso nao o ofenda, mas muitos stalkers sao como criancas. Eles sao seriamente afetados pelas coisas que descobrem. Basta pensar em todas essas lendas sobre um Monolito que concede desejos. Que piada! O problema e que essas criancas jogam seus jogos com armas de verdade e causam a morte. Pessoas infantis muitas vezes se irritam com o fato de que alguem nao compartilha tudo com elas, incluindo informacoes que nao sao para elas. Nao ha limites no uso da forca. Eles atiram sem pensar e matam aqueles que estudam a Zona. Eles acreditam que essas informacoes lhes permitirao abrir o caminho para o centro da Zona. Sao tolos, tolos perigosos e ingenuos!</text>
	</string>
	<string id="bar_ecolog_crush_professor_give_info_dp_14">
		<text>Estou procurando o Lab X16. Voce poderia me dizer onde ele fica?</text>
	</string>
	<string id="bar_ecolog_crush_professor_give_info_dp_141">
		<text>Lab X16? Hmm... Sakharov mencionou algo do tipo de passagem, mas nao me lembro exatamente do que ele disse. Talvez seja melhor perguntar a ele mesmo... Ele esta atualmente no laboratorio movel perto do Lago Yantar.</text>
	</string>
	<string id="bar_ecolog_crush_professor_give_info_dp_15">
		<text>Infelizmente, tenho que ir. Boa sorte.</text>
	</string>
	<string id="bar_ecolog_crush_professor_start_101">
		<text>Marked One, pare eles ou eles nos matarao!</text>
	</string>
	<string id="bar_ecolog_crush_professor_start_1011">
		<text>Fique tranquilo. Nos lidaremos com eles.</text>
	</string>
	<string id="bar_ecolog_crush_professor_start_10111">
		<text>OK.</text>
	</string>
	<string id="bar_ecolog_crush_professor_start_1012">
		<text>Vamos nos mover. Vamos tentar passar...</text>
	</string>
	<string id="bar_ecolog_crush_professor_start_10121">
		<text>Vamos nos apressar.</text>
	</string>
	<string id="bar_ecolog_crush_professor_start_11">
		<text>Stalker, eu imploro! Estavamos voltando de Yantar quando os Mercs derrubaram nosso helicoptero. Ouvi dizer que eles estao procurando informacoes, mas sei que nos matarao. Ajude-me a chegar ao lago e eu lhe contarei tudo o que sei sobre o que voce chama de Brain Scorcher. O Barkeep vai te pagar bem.</text>
	</string>
	<string id="bar_ecolog_crush_professor_start_111">
		<text>OK.</text>
	</string>
	<string id="bar_ecolog_crush_professor_start_1111">
		<text>Obrigado, stalker. Eu nao sou muito lutador, mas conheco o caminho, entao vou liderar e voce nos dara cobertura.</text>
	</string>
	<string id="bar_ecolog_crush_professor_start_112">
		<text>Nao. Tente sair daqui sozinho.</text>
	</string>
	<string id="bar_ecolog_crush_professor_start_1121">
		<text>Nao. Tenho certeza de que voce nao quer dizer isso. Nunca vou sair daqui sozinho. Se voce mudar de ideia, estarei aqui... se eu viver.</text>
	</string>
	<string id="bar_ecolog_crush_professor_start_21">
		<text>Apresse-se, temos que sair daqui rapidamente.</text>
	</string>
	<string id="bar_ecolog_crush_professor_start_31">
		<text>Ufa! Nos realmente chegamos em seguranca? Finalmente! Muito obrigado pela sua ajuda. Estou em divida com voce, mas por enquanto, por favor, aceite este pendrive. Ele contem os resultados da minha ultima expedicao. Tenho certeza de que o Barkeep pagaria bem por ele.</text>
	</string>
	<string id="bar_ecolog_crush_professor_start_311">
		<text>Sim, estamos aqui.</text>
	</string>
	<string id="bar_ecolog_crush_professor_start_3111">
		<text>Marked One, se voce visitar nosso laboratorio movel, daremos a voce um traje cientifico.</text>
	</string>
	<string id="bar_ecolog_crush_professor_start_31111">
		<text>Veremos.</text>
	</string>
	<string id="bar_ecolog_crush_professor_start_41">
		<text>Ola, stalker. Permita-me expressar minha gratidao em nome da ciencia global!</text>
	</string>
	<string id="bar_ecolog_crush_professor_start_51">
		<text>Marked One, pare eles ou eles nos matarao!</text>
	</string>
	<string id="bar_ecolog_crush_professor_start_511">
		<text>Fique tranquilo. Nos lidaremos com eles.</text>
	</string>
	<string id="bar_ecolog_crush_professor_start_5111">
		<text>OK.</text>
	</string>
	<string id="bar_ecolog_crush_professor_start_512">
		<text>Vamos nos mover. Vamos tentar passar...</text>
	</string>
	<string id="bar_ecolog_crush_professor_start_5121">
		<text>Vamos la.</text>
	</string>
	<string id="bar_ecolog_crush_professor_start_61">
		<text>Marked One, pare eles ou eles nos matarao!</text>
	</string>
	<string id="bar_ecolog_crush_professor_start_611">
		<text>Fique tranquilo. Nos lidaremos com eles.</text>
	</string>
	<string id="bar_ecolog_crush_professor_start_6111">
		<text>OK, vou esperar aqui.</text>
	</string>
	<string id="bar_ecolog_crush_professor_start_612">
		<text>Vamos nos mover. Vamos tentar passar...</text>
	</string>
	<string id="bar_ecolog_crush_professor_start_6121">
		<text>OK, vamos nos apressar.</text>
	</string>
	<string id="bar_ecolog_crush_professor_start_71">
		<text>Tenha cuidado com o Queimador, Marked One. Meu traje me protegera, mas e melhor voce evita-lo.</text>
	</string>
	<string id="bar_ecolog_crush_professor_start_711">
		<text>Obrigado pelo seu conselho.</text>
	</string>
	<string id="bar_ecolog_crush_professor_start_91">
		<text>Apresse-se, Marked One. Agora nao e hora de conversar.</text>
	</string>
	<string id="bar_ecolog_dialog_11">
		<text>Stalker, fale com o professor Kruglov, ajude-o a sair.</text>
	</string>
	<string id="bar_ecolog_dialog_21">
		<text>Acabou. Eles mataram Kruglov!</text>
	</string>
</string_table>
