	<string id="tips_agr_krot_sos">
		<text>Ajuda! Se alguem puder me ouvir! Os militares nos encurralaram na fabrica!</text>
	</string>
	<string id="tips_agr_krot_sos1">
		<text>Os porcos me encurralaram no patio. Ajuda!</text>
	</string>
	<string id="tips_agr_krot_sos2">
		<text>Todos os meus homens cairam!</text>
	</string>
	<string id="tips_agr_stalker_help_1">
		<text>.....</text>
	</string>
	<string id="tips_agr_stalker_help_2">
		<text>.....</text>
	</string>
	<string id="tips_agr_trader_documents">
		<text>Saia daqui, Marked One. Voce nao passara por aqueles bastardos do exercito sem lutar. Eu falei com o Barkeep sobre voce. Ele fara um acordo com a Duty, e eles deixarao voce passar.</text>
	</string>
	<string id="tips_captain_name">
		<text>Capitao Maximenko</text>
	</string>
	<string id="ghost_tips">
		<text>Strelok, tenho mas noticias. Fang morreu. Nao pude encontra-lo. Que pena que voce foi para o centro sozinho. Foi sua escolha, no entanto. Eu sei onde procurar por voce e a quem perguntar. Ghost.</text>
	</string>
