	<string id="yan_find_ghost">
		<text>Pegue os documentos de Ghost</text>
	</string>
	<string id="yan_find_ghost_task">
		<text>Pegue os documentos</text>
	</string>
	<string id="yan_find_vasilyev_task">
		<text>Entre no laboratorio</text>
	</string>
	<string id="yan_find_labX16">
		<text>Entre no Lab X16</text>
	</string>
	<string id="yan_find_scientist">
		<text>Faca medicoes de radiacao</text>
	</string>
	<string id="yan_find_vasilyev">
		<text>Procure no cadaver de Vasiliev</text>
	</string>
	<string id="yan_kill_brain">
		<text>Desligue a emissao psi</text>
	</string>
	<string id="yan_kill_brain_task">
		<text>Desconecte o mecanismo</text>
	</string>
	<string id="yan_kill_brain_task_2">
		<text>Saia do laboratorio</text>
	</string>
	<string id="yan_provodnik_about_doctor">
		<text>Fale com Guide</text>
	</string>
	<string id="yan_provodnik_task">
		<text>Encontre Guide</text>
	</string>
	<string id="yan_psi_zone_find">
		<text>Escolte Kruglov ate o local de medicao</text>
	</string>
	<string id="yan_psi_zone_find_semenov">
		<text>Escolte Semenov ate o local de medicao</text>
	</string>
	<string id="yan_return_to_bunker">
		<text>Traga os resultados para Sakharov</text>
	</string>
	<string id="yan_scientist_return">
		<text>Fale com Sakharov</text>
	</string>
	<string id="yan_scientist_return_task">
		<text>Fale com Sakharov</text>
	</string>
	<string id="yan_secret_tonnel">
		<text>Saia pelo tunel secreto</text>
	</string>
	<string id="yan_switcher_off_1">
		<text>Desligue o 1o modulo de controle</text>
	</string>
	<string id="yan_switcher_off_2">
		<text>Desligue o 2o modulo de controle</text>
	</string>
	<string id="yan_switcher_off_3">
		<text>Desligue o 3o modulo de controle</text>
	</string>
	<string id="yan_talk_to_kruglov">
		<text>Fale com Kruglov</text>
	</string>
	<string id="yan_talk_to_semenov">
		<text>Fale com Semenov</text>
	</string>
	<string id="yan_vasilyev_pda">
		<text>PDA de Vasiliev</text>
	</string>
	<string id="yan_zombie_zone">
		<text>Localizacao estimada do Lab X16</text>
	</string>
