	<string id="mil_actor_blockpost">
		<text>Voce esta se aproximando da Barreira. Nem pense em brincar. Ficaremos mais do que felizes em aceitar qualquer ajuda.</text>
	</string>
	<string id="mil_after_sniper_dead">
		<text>Marked One, venha aqui para sua parte e mais instrucoes</text>
	</string>
	<string id="mil_fblockpost_warning">
		<text>Marked One, volte para sua posicao</text>
	</string>
	<string id="mil_info_freedom_radio">
		<text>Se voce passar a noite toda na Torre na vila, algo GARANTIDO acontecera...</text>
	</string>
	<string id="mil_info_max_mines">
		<text>Nao se esqueca das minas! Um erro e voce vira torrada...</text>
	</string>
	<string id="mil_info_max_village">
		<text>Tenha cuidado, Marked One. Aparentemente, ha uma nova anomalia na vila. O bastardo e rapido e invisivel!</text>
	</string>
	<string id="mil_info_to_all">
		<text>Atencao a todos aqueles que desejam liquefazer seus cerebros: a estrada para a Red Forest e protegida por uma unidade Monolith e, como voce provavelmente sabe, esses caras atiram primeiro e nao fazem perguntas depois. Boa sorte.</text>
	</string>
	<string id="mil_max_attack_signal">
		<text>Ataquem! Vamos acabar com os bastardos!</text>
	</string>
	<string id="mil_mission_complete">
		<text>Nosso trabalho aqui esta feito. Retirem-se para a fazenda. Vamos acertar o pagamento la.</text>
	</string>
	<string id="mil_scull_attack_signal">
		<text>Avante, rapazes! O caminho esta livre!</text>
	</string>
	<string id="mil_scull_info">
		<text>Marked One, derrube aqueles snipers!</text>
	</string>
	<string id="mil_sniper_to_player_warning">
		<text>Tenha cuidado, Marked One, ou voce vai levar um tiro...</text>
	</string>
