	<string id="gar_angar">
		<text>Hangar abandonado.</text>
	</string>
	<string id="gar_bandit_agr">
		<text>Acampamento de bandidos na saida de Agroprom.</text>
	</string>
	<string id="gar_bandit_post">
		<text>Base de bandidos na estrada para Agroprom.</text>
	</string>
	<string id="gar_bandits_leader">
		<text>Ataque de bandidos liderado pelo chefe.</text>
	</string>
	<string id="gar_boars_nest">
		<text>Horda de javalis.</text>
	</string>
	<string id="gar_car_graveyard">
		<text>Ferro velho de veiculos.</text>
	</string>
	<string id="gar_dogs_in_forest">
		<text>Floresta infestada de caes</text>
	</string>
	<string id="gar_dolg_blokpost">
		<text>Posto de controle da Duty na estrada para o Bar.</text>
	</string>
	<string id="gar_hellcar">
		<text>Um grupo de stalkers neutros pedindo ajuda.</text>
	</string>
	<string id="gar_newbie">
		<text>Um novato assustado e cansado.</text>
	</string>
	<string id="gar_secret1">
		<text>O esconderijo secreto do novato.</text>
	</string>
	<string id="gar_seriy">
		<text>Grupo de Seriy.</text>
	</string>
	<string id="gar_swamp">
		<text>O Pantano de Grimpen.</text>
	</string>
	<string id="gar_trash1">
		<text>Pilhas de lixo com anomalias e artefatos.</text>
	</string>
	<string id="gar_tunnel">
		<text>Tunel ferroviario.</text>
	</string>
	<string id="gar_wounded_help">
		<text>Sinal de SOS. Provavelmente um stalker ferido.</text>
	</string>
