	<string id="bar_bring_hunter_rifle">
		<text>Devolva o rifle de familia do cacador</text>
	</string>
	<string id="bar_bring_PDA_lucky">
		<text>Traga o PDA do lider para Barkeep</text>
	</string>
	<string id="bar_crazy_veterans_quest">
		<text>Mate os veteranos loucos</text>
	</string>
	<string id="bar_dolg_base_rules">
		<text>Registre-se com o comandante da guarda da Duty</text>
	</string>
	<string id="bar_dolg_base_rules_fin">
		<text>Volte para Barkeep</text>
	</string>
	<string id="bar_dolg_base_rules_talk">
		<text>Encontre o comandante da guarda da Duty e registre-se</text>
	</string>
	<string id="bar_dolg_bring_rg6">
		<text>Obtenha um Bulldog 6 para o General Voronin</text>
	</string>
	<string id="bar_dolg_community_quest">
		<text>Junte-se a faccao Duty</text>
	</string>
	<string id="bar_dolg_community_quest_prisyaga">
		<text>Faca o juramento</text>
	</string>
	<string id="bar_dolg_community_quest_recomendation">
		<text>Obtenha uma referencia do Capitao Ivantsov</text>
	</string>
	<string id="bar_dolg_community_quest_vernost">
		<text>Prove sua lealdade ao Duty</text>
	</string>
	<string id="bar_dolg_find_cook">
		<text>Ganhe a confianca do cozinheiro da Freedom e descubra onde os Bulldogs 6 estao armazenados</text>
	</string>
	<string id="bar_dolg_find_rg6">
		<text>Infiltre-se na base da Freedom, encontre e roube um Bulldog 6</text>
	</string>
	<string id="bar_dolg_info_gain">
		<text>Encontre as informacoes interceptadas sobre o Lab X18</text>
	</string>
	<string id="bar_dolg_kill_tiran">
		<text>Mate Tyran, o lider do esquadrao</text>
	</string>
	<string id="bar_dolg_return_info">
		<text>Devolva as informacoes sobre o Lab X18 para o General Voronin</text>
	</string>
	<string id="bar_dolg_return_rg6">
		<text>Traga o Bulldog 6 para o General Voronin</text>
	</string>
	<string id="bar_dolg_rg6_quest">
		<text>Missao necessaria para se juntar ao Duty</text>
	</string>
	<string id="bar_dolg_svoboda_ambush_quest">
		<text>Elimine os Mercs</text>
	</string>
	<string id="bar_dolg_svoboda_ambush_return">
		<text>Entregue as listras para o General Voronin</text>
	</string>
	<string id="bar_dolg_tiran_PDA">
		<text>Pegue o PDA de Tyran</text>
	</string>
	<string id="bar_hunter_find_rifle">
		<text>Encontre o rifle de familia</text>
	</string>
	<string id="bar_hunter_return_rifle">
		<text>Devolva o rifle para o cacador no Bar</text>
	</string>
	<string id="bar_hunter_rifle">
		<text>Encontre o rifle de familia</text>
	</string>
	<string id="bar_kill_crazy_veterans">
		<text>Mate o lider dos veteranos</text>
	</string>
	<string id="bar_kill_crazy_veterans_PDA">
		<text>Pegue o PDA do lider deles</text>
	</string>
	<string id="bar_kill_veterans">
		<text>Destrua o acampamento dos veteranos loucos</text>
	</string>
	<string id="bar_radar_deactivate">
		<text>Desligue o Brain Scorcher</text>
	</string>
	<string id="bar_resque_information">
		<text>Encontre Kruglov</text>
	</string>
	<string id="bar_resque_information_2">
		<text>Leve Kruglov para Yantar</text>
	</string>
	<string id="bar_resque_scientific_follow">
		<text>Leve Kruglov para a saida de Yantar</text>
	</string>
	<string id="bar_resque_scientific_information">
		<text>...</text>
	</string>
	<string id="bar_resque_scientific_information_bring">
		<text>Fale com Kruglov</text>
	</string>
	<string id="bar_resque_scientific_information_get">
		<text>Chegue ate Kruglov</text>
	</string>
	<string id="bar_resque_scientific_information_get_2">
		<text>Fale com o professor Kruglov</text>
	</string>
	<string id="bar_x16_documents">
		<text>Encontre os documentos no laboratorio X16</text>
	</string>
	<string id="bring_x16_documents">
		<text>Leve os documentos para Barkeep</text>
	</string>
	<string id="deactivate_radar_now">
		<text>Desative a maquina</text>
	</string>
	<string id="find_and_deactivate_radar">
		<text>Encontre a entrada do bunker de controle</text>
	</string>
	<string id="get_to_antennas">
		<text>Chegue as antenas</text>
	</string>
	<string id="Kruglov_research">
		<text>Pesquisa de Kruglov</text>
	</string>
	<string id="look_for_x16_lab">
		<text>Encontre os documentos X16</text>
	</string>
	<string id="wpn-winchester_m1">
		<text>Perseguidor de Combate</text>
	</string>
	<string id="x16_yantar">
		<text>Fale com os cientistas</text>
	</string>
