	<string id="gar_actor_looser">
		<text>Voce e lixo, Marked One. Totalmente inutil! Nao espere gratidao - nao ha nada para agradecer!</text>
	</string>
	<string id="gar_actor_normal">
		<text>Nada mal, stalker! Voce certamente abateu alguns mutantes, mas nao e tao rapido no gatilho, nao e? Se quiser passar, tera que desembolsar algum dinheiro.</text>
	</string>
	<string id="gar_actor_winner">
		<text>Excelente, Marked One, voce realmente nos ajudou la. Eu digo que isso e pagamento suficiente para sua passagem. Va para o Bar.</text>
	</string>
	<string id="gar_direction_fire">
		<text>Deixe-os se aproximarem para que ninguem escape. Eu atiro primeiro, voce segue meu exemplo.</text>
	</string>
	<string id="gar_dolg_blokpost_warning">
		<text>Voce esta em territorio da Duty, stalker. Lutar nao e tolerado aqui.</text>
	</string>
	<string id="gar_dolg_monster_rush">
		<text>Atencao!! Este e o posto de controle da Duty. Uma horda de mutantes esta se movendo do Dark Valley em direcao ao Bar. Quem nos ajudar a parar os monstros nao se arrependera.</text>
	</string>
	<string id="gar_dolg_warning">
		<text>Voce esta em territorio da Duty, stalker. Comece a baguncar e voce estara comendo por um canudo pelo resto da sua vida.</text>
	</string>
	<string id="gar_hellcar_victory">
		<text>Bem feito, rapazes, pegamos todos eles. Voces podem fazer uma pequena pausa agora. Voce, stalker, venha aqui. Vamos bater um papo.</text>
	</string>
	<string id="tips_gar_hellcar_alarm">
		<text>Pessoal, este e o comandante de um grupo neutro. Expulsamos os bandidos do estacionamento de veiculos abandonados, mas eles provavelmente tentarao retoma-lo. Estamos com poucos numeros, entao, se voce quiser ajudar, guardaremos um lugar para voce.</text>
	</string>
