	<string id="gar_car_graveyard_quest">
		<text>Responda ao pedido de ajuda</text>
	</string>
	<string id="gar_defend_garbage">
		<text>Repila o ataque de bandidos.</text>
	</string>
	<string id="gar_dialog_hellcar">
		<text>Ofereca sua ajuda ao lider do esquadrao neutro.</text>
	</string>
	<string id="gar_dialog_hellcar_1">
		<text>Ofereca sua ajuda a Bes.</text>
	</string>
	<string id="gar_hellcar_alive">
		<text>Fale com Bes.</text>
	</string>
	<string id="gar_help_dymon">
		<text>Repila o ataque de bandidos.</text>
	</string>
	<string id="gar_help_tunnel_newbie">
		<text>Ajude o novato do Garbage</text>
	</string>
	<string id="gar_kill_bandits">
		<text>Destrua o ataque de bandidos</text>
	</string>
	<string id="gar_kill_boars">
		<text>Ajude o posto de controle da Duty</text>
	</string>
	<string id="gar_kill_boars_1">
		<text>Mate os javalis.</text>
	</string>
	<string id="gar_kill_boars_2">
		<text>Fale com o comandante da Duty</text>
	</string>
	<string id="gar_kill_boars_descr">
		<text>Duty: "Ola, a faccao Duty esta falando do Garbage. Ha uma onda de mutantes indo do Dark Valley em direcao ao bar. Garantimos nossa gratidao a todos que ajudarem a matar a escoria. Na palavra da Duty."</text>
	</string>
	<string id="gar_kill_boars_main">
		<text>A missao para chegar ao bar.</text>
	</string>
	<string id="garbage_meet_stalker_1">
		<text>Aprenda algo sobre Strelok com Seriy.</text>
	</string>
	<string id="graveyard_raid_text">
		<text>Bes: "A escoria dos bandidos esta tentando ganhar controle sobre o Garbage. Houve uma briga aqui ha meia hora. Matamos tres dos aberracoes. O resto dos caras recuou, mas tenho a sensacao de que eles voltarao a qualquer minuto com reforcos. Somos poucos e um cano extra nao faria mal. Se voce nos ajudar a destruir seus reforcos, retribuirei o favor."</text>
	</string>
	<string id="help_for_neitrals_text">
		<text>Houve um tiroteio no cemiterio de veiculos abandonados entre forcas neutras e bandidos. Os neutros conseguiram repelir os bandidos, mas estao pedindo ajuda.</text>
	</string>
