	<string id="aes_military_task_1">
		<text>Tome o portao</text>
	</string>
	<string id="aes_military_task_10">
		<text>Grupo Sokol</text>
	</string>
	<string id="aes_military_task_11">
		<text>Grupo Grif</text>
	</string>
	<string id="aes_military_task_12">
		<text>Grupo Sova</text>
	</string>
	<string id="aes_military_task_13">
		<text>Grupo Lun</text>
	</string>
	<string id="aes_military_task_2">
		<text>Mantenha a posicao</text>
	</string>
	<string id="aes_military_task_3">
		<text>Avance para o sarcofago</text>
	</string>
	<string id="aes_military_task_4">
		<text>Destrua as fortificacoes da Monolith 1</text>
	</string>
	<string id="aes_military_task_5">
		<text>Destrua as fortificacoes da Monolith 2</text>
	</string>
	<string id="aes_military_task_6">
		<text>Grupo Sapsan</text>
	</string>
	<string id="aes_military_task_7">
		<text>Grupo Korshun</text>
	</string>
	<string id="aes_military_task_8">
		<text>Grupo Yastreb</text>
	</string>
	<string id="aes_military_task_9">
		<text>Grupo Pustelga</text>
	</string>
