	<string id="pripyat_task_objective_1">
		<text>Siga o grupo de stalkers</text>
	</string>
	<string id="pripyat_task_objective_2">
		<text>Encontre o caminho para a Chernobyl NPP</text>
	</string>
	<string id="pripyat_task_title">
		<text>Encontre o grupo de stalkers</text>
	</string>
	<string id="rad_antenna">
		<text>Antenas</text>
	</string>
	<string id="rad_get_to_aes">
		<text>Chegue a usina de energia</text>
	</string>
	<string id="rad_get_to_aes_0">
		<text>Entre na usina de energia</text>
	</string>
	<string id="rad_get_to_aes_1">
		<text>Encontre a entrada do sarcofago</text>
	</string>
