<?xml version="1.0" encoding="windows-1251" ?>
<string_table>
	<string id="btr-70">
		<text>BTR-70</text>
	</string>
	<string id="enc_vehicles_btr-70">
		<text>Um veiculo blindado de transporte de pessoal.</text>
	</string>
	<string id="enc_vehicles_kamaz">
		<text>Um caminhao sovietico comumente usado.</text>
	</string>
	<string id="enc_vehicles_mi-24">
		<text>Um helicoptero de ataque do exercito.</text>
	</string>
	<string id="enc_vehicles_niva">
		<text>Um carro fora da estrada.</text>
	</string>
	<string id="enc_vehicles_uaz">
		<text>Jeep do exercito sovietico.</text>
	</string>
	<string id="enc_vehicles_zaporozh">
		<text>Um pequeno carro sovietico.</text>
	</string>
	<string id="Kamaz">
		<text>Caminhao KAMAZ</text>
	</string>
	<string id="mi-24">
		<text>Helicoptero Mi-24</text>
	</string>
	<string id="Niva">
		<text>Niva</text>
	</string>
	<string id="Uaz">
		<text>UAZ</text>
	</string>
	<string id="Vehicles">
		<text>Transporte</text>
	</string>
	<string id="Zaporozh">
		<text>Zaporozhets</text>
	</string>
</string_table>
