	<string id="rad_barman_spam">
		<text>Marked One!? Voce esta vivo!? Otimo! Entao voce conseguiu desligar o Brain Scorcher, hein? Todos estao tentando chegar ao centro da Zona atraves de Prypiat. Ninguem sabe o que ha la... talvez um tesouro de artefatos ou talvez algo que realize todos os desejos.\n Ha um grupo de veteranos se preparando para ir para la agora mesmo. Se voce se apressar, podera chegar a tempo de se juntar a eles. Vou avisa-los que voce esta vindo para que eles esperem por voce.</text>
	</string>
	<string id="tips_bun_komand">
		<text>Equipes um e dois - verifiquem o primeiro andar, equipe tres - salao principal, quatro e cinco - verifiquem o segundo andar</text>
	</string>
	<string id="tips_rad_sos_suicide">
		<text>...me ajude, estou morrendo...</text>
	</string>
	<string id="tips_rad_switcher_press">
		<text>Para desligar a maquina, pressione ($$ACTION_USE$$)</text>
	</string>
