	<string id="bar_arena_locator">
		<text>Arena.</text>
	</string>
	<string id="bar_bar_locator">
		<text>Bar 100 Rads.</text>
	</string>
	<string id="bar_dolg_locator">
		<text>Base da faccao Duty</text>
	</string>
	<string id="rostok_banda_volkodava">
		<text>Wolfhound e seus assassinos perto do helicoptero</text>
	</string>
	<string id="rostok_kruglov">
		<text>Professor Kruglov</text>
	</string>
	<string id="rostok_tainyi_hod">
		<text>Emboscada pela fabrica</text>
	</string>
	<string id="rostok_volkodav">
		<text>Wolfhound.</text>
	</string>
