<?xml version="1.0" encoding="windows-1251" ?>
<string_table>
	<string id="svoboda_outfit_name_m1">
		<text>Kombez Freedom M2</text>
	</string>
	<string id="team_1_desc">
		<text>Os anarquistas da Zona. Eles acreditam que a Zona e um refugio para a liberdade, e que todas as leis, regras e tradicoes do mundo exterior nao se aplicam la. Seu lema e "Faca o que quiser e deixe os outros fazerem o mesmo." Eles tentam impedir que o governo coloque a Zona sob seu controle e lutam contra os Mercs. Combatentes da Freedom usam principalmente armas sovieticas e russas.</text>
	</string>
	<string id="team_1_name">
		<text>Faccao Freedom (Stalkers Livres)</text>
	</string>
	<string id="team_2_desc">
		<text>Vagabundos e assassinos de todo o mundo, nada esta abaixo deles. Seu lema e "Pecunia non olet - Dinheiro nao tem cheiro." Ha artefatos aqui e, portanto, havera dinheiro. Mercs usam principalmente armas ocidentais.</text>
	</string>
	<string id="team_2_name">
		<text>Faccao Merc (Cacadores de Cabecas)</text>
	</string>
</string_table>
