<?xml version="1.0" encoding="windows-1251" ?>
<string_table>
	<string id="agr_secret_0000_descr">
		<text>Por enquanto, nosso esconderijo secreto esta no tunel. E um bom lugar - poucos sabem sobre ele, e as anomalias impedirao que outros entrem.</text>
	</string>
	<string id="agr_secret_0000_name">
		<text>Esconderijo secreto de Seriy</text>
	</string>
	<string id="agr_secret_0001_descr">
		<text>Escondi no toco perto do tunel. Tem um bom buraco la.</text>
	</string>
	<string id="agr_secret_0001_name">
		<text>Toco com buraco</text>
	</string>
	<string id="agr_secret_0002_descr">
		<text>Enterrei algumas coisas boas sob a cruz perto do arbusto.</text>
	</string>
	<string id="agr_secret_0002_name">
		<text>A marca esta sob a cruz</text>
	</string>
	<string id="agr_secret_0003_descr">
		<text>Deixei a mochila cair sob a arvore caida.</text>
	</string>
	<string id="agr_secret_0003_name">
		<text>Mochila sob a arvore</text>
	</string>
	<string id="agr_secret_0004_descr">
		<text>Enfiei a mochila no cano da fabrica. Ninguem vai encontrar.</text>
	</string>
	<string id="agr_secret_0004_name">
		<text>Mochila de um limpador de chamines</text>
	</string>
	<string id="agr_secret_0005_descr">
		<text>Escondi o bau no telhado da fabrica - assim ninguem vai encontrar. O problema e que vai enferrujar na chuva.</text>
	</string>
	<string id="agr_secret_0005_name">
		<text>Bau no telhado</text>
	</string>
	<string id="agr_secret_0006_descr">
		<text>Eles estavam atirando. Tive que deixar a mochila cair sob o vagao de trem atras do assento. Pelo menos eu escapei. Eu volto e pego.</text>
	</string>
	<string id="agr_secret_0006_name">
		<text>Mochila do bebado</text>
	</string>
	<string id="agr_secret_0007_descr">
		<text>Escondi sob a cruz, atras das cisternas. Cave um pouco, so nao se deixe levar.</text>
	</string>
	<string id="agr_secret_0007_name">
		<text>Perto das tres cisternas</text>
	</string>
	<string id="agr_secret_0008_descr">
		<text>Coloquei a mochila no topo da fabrica, assim ninguem vai ver. O problema e que nao me lembro exatamente o que tem dentro.</text>
	</string>
	<string id="agr_secret_0008_name">
		<text>A mochila esta na vigia</text>
	</string>
	<string id="agr_secret_0009_descr">
		<text>Escondi minhas coisas em um bau dentro da fabrica</text>
	</string>
	<string id="agr_secret_0009_name">
		<text>Bau radioativo</text>
	</string>
	<string id="agr_secret_0010_descr">
		<text>No bau sob a escada tem um esconderijo secreto.</text>
	</string>
	<string id="agr_secret_0010_name">
		<text>Bau na escadaria</text>
	</string>
	<string id="agr_secret_0011_descr">
		<text>Escondi no bau, ninguem vai verificar mesmo.</text>
	</string>
	<string id="agr_secret_0011_name">
		<text>Bau da fabrica</text>
	</string>
	<string id="agr_secret_0012_descr">
		<text>Deixei a sacola cair pela janela. Pego depois.</text>
	</string>
	<string id="agr_secret_0012_name">
		<text>A sacola esta na viga de suporte</text>
	</string>
	<string id="agr_secret_0013_descr">
		<text>Kolyan e eu demos um bom passeio em Agroprom. Encontramos um monte de lixo, mas conseguimos esconder algumas coisas. Colocamos o bau na lixeira.</text>
	</string>
	<string id="agr_secret_0013_name">
		<text>Lixeira</text>
	</string>
	<string id="agr_secret_0014_descr">
		<text>Encontrei um cofre sob uma arvore caida. Vou esconder tudo la por enquanto.</text>
	</string>
	<string id="agr_secret_0014_name">
		<text>Cofre sob a arvore</text>
	</string>
	<string id="agr_secret_0015_descr">
		<text>Joguei as coisas no cano, pego depois. Tive que fazer isso, senao obviamente as teria levado comigo. So espero que nao molhem.</text>
	</string>
	<string id="agr_secret_0015_name">
		<text>Coisas no cano</text>
	</string>
	<string id="agr_secret_0016_descr">
		<text>As mercadorias estao no cano velho, teremos que avisar os caras. Eu nao vou subir la.</text>
	</string>
	<string id="agr_secret_0016_name">
		<text>Cano radioativo</text>
	</string>
	<string id="agr_secret_0017_descr">
		<text>Fugi da base, que se dane eles! Desviei do fogo dos stalkers. Escondi minhas coisas em uma pilha em um cano. Vou ficar por aqui ate eles irem embora, entao pego.</text>
	</string>
	<string id="agr_secret_0017_name">
		<text>A pilha</text>
	</string>
	<string id="agr_secret_0018_descr">
		<text>Tem um cofre meio enterrado sob o arbusto - e onde eu escondo tudo.</text>
	</string>
	<string id="agr_secret_0018_name">
		<text>Cofre sob o arbusto</text>
	</string>
	<string id="agr_secret_0019_descr">
		<text>Descobriram o bau sob a viga de suporte. Alguem estava arrastando-o por todo o caminho do Instituto de Pesquisa Cientifica. Vamos esperar o vento passar e depois pegar.</text>
	</string>
	<string id="agr_secret_0019_name">
		<text>Caixa de arquivo</text>
	</string>
	<string id="agr_secret_0020_descr">
		<text>Escondi minhas coisas em uma capsula de ferro</text>
	</string>
	<string id="agr_secret_0020_name">
		<text>Sob a porta alcapao</text>
	</string>
	<string id="agr_secret_0021_descr">
		<text>Tem um cofre meio enterrado sob o arbusto - e onde eu escondo tudo.</text>
	</string>
	<string id="agr_secret_0021_name">
		<text>Sob o arbusto perto da parede</text>
	</string>
	<string id="agr_secret_0022_descr">
		<text>Bom bau para coletar lixo extra</text>
	</string>
	<string id="agr_secret_0022_name">
		<text>Bau do instituto</text>
	</string>
	<string id="agr_secret_0023_descr">
		<text>Escondi no cofre, mas entao os soldados chegaram e agora nao consigo pegar as mercadorias.</text>
	</string>
	<string id="agr_secret_0023_name">
		<text>Agrocofre</text>
	</string>
	<string id="agr_secret_0024_descr">
		<text>Joguei meu lixo no cano - pego depois.</text>
	</string>
	<string id="agr_secret_0024_name">
		<text>A carroceria do caminhao</text>
	</string>
	<string id="agr_secret_0025_descr">
		<text>Pegue as coisas do tronco podre</text>
	</string>
	<string id="agr_secret_0025_name">
		<text>Tronco podre</text>
	</string>
	<string id="agr_secret_0026_descr">
		<text>Bom bau para coletar lixo extra. O inventario de equipamentos do instituto ja esteve la.</text>
	</string>
	<string id="agr_secret_0026_name">
		<text>Bau de Zavhoz</text>
	</string>
	<string id="agr_secret_0027_descr">
		<text>Bom bau para pequenas coisas. Eu guardava minhas ferramentas de metalurgia em um bau como esse em casa.</text>
	</string>
	<string id="agr_secret_0027_name">
		<text>Inventario de metalurgia</text>
	</string>
	<string id="agr_u_secret_0000_descr">
		<text>Os bandidos escondem algo sob o cano, preciso verificar. Esta claro em nossa conversa que eles guardam seus suprimentos la.</text>
	</string>
	<string id="agr_u_secret_0000_name">
		<text>Fundo comunitario dos bandidos</text>
	</string>
	<string id="agr_u_secret_0001_descr">
		<text>Escondi a mochila atras de placas de concreto, carregando leve. Vou passar fome, mas pelo menos vivo.</text>
	</string>
	<string id="agr_u_secret_0001_name">
		<text>A mochila esta em uma rua lateral</text>
	</string>
	<string id="agr_u_secret_0002_descr">
		<text>O bau esta atras de um "barril" enferrujado no subsolo, tudo esta dentro dele. Nao tem como eu voltar la. E um milagre que eu tenha derrotado a sanguessuga. Ainda nao me lembro como.</text>
	</string>
	<string id="agr_u_secret_0002_name">
		<text>Bau da sanguessuga</text>
	</string>
	<string id="agr_u_secret_0003_descr">
		<text>Tem algumas coisas boas atras da porta. Eu respondo pelas mercadorias em estoque!</text>
	</string>
	<string id="agr_u_secret_0003_name">
		<text>Coisas boas do stalker</text>
	</string>
	<string id="agr_u_secret_0004_descr">
		<text>Desenterrei algumas coisas boas aqui. Um local inteligente para meu esconderijo secreto. Nao tem como voce encontrar em um barril amarelo.</text>
	</string>
	<string id="agr_u_secret_0004_name">
		<text>Buraco de toupeira</text>
	</string>
	<string id="bar_secret_0000_description">
		<text>Escondi a mochila perto da base do Dever. Pego depois.</text>
	</string>
	<string id="bar_secret_0000_name">
		<text>Mochila escondida</text>
	</string>
	<string id="bar_secret_0001_description">
		<text>Uma grande matilha de caes veio atras de mim. Se eu nao tivesse deixado minha mochila, nao teria chegado ao portao.</text>
	</string>
	<string id="bar_secret_0001_name">
		<text>A mochila que foi deixada para tras</text>
	</string>
	<string id="bar_secret_0002_description">
		<text>Tudo o que sobrou eles enterraram sob a cruz</text>
	</string>
	<string id="bar_secret_0002_name">
		<text>Esconderijo secreto sob a cruz</text>
	</string>
	<string id="bar_secret_0003_description">
		<text>Deixei minha mochila cair aqui - sera mais facil assim</text>
	</string>
	<string id="bar_secret_0003_name">
		<text>Mochila</text>
	</string>
	<string id="bar_secret_0004_description">
		<text>A municao do posto de seguranca do Dever e armazenada em um bunker, mas ninguem esta de olho no bau</text>
	</string>
	<string id="bar_secret_0004_name">
		<text>Suprimentos no bunker</text>
	</string>
	<string id="bar_secret_0005_description">
		<text>Eu vi um membro do Dever enfiar algo no cano perto do portao</text>
	</string>
	<string id="bar_secret_0005_name">
		<text>Esconderijo secreto</text>
	</string>
	<string id="bar_secret_0006_description">
		<text>Tudo isso pertencia a ele, pode muito bem ficar aqui por enquanto</text>
	</string>
	<string id="bar_secret_0006_name">
		<text>Esconderijo secreto sob a cruz</text>
	</string>
	<string id="bar_secret_0007_description">
		<text>Vou para o bar, deixei a mochila no hangar</text>
	</string>
	<string id="bar_secret_0007_name">
		<text>Mochila</text>
	</string>
	<string id="bar_secret_0008_description">
		<text>Dizem que ha algo valioso escondido no territorio do Dever na central telefonica.</text>
	</string>
	<string id="bar_secret_0008_name">
		<text>Central telefonica com um esconderijo secreto</text>
	</string>
	<string id="bar_secret_0009_description">
		<text>Enfiei o bau no topo da torre em frente ao Dever - ninguem vai notar</text>
	</string>
	<string id="bar_secret_0009_name">
		<text>Esconderijo secreto na torre</text>
	</string>
	<string id="bar_secret_0010_description">
		<text>Escondi no cano sob a escada</text>
	</string>
	<string id="bar_secret_0010_name">
		<text>Esconderijo secreto</text>
	</string>
	<string id="bar_secret_0011_description">
		<text>Escondi as mercadorias nao muito longe do bar, atras das anomalias - ninguem vai entrar la. E mesmo que chegassem la, nao saberiam como abrir. Mas e tudo muito simples - basta puxar um pouco a porta para cima, e tudo se abrira.</text>
	</string>
	<string id="bar_secret_0011_name">
		<text>Esconderijo secreto de Arny</text>
	</string>
	<string id="bar_secret_0012_description">
		<text>Enterrei as mercadorias nao muito longe do bar</text>
	</string>
	<string id="bar_secret_0012_name">
		<text>Esconderijo secreto</text>
	</string>
	<string id="bar_secret_0013_description">
		<text>Perto do bar, em um bau</text>
	</string>
	<string id="bar_secret_0013_name">
		<text>Bau</text>
	</string>
	<string id="bar_secret_0014_description">
		<text>Escondi o bau em uma rua lateral perto do bar</text>
	</string>
	<string id="bar_secret_0014_name">
		<text>Bau pequeno</text>
	</string>
	<string id="bar_secret_0015_description">
		<text>Enterrei sob a cruz atras dos pinheiros</text>
	</string>
	<string id="bar_secret_0015_name">
		<text>Esconderijo secreto</text>
	</string>
	<string id="bar_secret_0016_description">
		<text>Sob a cruz, nao muito longe da passagem para o Territorio Sombrio</text>
	</string>
	<string id="bar_secret_0016_name">
		<text>Esconderijo secreto</text>
	</string>
	<string id="bar_secret_0017_description">
		<text>Escondi o bau com o antirrad em um cano perto da Arena</text>
	</string>
	<string id="bar_secret_0017_name">
		<text>Bau pequeno</text>
	</string>
	<string id="bar_secret_0018_description">
		<text>Escondi minhas porcarias em um cano sob a torre</text>
	</string>
	<string id="bar_secret_0018_name">
		<text>Esconderijo secreto</text>
	</string>
	<string id="bar_secret_0019_description">
		<text>Ha um esconderijo secreto sob a cruz</text>
	</string>
	<string id="bar_secret_0019_name">
		<text>Esconderijo secreto</text>
	</string>
	<string id="esc_secret_0000_descr">
		<text>Escondi suprimentos do exercito em um vagao de trem durante o reagrupamento. Para nao esquecer.</text>
	</string>
	<string id="esc_secret_0000_name">
		<text>Vagao de trem acima da ponte</text>
	</string>
	<string id="esc_secret_0001_descr">
		<text>Eu vi um stalker descer sob uma anomalia perto do tunel do trem na floresta. Parecia que ele tinha algumas coisas muito boas.</text>
	</string>
	<string id="esc_secret_0001_name">
		<text>Coisas pertencentes aquele que pereceu na anomalia</text>
	</string>
	<string id="esc_secret_0002_descr">
		<text>Escondi o habar perto do acampamento dos bandidos sob a cruz</text>
	</string>
	<string id="esc_secret_0002_name">
		<text>A cruz perto do acampamento dos bandidos</text>
	</string>
	<string id="esc_secret_0003_descr">
		<text>O bau roubado pelos bandidos foi encontrado no porao do predio central. Precisa preparar um destacamento e pega-lo.</text>
	</string>
	<string id="esc_secret_0003_name">
		<text>Armazem dos bandidos</text>
	</string>
	<string id="esc_secret_0004_descr">
		<text>Quando meus camaradas e eu estavamos lutando contra os caes de uniforme, enterrei algumas mercadorias sob a ponte. Deixe-os la por enquanto.</text>
	</string>
	<string id="esc_secret_0004_name">
		<text>Sob a cruz</text>
	</string>
	<string id="esc_secret_0005_descr">
		<text>Enfiei a mochila no porao. Eu volto depois - nao posso pega-la agora.</text>
	</string>
	<string id="esc_secret_0005_name">
		<text>Abrigo no porao</text>
	</string>
	<string id="esc_secret_0006_descr">
		<text>Encontrei um cofre meio enterrado na fazenda. Vou guardar as mercadorias la por enquanto.</text>
	</string>
	<string id="esc_secret_0006_name">
		<text>Cofre na fazenda</text>
	</string>
	<string id="esc_secret_0007_descr">
		<text>Um passarinho me contou que alguem esta escondendo algo no vagao de trem na ponte. Precisarei verificar na volta. Eu me pergunto quem...</text>
	</string>
	<string id="esc_secret_0007_name">
		<text>Conteiner no vagao de trem</text>
	</string>
	<string id="esc_secret_0008_descr">
		<text>Escondi as mercadorias bem embaixo do telhado da casinha perto da ponte.</text>
	</string>
	<string id="esc_secret_0008_name">
		<text>Mercadorias do atirador</text>
	</string>
	<string id="esc_secret_0009_descr">
		<text>Escondi minhas porcarias em um dos baus nao muito longe da ponte. E isso, estou desistindo e saindo da Zona. Adeus, irmaos! Nunca esquecerei a patria.</text>
	</string>
	<string id="esc_secret_0009_name">
		<text>Coisas perto da ponte</text>
	</string>
	<string id="esc_secret_0010_descr">
		<text>Um dos stalkers foi sufocado perto do acampamento dos novatos. Verifique suas mercadorias.</text>
	</string>
	<string id="esc_secret_0010_name">
		<text>A mochila esta perto da vila</text>
	</string>
	<string id="esc_secret_0011_descr">
		<text>Descobri com Lihoi que o esconderijo secreto esta no porao. Ele estava falando demais, entao o calamos para sempre.</text>
	</string>
	<string id="esc_secret_0011_name">
		<text>Porao na vila</text>
	</string>
	<string id="esc_secret_0012_descr">
		<text>Encontrei um otimo esconderijo no porao. Vou esperar ate que alguem coloque algo la.</text>
	</string>
	<string id="esc_secret_0012_name">
		<text>Um bom lugar</text>
	</string>
	<string id="esc_secret_0013_descr">
		<text>Descobri com Vorpal que ha um esconderijo secreto no porao. Nossos homens estavam realizando uma expedicao de reconhecimento na area. Vamos verificar.</text>
	</string>
	<string id="esc_secret_0013_name">
		<text>Esconderijo secreto de Vorpal</text>
	</string>
	<string id="esc_secret_0014_descr">
		<text>Eles viram que o comandante tem um bau complicado em seu escritorio, e ha uma tonelada de mercadorias valiosas la.</text>
	</string>
	<string id="esc_secret_0014_name">
		<text>Os objetos de valor do comandante</text>
	</string>
	<string id="esc_secret_0015_descr">
		<text>Algum stalker morreu nao muito longe do acampamento dos novatos. Devemos ver o que ele estava carregando. Quem os deixa entrar aqui mesmo?</text>
	</string>
	<string id="esc_secret_0015_name">
		<text>Perto de uma estrada rural</text>
	</string>
	<string id="esc_secret_0016_descr">
		<text>As mercadorias estao escondidas no porao dos bandidos. Eles nao estavam la antes, entao vamos esperar o momento certo para pega-los todos.</text>
	</string>
	<string id="esc_secret_0016_name">
		<text>Porao dos ladroes</text>
	</string>
	<string id="esc_secret_0017_descr">
		<text>Descobri o inventario no cano, nao muito longe da fazenda. Assim que o cerco acabar, com certeza voltarei.</text>
	</string>
	<string id="esc_secret_0017_name">
		<text>Cano de gas</text>
	</string>
	<string id="esc_secret_0018_descr">
		<text>Joguei minha mochila nao muito longe do posto, devo pega-la o mais rapido possivel, antes que o comandante nos transfira para um novo local.</text>
	</string>
	<string id="esc_secret_0018_name">
		<text>Coisas escondidas</text>
	</string>
	<string id="esc_secret_0019_descr">
		<text>Deixei o bau na torre por enquanto. Pegarei quando puder.</text>
	</string>
	<string id="esc_secret_0019_name">
		<text>Torre no posto de controle</text>
	</string>
	<string id="gar_secret_0000_descr">
		<text>Eu vi um bandido esconder suas mercadorias em um bau no hangar. Como posso rouba-lo silenciosamente?</text>
	</string>
	<string id="gar_secret_0000_name">
		<text>Armazenamento dos bandidos</text>
	</string>
	<string id="gar_secret_0001_descr">
		<text>Vasya e eu fomos verificar as coisas e de repente uma bala o atingiu. E eu nao tive nada a ver com isso. E a maldita bala. Escondi as coisas em um cano.</text>
	</string>
	<string id="gar_secret_0001_name">
		<text>Guindaste velho</text>
	</string>
	<string id="gar_secret_0002_descr">
		<text>Grizzly morreu com todas as suas coisas no Lixao, no tunel do trem atras do diesel. Que pena do Grizzly.</text>
	</string>
	<string id="gar_secret_0002_name">
		<text>Coisas de Grizzly</text>
	</string>
	<string id="gar_secret_0003_descr">
		<text>Guardei as mercadorias em um cano no lixao.</text>
	</string>
	<string id="gar_secret_0003_name">
		<text>Cano na pilha Norte</text>
	</string>
	<string id="gar_secret_0004_descr">
		<text>As coisas estao no lixao, em um dos canos. Se voce nao souber exatamente onde estao, nao as encontrara.</text>
	</string>
	<string id="gar_secret_0004_name">
		<text>Dinheiro extra na sucata</text>
	</string>
	<string id="gar_secret_0005_descr">
		<text>Escondi as coisas em um cano de metal ao lado das duas cisternas. Eu deveria pegar, mas nao tenho tempo.</text>
	</string>
	<string id="gar_secret_0005_name">
		<text>Forno de ferro ao lado da cisterna.</text>
	</string>
	<string id="gar_secret_0006_descr">
		<text>Ha algumas coisas uteis escondidas entre o lixo radioativo, onde poucos andam por perto.</text>
	</string>
	<string id="gar_secret_0006_name">
		<text>Cano na pilha Leste</text>
	</string>
	<string id="gar_secret_0007_descr">
		<text>A mochila de alguem esta jogada no vale, com anomalias por toda parte. Como voce poderia chegar la?</text>
	</string>
	<string id="gar_secret_0007_name">
		<text>Mochila de ninguem</text>
	</string>
	<string id="gar_secret_0008_descr">
		<text>Acabei com o traidor no pantano... nos o enterramos la tambem e deixamos suas mercadorias sob a cruz. Tinhamos coisas mais importantes para nos preocupar.</text>
	</string>
	<string id="gar_secret_0008_name">
		<text>Os pertences do assassinado</text>
	</string>
	<string id="gar_secret_0009_descr">
		<text>Ha um esconderijo secreto nas sombras - um bom lugar para esconde-lo.</text>
	</string>
	<string id="gar_secret_0009_name">
		<text>Toco podre</text>
	</string>
	<string id="gar_secret_0010_descr">
		<text>Ha um tronco na floresta com um buraco dentro. No buraco ha um tesouro - e hora de pega-lo.</text>
	</string>
	<string id="gar_secret_0010_name">
		<text>Tronco na floresta</text>
	</string>
	<string id="gar_secret_0011_descr">
		<text>Petrenko queria transmitir a palavra de que ha informacoes sobre o esconderijo secreto da faccao Strelok no Lixao. Aqui no vale tem que ter um bueiro, ele explicou como tem um truque para abri-lo. Assim que tudo se acalmar, temos que ir la verificar.</text>
	</string>
	<string id="gar_secret_0011_name">
		<text>Armazenamento da faccao Strelok</text>
	</string>
	<string id="gar_secret_0012_descr">
		<text>Escondi no carro, o Longo disse que era um bom lugar.</text>
	</string>
	<string id="gar_secret_0012_name">
		<text>Esconderijo secreto no carro</text>
	</string>
	<string id="gar_secret_0013_descr">
		<text>Coloquei a mochila no onibus - parece imperceptivel</text>
	</string>
	<string id="gar_secret_0013_name">
		<text>Mochila do stalker no onibus</text>
	</string>
	<string id="gar_secret_0014_descr">
		<text>Coloquei os suprimentos no bau, e o bau na casa velha na esquina. Ainda nao consigo entender para que serve essa estrutura.</text>
	</string>
	<string id="gar_secret_0014_name">
		<text>Suprimentos variados</text>
	</string>
	<string id="gar_secret_0015_descr">
		<text>Ha um cofre parcialmente enterrado em uma pilha de lixo. Tudo esta no cofre. E melhor nao esquecer o que estava nele.</text>
	</string>
	<string id="gar_secret_0015_name">
		<text>Cofre na pilha Sul.</text>
	</string>
	<string id="gar_secret_0016_descr">
		<text>Coloquei as mercadorias na pilha de lixo no cano</text>
	</string>
	<string id="gar_secret_0016_name">
		<text>Armazenamento no ferro-velho.</text>
	</string>
	<string id="gar_secret_0017_descr">
		<text>O chefe das comunicacoes de radio nos transmitiu uma mensagem: retirada. Encontrei um bau, joguei o que tinha comigo e me retirei de maos vazias.</text>
	</string>
	<string id="gar_secret_0017_name">
		<text>Suprimentos no bau</text>
	</string>
	<string id="gar_secret_0018_descr">
		<text>Enfiei o habar no cano no lixao. Nao vai ficar la por muito tempo.</text>
	</string>
	<string id="gar_secret_0018_name">
		<text>Cano perto do onibus</text>
	</string>
	<string id="gar_secret_0019_descr">
		<text>E facil esconder a mochila nas ruinas. Espero que nao seja dificil pega-la, se os bandidos nao atrapalharem.</text>
	</string>
	<string id="gar_secret_0019_name">
		<text>Mochila nas ruinas</text>
	</string>
	<string id="gar_secret_0020_descr">
		<text>Enquanto os membros do Dever estavam atirando, escondi o habar no vagao de trem. De alguma forma, tenho que entrar para pega-lo. E para agradecer ao Dever.</text>
	</string>
	<string id="gar_secret_0020_name">
		<text>Bau no posto de controle militar fortemente armado</text>
	</string>
	<string id="gar_secret_0021_descr">
		<text>Dizem que o Fraco morreu no Lixao - preciso passar para verificar as mercadorias. Caso contrario, havera muitos interessados chegando.</text>
	</string>
	<string id="gar_secret_0021_name">
		<text>Mochila do Fraco</text>
	</string>
	<string id="gar_secret_0022_descr">
		<text>Por enquanto, vou esconder as mercadorias no buraco. Talvez nao as encontrem.</text>
	</string>
	<string id="gar_secret_0022_name">
		<text>Sacola de corda no buraco</text>
	</string>
	<string id="gar_secret_0023_descr">
		<text>Uma anomalia pegou alguem na escada rolante - a mochila esta a vista, mas dificil de alcancar.</text>
	</string>
	<string id="gar_secret_0023_name">
		<text>Sob a concha</text>
	</string>
	<string id="gar_secret_0024_descr">
		<text>Mal consegui passar sob as vigas, mas pelo menos a mochila esta bem escondida - ninguem vai tentar subir aqui.</text>
	</string>
	<string id="gar_secret_0024_name">
		<text>O dinheiro extra esta sob os blocos de concreto</text>
	</string>
	<string id="mil_secret_0000_description">
		<text>Escondi as mercadorias no tronco - nao acho que alguem as encontrara.</text>
	</string>
	<string id="mil_secret_0000_name">
		<text>Esconderijo secreto no tronco</text>
	</string>
	<string id="mil_secret_0001_description">
		<text>Escondi o lixo no forno.</text>
	</string>
	<string id="mil_secret_0001_name">
		<text>Esconderijo secreto no forno</text>
	</string>
	<string id="mil_secret_0002_description">
		<text>Escondi o lixo no escritorio do KAMAZ</text>
	</string>
	<string id="mil_secret_0002_name">
		<text>Esconderijo secreto no KAMAZ</text>
	</string>
	<string id="mil_secret_0003_description">
		<text>Enterrei algumas coisas boas sob a cruz perto da vila.</text>
	</string>
	<string id="mil_secret_0003_name">
		<text>Tesouro sob a cruz</text>
	</string>
	<string id="mil_secret_0004_description">
		<text>Joguei minhas coisas no cano, pego depois.</text>
	</string>
	<string id="mil_secret_0004_name">
		<text>Esconderijo secreto no cano</text>
	</string>
	<string id="mil_secret_0005_description">
		<text>Esconderijo secreto no bau dentro da torre de agua</text>
	</string>
	<string id="mil_secret_0005_name">
		<text>Tesouro na torre</text>
	</string>
	<string id="mil_secret_0006_description">
		<text>Enfiei minha mochila no forno, sera util depois.</text>
	</string>
	<string id="mil_secret_0006_name">
		<text>Esconderijo secreto no forno</text>
	</string>
	<string id="mil_secret_0007_description">
		<text>Escondi as mercadorias no carro na vila abandonada.</text>
	</string>
	<string id="mil_secret_0007_name">
		<text>Auto-esconderijo</text>
	</string>
	<string id="mil_secret_0008_description">
		<text>Deixei a mochila nas ruinas de radiacao. Tinha medo de mostrar meu rosto la.</text>
	</string>
	<string id="mil_secret_0008_name">
		<text>Segredo perigoso</text>
	</string>
	<string id="mil_secret_0009_description">
		<text>Enterrei as mercadorias sob a cruz em um lugar escondido.</text>
	</string>
	<string id="mil_secret_0009_name">
		<text>Esconderijo do stalker</text>
	</string>
	<string id="mil_secret_0010_description">
		<text>Escondi a mochila com o equipamento em um local aconchegante.</text>
	</string>
	<string id="mil_secret_0010_name">
		<text>Mochila com equipamento</text>
	</string>
	<string id="mil_secret_0011_description">
		<text>Escondi minhas porcarias no carro em uma colina</text>
	</string>
	<string id="mil_secret_0011_name">
		<text>Esconderijo secreto em uma colina</text>
	</string>
	<string id="mil_secret_0012_description">
		<text>Um helicoptero caiu bem perto da base militar abandonada, e o bau esta bem ali, sob o helicoptero. Um problema - ha anomalias e radiacao por toda parte.</text>
	</string>
	<string id="mil_secret_0012_name">
		<text>Bau do helicoptero</text>
	</string>
	<string id="mil_secret_0013_description">
		<text>Enterrei as mercadorias na colina, sob a cruz</text>
	</string>
	<string id="mil_secret_0013_name">
		<text>Segredo na lapide</text>
	</string>
	<string id="mil_secret_0014_description">
		<text>Ha um esconderijo secreto no toco - um bom lugar</text>
	</string>
	<string id="mil_secret_0014_name">
		<text>Toco secreto</text>
	</string>
	<string id="mil_secret_0015_description">
		<text>Deixei a mochila na cabine do guindaste. Pego depois</text>
	</string>
	<string id="mil_secret_0015_name">
		<text>Esconderijo secreto do trabalhador de alta altitude</text>
	</string>
	<string id="mil_secret_0016_description">
		<text>Tudo esta no bau, em um vagao de trem nao muito longe da base. Foi assim que planejamos, agora tudo o que temos que fazer e esperar.</text>
	</string>
	<string id="mil_secret_0016_name">
		<text>O esconderijo secreto combinado</text>
	</string>
	<string id="mil_secret_0017_description">
		<text>Enfiei as mercadorias no tronco. Nao acho que vao encontrar nada.</text>
	</string>
	<string id="mil_secret_0017_name">
		<text>Tesouro no tronco</text>
	</string>
	<string id="mil_secret_0018_description">
		<text>Enfiei as mercadorias em um cano na margem de um lago</text>
	</string>
	<string id="mil_secret_0018_name">
		<text>Cano com mercadorias</text>
	</string>
	<string id="mil_secret_0019_description">
		<text>Escondi minhas coisas em uma capsula de ferro</text>
	</string>
	<string id="mil_secret_0019_name">
		<text>Esconderijo secreto do stalker</text>
	</string>
	<string id="mil_secret_0020_description">
		<text>Enfiei as mercadorias em um tronco, nao acho que vao encontra-las</text>
	</string>
	<string id="mil_secret_0020_name">
		<text>Mercadorias no tronco</text>
	</string>
	<string id="mil_secret_0021_description">
		<text>Bom bau para armazenar lixo extra</text>
	</string>
	<string id="mil_secret_0021_name">
		<text>Bom bau de suprimentos</text>
	</string>
	<string id="mil_secret_0022_description">
		<text>Escondi a mochila com as mercadorias no tunel</text>
	</string>
	<string id="mil_secret_0022_name">
		<text>Mochila no tunel</text>
	</string>
	<string id="mil_secret_0023_description">
		<text>Bom bau para armazenar lixo extra</text>
	</string>
	<string id="mil_secret_0023_name">
		<text>Bau com mercadorias</text>
	</string>
	<string id="mil_secret_0024_description">
		<text>Enfiei as mercadorias em um tronco, nao acho que vao encontra-las</text>
	</string>
	<string id="mil_secret_0024_name">
		<text>Esconderijo secreto no tronco</text>
	</string>
	<string id="mil_secret_0025_description">
		<text>Joguei as mercadorias no bau - pego depois</text>
	</string>
	<string id="mil_secret_0025_name">
		<text>Esconderijo secreto temporario</text>
	</string>
	<string id="mil_secret_0026_description">
		<text>Escondi as coisas no bueiro. Elas serao uteis um dia.</text>
	</string>
	<string id="mil_secret_0026_name">
		<text>Esconderijo secreto de aco</text>
	</string>
	<string id="mil_secret_0027_description">
		<text>Joguei as mercadorias no bau - pego depois</text>
	</string>
	<string id="mil_secret_0027_name">
		<text>Bau com mercadorias</text>
	</string>
	<string id="mil_secret_0028_description">
		<text>Escondi as mercadorias no carro bem debaixo do nariz dos membros da Liberdade, nao tive tempo de procurar um lugar melhor</text>
	</string>
	<string id="mil_secret_0028_name">
		<text>Esconderijo secreto no carro</text>
	</string>
	<string id="pri_secret_0000_description">
		<text>Dizem que um stalker famoso bateu as botas aqui, e ninguem pegou suas mercadorias ainda</text>
	</string>
	<string id="pri_secret_0000_name">
		<text>Coisas do stalker morto</text>
	</string>
	<string id="pri_secret_0001_description">
		<text>Dizem que ha um bau na garagem com uma tonelada de mercadorias</text>
	</string>
	<string id="pri_secret_0001_name">
		<text>Tesouro na garagem</text>
	</string>
	<string id="pri_secret_0002_description">
		<text>Dizem que ha um bau no jardim de infancia com uma tonelada de mercadorias dentro</text>
	</string>
	<string id="pri_secret_0002_name">
		<text>Esconderijo secreto antigo</text>
	</string>
	<string id="pri_secret_0003_description">
		<text>Eles enterraram Presa em Prypiat sob um monumento. Deixaram todas as suas mercadorias com ele - nao e certo tirar dos mortos.</text>
	</string>
	<string id="pri_secret_0003_name">
		<text>Mercadorias de Presa</text>
	</string>
	<string id="pri_secret_0004_description">
		<text>A ultima coisa que sabiam sobre ele e que ele foi o unico sobrevivente apos o Desintegrador Psiquico. Ele deixou todos os suprimentos em um supermercado antigo e seguiu em frente. Tudo nao saiu como planejado, e ele foi o melhor lider da Liberdade em toda a nossa historia.</text>
	</string>
	<string id="pri_secret_0004_name">
		<text>Suprimentos do lider da Liberdade</text>
	</string>
	<string id="rad_secret_0000_description">
		<text>A cruz esta a caminho do Desintegrador Psiquico, nao fui mais longe, escondi tudo la embaixo.</text>
	</string>
	<string id="rad_secret_0000_name">
		<text>Tesouro de Murk</text>
	</string>
	<string id="rad_secret_0001_description">
		<text>Algum stalker morreu aqui, e suas mercadorias ainda estao por ai, ninguem consegue alcanca-las</text>
	</string>
	<string id="rad_secret_0001_name">
		<text>Mercadorias do stalker morto</text>
	</string>
	<string id="rad_secret_0002_description">
		<text>Dizem que ha um cofre meio enterrado na floresta e ha um monte de mercadorias dentro</text>
	</string>
	<string id="rad_secret_0002_name">
		<text>Mercadorias no cofre</text>
	</string>
	<string id="rad_secret_0003_description">
		<text>Eles foram avisados para nao voar sobre o Desintegrador Psiquico, e veja o que aconteceu. Eles pousaram no meio da floresta, e e improvavel que alguem tenha sobrevivido. Deveriamos pegar as coisas que estavam com eles.</text>
	</string>
	<string id="rad_secret_0003_name">
		<text>Pacote para o Dever</text>
	</string>
	<string id="rad_secret_0004_description">
		<text>Dizem que os suprimentos da faccao, que estavam tentando chegar ao centro da Zona, ainda estao sob a radiacao do Desintegrador Psiquico. Nenhum deles retornou, e os suprimentos permaneceram la esperando que alguem os pegasse.</text>
	</string>
	<string id="rad_secret_0004_name">
		<text>Suprimentos do grupo imprudente</text>
	</string>
	<string id="rad_secret_0005_description">
		<text>Dizem que o lider de alguma faccao anterior morreu aqui, e havia uma quantidade valiosa de mercadorias com ele</text>
	</string>
	<string id="rad_secret_0005_name">
		<text>Mercadorias do lider da faccao anterior</text>
	</string>
	<string id="ros_secret_0000_description">
		<text>Escondi a mochila atras da placa de ferro</text>
	</string>
	<string id="ros_secret_0000_name">
		<text>Mochila escondida</text>
	</string>
	<string id="ros_secret_0001_description">
		<text>Escondi as mercadorias sob a cruz</text>
	</string>
	<string id="ros_secret_0001_name">
		<text>Esconderijo secreto sob a cruz</text>
	</string>
	<string id="ros_secret_0002_description">
		<text>Escondi algo no bau sob a casinha. Nao devo esquecer.</text>
	</string>
	<string id="ros_secret_0002_name">
		<text>Bau sob a pequena casa</text>
	</string>
	<string id="ros_secret_0003_description">
		<text>Eu estava prestes a enfiar a mochila sob os degraus, quando aqueles idiotas apareceram. Cara, como vou pega-la de volta?</text>
	</string>
	<string id="ros_secret_0003_name">
		<text>Mochila do stalker</text>
	</string>
	<string id="ros_secret_0004_description">
		<text>Ha um cofre meio enterrado no canto atras da arvore. E onde todo o meu lixo ficara por enquanto.</text>
	</string>
	<string id="ros_secret_0004_name">
		<text>Esconderijo secreto atras da arvore</text>
	</string>
	<string id="ros_secret_0005_description">
		<text>Eles esconderam tudo em um bau na garagem que tomaram durante a chuva.</text>
	</string>
	<string id="ros_secret_0005_name">
		<text>Esconderijo secreto na garagem</text>
	</string>
	<string id="ros_secret_0006_description">
		<text>Escondi algumas coisas no bau atras da cabine</text>
	</string>
	<string id="ros_secret_0006_name">
		<text>Bau escondido</text>
	</string>
	<string id="ros_secret_0007_description">
		<text>Enfiei a mochila em um buraco. Parece imperceptivel de cima.</text>
	</string>
	<string id="ros_secret_0007_name">
		<text>Mochila no esconderijo secreto</text>
	</string>
	<string id="ros_secret_0008_description">
		<text>Escondi o pequeno bau em um local seguro</text>
	</string>
	<string id="ros_secret_0008_name">
		<text>Bau em um local seguro</text>
	</string>
	<string id="ros_secret_0009_description">
		<text>Minha mochila esta bem embaixo do telhado. Esta la para um dia chuvoso.</text>
	</string>
	<string id="ros_secret_0009_name">
		<text>Esconderijo secreto do stalker</text>
	</string>
	<string id="ros_secret_0010_description">
		<text>Dizem que ha um cofre naquela casinha e que ha algo dentro</text>
	</string>
	<string id="ros_secret_0010_name">
		<text>Cofre na casa</text>
	</string>
	<string id="ros_secret_0011_description">
		<text>Escondi na casa em um cano. Cuidado, tudo esta fora de controle la</text>
	</string>
	<string id="ros_secret_0011_name">
		<text>Esconderijo secreto no cano</text>
	</string>
	<string id="ros_secret_0012_description">
		<text>Pegue o que conversamos no bau. Geralmente ninguem olha la dentro</text>
	</string>
	<string id="ros_secret_0012_name">
		<text>Bau escondido</text>
	</string>
	<string id="ros_secret_0013_description">
		<text>Escondi sob a cruz em uma rua lateral</text>
	</string>
	<string id="ros_secret_0013_name">
		<text>Esconderijo secreto sob a cruz</text>
	</string>
	<string id="ros_secret_0014_description">
		<text>Eles esconderam os suprimentos extras sob o concreto no canteiro de obras</text>
	</string>
	<string id="ros_secret_0014_name">
		<text>Esconderijo secreto sob o concreto</text>
	</string>
	<string id="ros_secret_0015_description">
		<text>Caso precisemos fugir rapidamente, colocaremos o habar no bau no canteiro de obras.</text>
	</string>
	<string id="ros_secret_0015_name">
		<text>Esconderijo secreto do Sortudo</text>
	</string>
	<string id="ros_secret_0016_description">
		<text>Escondi em uma das ruas laterais no canteiro de obras</text>
	</string>
	<string id="ros_secret_0016_name">
		<text>Nychka</text>
	</string>
	<string id="ros_secret_0017_description">
		<text>Enfiei tudo em algum cano - pego depois</text>
	</string>
	<string id="ros_secret_0017_name">
		<text>Esconderijo secreto no cano</text>
	</string>
	<string id="ros_secret_0018_description">
		<text>Escondi o remedio em um bau nao muito longe do canteiro de obras</text>
	</string>
	<string id="ros_secret_0018_name">
		<text>Bau com remedios</text>
	</string>
	<string id="ros_secret_0019_description">
		<text>Arrastei o bau para a cabine do guindaste</text>
	</string>
	<string id="ros_secret_0019_name">
		<text>Bau no guindaste</text>
	</string>
	<string id="ros_secret_0020_description">
		<text>Escondi minhas mercadorias em um bueiro no canto.</text>
	</string>
	<string id="ros_secret_0020_name">
		<text>Esconderijo secreto no bueiro</text>
	</string>
	<string id="ros_secret_0021_description">
		<text>Fui atras do artefato e entrei em uma anomalia. Mal conseguia andar e deixei a mochila cair no canto.</text>
	</string>
	<string id="ros_secret_0021_name">
		<text>A mochila caida</text>
	</string>
	<string id="ros_secret_0022_description">
		<text>Enfiei o bau bem embaixo do telhado perto da torre para que ninguem notasse.</text>
	</string>
	<string id="ros_secret_0022_name">
		<text>Pequeno bau sob o telhado</text>
	</string>
	<string id="ros_secret_0023_description">
		<text>Escondemos o que encontramos no cano nao muito longe do canteiro de obras.</text>
	</string>
	<string id="ros_secret_0023_name">
		<text>Esconderijo secreto no cano</text>
	</string>
	<string id="ros_secret_0024_description">
		<text>Enfiei todas as mercadorias no tronco. Nao acho que vao encontra-las.</text>
	</string>
	<string id="ros_secret_0024_name">
		<text>Esconderijo secreto</text>
	</string>
	<string id="ros_secret_0025_description">
		<text>Deixei a mochila cair perto do guindaste</text>
	</string>
	<string id="ros_secret_0025_name">
		<text>Mochila</text>
	</string>
	<string id="val_secret_0000_description">
		<text>Escondi um pouco de mercadorias sob a cruz perto da montanha</text>
	</string>
	<string id="val_secret_0000_name">
		<text>Esconderijo secreto sob a cruz</text>
	</string>
	<string id="val_secret_0001_description">
		<text>Enfiei as mercadorias no tronco. Nao acho que vao encontra-las.</text>
	</string>
	<string id="val_secret_0001_name">
		<text>Esconderijo secreto no tronco</text>
	</string>
	<string id="val_secret_0002_description">
		<text>Enfiei a mochila sob a ponte. Deixe-a la por enquanto.</text>
	</string>
	<string id="val_secret_0002_name">
		<text>Mochila sob a ponte</text>
	</string>
	<string id="val_secret_0003_description">
		<text>Coloquei o bau no carro perto do pantano</text>
	</string>
	<string id="val_secret_0003_name">
		<text>Carro com o esconderijo secreto</text>
	</string>
	<string id="val_secret_0004_description">
		<text>Ha um esconderijo secreto em um toco - bom lugar para ele</text>
	</string>
	<string id="val_secret_0004_name">
		<text>Esconderijo secreto em um toco</text>
	</string>
	<string id="val_secret_0005_description">
		<text>Encontrei um otimo bau na fazenda. Vou guardar os suprimentos la por enquanto.</text>
	</string>
	<string id="val_secret_0005_name">
		<text>Bau com suprimentos</text>
	</string>
	<string id="val_secret_0006_description">
		<text>Joguei minhas coisas no cano. Pego depois.</text>
	</string>
	<string id="val_secret_0006_name">
		<text>Esconderijo secreto no cano</text>
	</string>
	<string id="val_secret_0007_description">
		<text>Escondi a mochila sob um pinheiro</text>
	</string>
	<string id="val_secret_0007_name">
		<text>Esconderijo secreto sob o pinheiro</text>
	</string>
	<string id="val_secret_0008_description">
		<text>O novato acabou roubando o bau dos bandidos. Ele colocou no Niva que virou de lado. Ele diz que, pela aparencia, e um bau do governo. Teremos que armar nossos caras e pega-lo.</text>
	</string>
	<string id="val_secret_0008_name">
		<text>Bau do governo</text>
	</string>
	<string id="val_secret_0009_description">
		<text>Ha roubos por toda parte. Eles estao roubando ate mesmo dos seus proprios... mas nunca encontrarao meu bau</text>
	</string>
	<string id="val_secret_0009_name">
		<text>Bau</text>
	</string>
	<string id="val_secret_0010_description">
		<text>Escondi minhas coisas no bueiro. Talvez sejam uteis algum dia.</text>
	</string>
	<string id="val_secret_0010_name">
		<text>Esconderijo secreto no bueiro</text>
	</string>
	<string id="val_secret_0011_description">
		<text>Joguei a mochila sob uma arvore. Caso contrario, nao teria escapado dos bandidos.</text>
	</string>
	<string id="val_secret_0011_name">
		<text>Mochila do stalker</text>
	</string>
	<string id="val_secret_0012_description">
		<text>Coloquei meu lixo em um cano, pego depois</text>
	</string>
	<string id="val_secret_0012_name">
		<text>Esconderijo secreto</text>
	</string>
	<string id="val_secret_0013_description">
		<text>Tudo o que roubei de Borov escondi em um cofre sob o pinheiro. Agora tenho que esperar ate que eles terminem de enlouquecer.</text>
	</string>
	<string id="val_secret_0013_name">
		<text>Cofre escondido</text>
	</string>
	<string id="val_secret_0014_description">
		<text>O quartel-general temporario esta no vagao de trem, assim como o bau com os suprimentos</text>
	</string>
	<string id="val_secret_0014_name">
		<text>Armazem no vagao de trem</text>
	</string>
	<string id="val_secret_0015_description">
		<text>Mal consegui entrar no cano sob a estrada. Agora terei um lugar para esconder minha mochila</text>
	</string>
	<string id="val_secret_0015_name">
		<text>Lugar secreto no cano</text>
	</string>
	<string id="val_secret_0016_description">
		<text>Joguei as mercadorias no bau - pego depois</text>
	</string>
	<string id="val_secret_0016_name">
		<text>Bau com mercadorias</text>
	</string>
	<string id="val_secret_0017_description">
		<text>Estou escondendo as mercadorias atras do cano - e dificil de alcancar, mas pelo menos eles nao vao fugir com elas</text>
	</string>
	<string id="val_secret_0017_name">
		<text>Esconderijo secreto atras do cano</text>
	</string>
	<string id="val_secret_0018_description">
		<text>Encontrei alguns cartuchos na sala de eletricidade</text>
	</string>
	<string id="val_secret_0018_name">
		<text>Esconderijo secreto na sala de eletricidade</text>
	</string>
	<string id="val_secret_0019_description">
		<text>Deixamos tudo o que encontramos no bau, pegaremos quando estivermos voltando</text>
	</string>
	<string id="val_secret_0019_name">
		<text>Esconderijo secreto no bau</text>
	</string>
	<string id="val_secret_0020_description">
		<text>Escondi a mochila do novato, e ele nunca a encontrou</text>
	</string>
	<string id="val_secret_0020_name">
		<text>Mochila escondida</text>
	</string>
	<string id="val_secret_0021_description">
		<text>O bau foi deixado na van - precisa ser pego</text>
	</string>
	<string id="val_secret_0021_name">
		<text>Bau esquecido</text>
	</string>
	<string id="val_secret_0022_description">
		<text>Encontrei um cofre no posto de gasolina e escondi minhas mercadorias nele. Parece que ninguem nunca vai la.</text>
	</string>
	<string id="val_secret_0022_name">
		<text>Cofre no posto de gasolina</text>
	</string>
	<string id="val_secret_0023_description">
		<text>Arrastei o bau para a cisterna</text>
	</string>
	<string id="val_secret_0023_name">
		<text>Bau</text>
	</string>
	<string id="val_secret_0024_description">
		<text>Escondi os suprimentos no cofre no posto de gasolina.</text>
	</string>
	<string id="val_secret_0024_name">
		<text>Cofre no posto de gasolina</text>
	</string>
	<string id="val_secret_0025_description">
		<text>Ha um bau no carro no acampamento dos bandidos. Precisamos entrar furtivamente no carro e verificar - sinto que ha algo la dentro</text>
	</string>
	<string id="val_secret_0025_name">
		<text>Bau no carro</text>
	</string>
	<string id="val_secret_0026_description">
		<text>Coloquei o bau no esconderijo secreto - e um lugar confiavel</text>
	</string>
	<string id="val_secret_0026_name">
		<text>Bau no esconderijo secreto</text>
	</string>
	<string id="val_secret_0027_description">
		<text>Deixei a mochila em um predio abandonado. Bom, nao ha ninguem por perto.</text>
	</string>
	<string id="val_secret_0027_name">
		<text>A mochila deixada para tras</text>
	</string>
	<string id="val_secret_0028_description">
		<text>Vamos armazenar as mercadorias em um cofre em um lugar discreto. Se os soldados nao vierem hoje, virao amanha. Eles nao vao procurar por muito tempo, entao as coisas mais valiosas serao deixadas para mim.</text>
	</string>
	<string id="val_secret_0028_name">
		<text>Esconderijo secreto de Borov</text>
	</string>
	<string id="val_secret_0029_description">
		<text>Escondi a mochila perto do predio</text>
	</string>
	<string id="val_secret_0029_name">
		<text>Mochila em um lugar secreto</text>
	</string>
	<string id="val_secret_0030_description">
		<text>Enfiei as mercadorias em um bau discreto. Pego depois</text>
	</string>
	<string id="val_secret_0030_name">
		<text>Bau discreto</text>
	</string>
	<string id="val_secret_0031_description">
		<text>Escondi a mochila sob o carro, ninguem se preocupara em procurar la</text>
	</string>
	<string id="val_secret_0031_name">
		<text>Mochila escondida</text>
	</string>
	<string id="val_secret_0032_description">
		<text>Escondi as mercadorias no carro bem debaixo do nariz dos bandidos, nao tive tempo de procurar um lugar melhor</text>
	</string>
	<string id="val_secret_0032_name">
		<text>Esconderijo secreto no carro</text>
	</string>
	<string id="x16_secret_0000_description">
		<text>Corre o boato de que havia um stalker que entrou no laboratorio e escondeu suas mercadorias nas tomadas eletricas no poco do elevador. Quando chegou a hora de pegar, ele nao conseguiu.</text>
	</string>
	<string id="x16_secret_0000_name">
		<text>Mercadorias nas tomadas eletricas</text>
	</string>
	<string id="x16_secret_0001_description">
		<text>Corre o boato de que havia um stalker que penetrou neste laboratorio e morreu na area onde estavam realizando os experimentos, com todas as suas mercadorias.</text>
	</string>
	<string id="x16_secret_0001_name">
		<text>Mochila do explorador</text>
	</string>
	<string id="x18_secret_0000_description">
		<text>Smoked colocou tudo em um cofre no laboratorio subterraneo. Nao e um lugar ruim - ninguem tem as chaves do laboratorio. O unico problema e que ha pedras que comecam a voar por toda parte de repente. Dizem que alguem morreu assim.</text>
	</string>
	<string id="x18_secret_0000_name">
		<text>Esconderijo secreto de Smoked</text>
	</string>
	<string id="x18_secret_0001_description">
		<text>Tive que deixar a mochila</text>
	</string>
	<string id="x18_secret_0001_name">
		<text>A mochila deixada para tras</text>
	</string>
	<string id="yan_secret_0000_description">
		<text>A cruz esta em uma colina, e a mochila esta embaixo dela</text>
	</string>
	<string id="yan_secret_0000_name">
		<text>Esconderijo secreto sob a cruz</text>
	</string>
	<string id="yan_secret_0001_description">
		<text>Dizem que ha um cofre meio enterrado em uma pequena ilha no pantano. Precisa obter informacoes sobre isso</text>
	</string>
	<string id="yan_secret_0001_name">
		<text>Cofre antigo</text>
	</string>
	<string id="yan_secret_0002_description">
		<text>Enfiei as mercadorias em um cano perto do acampamento</text>
	</string>
	<string id="yan_secret_0002_name">
		<text>Cano com mercadorias</text>
	</string>
	<string id="yan_secret_0003_description">
		<text>Escondi as mercadorias atras das garagens</text>
	</string>
	<string id="yan_secret_0003_name">
		<text>Mochila atras das garagens</text>
	</string>
	<string id="yan_secret_0004_description">
		<text>Escondi a mochila em uma cabine, bem atras da sucata de ferro</text>
	</string>
	<string id="yan_secret_0004_name">
		<text>Mochila com o saque</text>
	</string>
	<string id="yan_secret_0005_description">
		<text>Coloquei o bau no onibus - parece imperceptivel</text>
	</string>
	<string id="yan_secret_0005_name">
		<text>Esconderijo secreto no onibus</text>
	</string>
	<string id="yan_secret_0006_description">
		<text>As mercadorias estao escondidas no carro nao muito longe do territorio. A radiacao nao e muito alta.</text>
	</string>
	<string id="yan_secret_0006_name">
		<text>O saque esta no carro</text>
	</string>
	<string id="yan_secret_0007_description">
		<text>Dizem que ha mercadorias de alguem la, mas eles nao conseguem alcanca-las por causa da radiacao.</text>
	</string>
	<string id="yan_secret_0007_name">
		<text>Mochila antiga</text>
	</string>
	<string id="yan_secret_0008_description">
		<text>Dizem que aqui ha um esconderijo secreto de algum grupo. Eu so me pergunto como eles chegaram aqui com a radiacao?</text>
	</string>
	<string id="yan_secret_0008_name">
		<text>Esconderijo secreto de um grupo</text>
	</string>
	<string id="yan_secret_0009_description">
		<text>Outro stalker voluntario morreu porque outro prototipo nao o protegeu da radiacao. Ele so chegou ao meio do territorio e ficou la. Saharov quer fazer medicoes mais precisas, mas eu nao vou, senao acabarei ficando la tambem, nao muito longe do territorio.</text>
	</string>
	<string id="yan_secret_0009_name">
		<text>Mochila do testador</text>
	</string>
	<string id="yan_secret_0010_description">
		<text>Dizem que ha habar de alguem, mas nao ha como chegar la por causa da radiacao.</text>
	</string>
	<string id="yan_secret_0010_name">
		<text>Esconderijo secreto antigo</text>
	</string>
	<string id="yan_secret_0011_description">
		<text>Preciso fugir. Saharov e Kruglov sao psicopatas totais - eles querem que eu va com algum stalker para o centro da radiacao. Que se danem, assim que eu reunir todos os suprimentos no bueiro, vou fugir.</text>
	</string>
	<string id="yan_secret_0011_name">
		<text>Esconderijo secreto do cientista</text>
	</string>
	<string id="yan_secret_0012_description">
		<text>Enfiei as mercadorias em um tronco, nao acho que vao encontra-las.</text>
	</string>
	<string id="yan_secret_0012_name">
		<text>Tesouro em um tronco</text>
	</string>
	<string id="yan_secret_0013_description">
		<text>Dizem que ha um cofre de alguem aqui, mas nao ha como chegar la por causa da radiacao.</text>
	</string>
	<string id="yan_secret_0013_name">
		<text>Bau com mercadorias</text>
	</string>
	<string id="st_found_new_treasure">
		<text>Informacoes sobre esconderijo</text>
	</string>
</string_table>
