	<string id="bar_darklab_documents_txt">
		<text>Bartender: "De acordo com os documentos que voce trouxe de Agroprom, as coisas estao comecando a clarear, mas alguns dados estao faltando. Ha evidencias que sugerem a presenca de um Desintegrador Psiquico que bloqueia a estrada para o Norte, mas ninguem sabe exatamente o que e. Alem disso, ha mencao ao Lab X18, cuja descricao corresponde a de estruturas subterraneas abandonadas no Vale Sombrio. Sua atividade atual e desconhecida e, alem disso, bandidos agora estabeleceram sua base no Vale Sombrio.\n Varios batedores do Dever foram para la recentemente, mas ate agora nao ha noticias deles.\n Para entrar no laboratorio, voce precisara de duas chaves eletronicas; eu lhe darei uma, mas a segunda voce tera que pegar de Borov, o lider dos bandidos. \n\n Entao, voce precisa pegar a segunda chave do laboratorio de Borov, entao entrar sorrateiramente no laboratorio e pegar os documentos.</text>
	</string>
	<string id="bar_darklab_documents2_txt">
		<text>E necessario encontrar os documentos sobre as pesquisas feitas anteriormente no laboratorio x-18. Eles podem lancar alguma luz sobre o "Desintegrador Psiquico".</text>
	</string>
	<string id="dar_codedoor_1_txt">
		<text>Uma fechadura de combinacao esta bloqueando o caminho para as profundezas do laboratorio. Voce deve encontrar alguem que saiba a combinacao.</text>
	</string>
	<string id="dar_codedoor_2_txt">
		<text>Ha outra porta e certamente ha algo atras dela. Voce deve descobrir o codigo que abre esta porta.</text>
	</string>
	<string id="dar_document1">
		<text>O inicio do experimento</text>
	</string>
	<string id="dar_document2">
		<text>A segunda etapa do experimento</text>
	</string>
	<string id="dar_document3">
		<text>Relatorio de seguranca</text>
	</string>
	<string id="dar_document4">
		<text>Ataque ao pessoal</text>
	</string>
	<string id="dar_document5">
		<text>A ultima etapa do experimento</text>
	</string>
	<string id="documents_1">
		<text>Ha uma semana, decidiu-se aumentar a intensidade da radiacao nos individuos de teste. Nenhuma mudanca foi detectada nos primeiros dias. Apos varios dias, metamorfoses estranhas comecaram a ocorrer: perda de cabelo, agressividade aumentada. Varios individuos foram literalmente pisoteados por seus pares.</text>
	</string>
	<string id="documents_2">
		<text>A condicao dos individuos se estabilizou. A quantidade de cabelo agora e 10% da quantidade original. Suas garras e dentes cresceram consideravelmente. Explosoes de atividade exibem comportamento aparentemente aleatorio e nao sao direcionadas a seus pares. O tecnico de laboratorio senior A.N. Burnov especulou que isso pode indicar um aumento no intelecto dos individuos. Decidiu-se testar a nova modulacao de psi-emissoes nos individuos.</text>
	</string>
	<string id="documents_3">
		<text>Chefe de Seguranca: Ontem, o guarda de seguranca G.P. Glebov jogou um pedaco de carne para os individuos apenas por diversao. Eles o rasgaram e devoraram em meros segundos. Posteriormente, varios individuos tentaram sair das celas. Por causa disso, os tecnicos de laboratorio nao conseguiram obter as amostras de teste necessarias. Embora as acoes de G.P. Glebov tenham sido mal consideradas, proponho que o pessoal de manutencao seja equipado com armas de ar para protecao adequada em caso de emergencias.</text>
	</string>
	<string id="documents_4">
		<text>Chefe de Seguranca: Ontem, o experimento quase saiu do controle. Duas duzias de individuos de teste escaparam e vandalizaram duas salas de laboratorio. Felizmente, o pessoal de pesquisa conseguiu se trancar no andar de cima. Recebemos ordens para limpar a sala principal do laboratorio. No decorrer da operacao, tres guardas sofreram mordidas. Esperancosamente, eles ficarao bem. Desejo que o experimento termine em breve.</text>
	</string>
	<string id="documents_5">
		<text>Ontem, entregamos uma nova modulacao de psi-emissoes aos individuos de teste. Parecia que seus cerebros simplesmente foram torrados. Mal consigo imaginar como essa emissao afetaria os humanos. Testamos todos os tipos de emissao e os resultados correspondem aos obtidos em outros laboratorios. O experimento agora pode ser considerado completo. Presumivelmente, em uma semana, estaremos prontos para realizar o experimento em criaturas maiores.</text>
	</string>
	<string id="LabX18 first key">
		<text>Codigo de acesso de 2o nivel</text>
	</string>
	<string id="LabX18 second key">
		<text>Codigo de acesso de 1o nivel</text>
	</string>
	<string id="LabX18_information">
		<text>Informacoes de X18</text>
	</string>
	<string id="pass_to_1st_door">
		<text>Excelente, Colega. Fico feliz que voce tenha recebido acesso de 2o nivel. Finalmente, voce descobrira o que acontece em nosso laboratorio. Seu codigo de acesso e 1243. Chefe do Laboratorio X-18, Piotr Ilyitch Kalugin.</text>
	</string>
	<string id="pass_to_2nd_door">
		<text>Prezado colega, posso lembra-lo de que, a partir de amanha, voce cuidara do conteiner na sala central do laboratorio. Voce deve inspecionar os conteineres a cada duas horas. Relate tudo diretamente para mim. O codigo para a sala central do laboratorio e 9524. Chefe do Laboratorio X18, Piotr Ilyitch Kalugin.</text>
	</string>
	<string id="sl_x18_dream_name">
		<text>Um sonho estranho</text>
	</string>
	<string id="sl_x18_dream_text">
		<text>Tive um sonho estranho. A colossal usina nuclear de Chernobyl surge no crepusculo. Tudo parece pacifico. Um homem solitario aparece. Eu o vejo por tras contra o fundo da usina. O vento comeca a soprar. De repente, hordas de ratos comecam a fugir da estacao em todas as direcoes. O homem, com as costas ainda viradas para mim, atira nos ratos. Ha um grito abrupto: "Strelok!". O homem estremece, congela por um momento, entao comeca a virar lentamente em minha direcao, mas... apenas um instante antes de eu dar uma olhada em seu rosto, eu acordo. O que esse sonho significa? Nao sei, mas acho que e algo que ja vi antes.</text>
	</string>
	<string id="val_captive_help_txt">
		<text>O membro do Dever Bala quer que eu resgate seu parceiro que foi capturado por bandidos. Ele sera escoltado em breve para a fabrica abandonada.</text>
	</string>
	<string id="val_prisoner_help_art_txt">
		<text>Deverista: "Eles tem outro dos nossos: Serega. Eles o estao mantendo no porao... ha um predio grande la... inacabado... Ajude-o, ok? Ou eles vao acabar com ele tambem..."</text>
	</string>
	<string id="val_x18_conclusion">
		<text>Lab X18</text>
	</string>
	<string id="val_x18_conclusion_txt">
		<text>Inferno... Lab X18 nao foi divertido... e seus residentes atuais... Eu nao pensei que coisas assim existissem. Encontrei alguns documentos... Nao entendi muito do que estava escrito la, exceto que eles continham especificacoes tecnicas para alguns componentes para emissores Kaimanov. O interessante e que as pecas eram destinadas a outro laboratorio com o codinome X16 e provavelmente tambem e um secreto.</text>
	</string>
