	<string id="blokpost_case">
		<text>Pasta com documentos</text>
	</string>
	<string id="esc_fox">
		<text>Raposo ferido.</text>
	</string>
	<string id="esc_mill">
		<text>Moinho abandonado. O irmao ferido foi visto pela ultima vez por aqui.</text>
	</string>
	<string id="escape_trader">
		<text>Comerciante.</text>
	</string>
	<string id="factory_bandits">
		<text>Bandidos na fabrica.</text>
	</string>
	<string id="killers_team">
		<text>Um grupo desconhecido de Mercs.</text>
	</string>
	<string id="novice_leader">
		<text>Lider do acampamento de novatos.</text>
	</string>
	<string id="soldiers_bridge">
		<text>Posto de controle militar na ponte destruida. Os soldados sao conhecidos por aceitar subornos para deixar as pessoas passarem.</text>
	</string>
	<string id="tutorial_artefact">
		<text>Artefato.</text>
	</string>
	<string id="tutorial_bandits">
		<text>Bandidos que pararam nosso batedor.</text>
	</string>
	<string id="tutorial_secret">
		<text>Esconderijo de stalker morto.</text>
	</string>
	<string id="tutorial_secret_place1">
		<text>Esconderijo de stalker morto.</text>
	</string>
	<string id="tutorial_secret_shustryi">
		<text>Esconderijo de Agil.</text>
	</string>
	<string id="tutorial_wounded">
		<text>Agil, um prisioneiro.</text>
	</string>
	<string id="volk">
		<text>Lobo, o lider do acampamento de novatos.</text>
	</string>
	<string id="wolfs_rangers">
		<text>Batedores de Lobo.</text>
	</string>
