	<string id="general_ecolog_tip_1">
		<text>O que aconteceu? Ele esta morto? Volte imediatamente!</text>
	</string>
	<string id="general_ecolog_tip_2">
		<text>O que aconteceu? Ele esta morto? Pegue as amostras e volte imediatamente!</text>
	</string>
	<string id="storyline_ghost_tip">
		<text>Gravacao de audio de Fantasma.</text>
	</string>
	<string id="storyline_vasilyev_tip">
		<text>Gravacao de audio de Vasiliev.</text>
	</string>
	<string id="tips_labx16switcher_press">
		<text>Para desligar a maquina milagrosa, pressione ($$ACTION_USE$$)</text>
	</string>
	<string id="yan_saharov_message">
		<text>Bom homem, Marca, voce conseguiu afinal. E extremamente importante que estudemos a maquina no laboratorio. Tente desliga-la para que possamos dar uma olhada.</text>
	</string>
	<string id="yan_saharov_message_2">
		<text>Escute, este prototipo nao o protegera de emissoes poderosas por muito tempo. Eu esperava isso, entao, toda vez que uma emissao e detectada, um cronometro e ativado. Quando o tempo acabar, o prototipo nao o protegera mais, entao tenha cuidado e fique de olho no tempo.</text>
	</string>
	<string id="yan_saharov_message_3">
		<text>Otimo trabalho, Marca. A emissao foi desligada e voce ainda esta vivo. Preciso avisa-lo, no entanto. Chamamos alguns helicopteros militares para limpar a area de zumbis. E aconselhavel que voce nao vagueie por ai, a menos que precise. Ah, e a proposito, apareca em nosso bunker de vez em quando, certo?</text>
	</string>
