<?xml version="1.0" encoding="windows-1251" ?>
<string_table>
	<string id="speech_attack">
		<text>Atacar agora!</text>
	</string>
	<string id="speech_covermeartifact">
		<text>Estou indo para o artefato, me cubram!</text>
	</string>
	<string id="speech_followme">
		<text>Me sigam agora!</text>
	</string>
	<string id="speech_guardartifact">
		<text>Guardem o artefato, nao ataquem ainda!</text>
	</string>
	<string id="speech_holdingpos">
		<text>Estou mantendo a posicao.</text>
	</string>
	<string id="speech_holdpos">
		<text>Mantenham a posicao!</text>
	</string>
	<string id="speech_icoverartifact">
		<text>Vao para o artefato, eu cubro voces!</text>
	</string>
	<string id="speech_needhelp">
		<text>Preciso de ajuda!</text>
	</string>
	<string id="speech_needmoney">
		<text>Sem grana, compre algo!</text>
	</string>
	<string id="speech_no">
		<text>Nao!</text>
	</string>
	<string id="speech_noenemy">
		<text>Nao ha ninguem por aqui.</text>
	</string>
	<string id="speech_report">
		<text>Relatem a situacao!</text>
	</string>
	<string id="speech_retreat">
		<text>Retirem-se agora!</text>
	</string>
	<string id="speech_roger">
		<text>Entendido!</text>
	</string>
	<string id="speech_silence">
		<text>Silencio, todos!</text>
	</string>
	<string id="speech_sticktogether">
		<text>Mantenham-se unidos!</text>
	</string>
	<string id="speech_takeartifact">
		<text>Vao para o artefato!</text>
	</string>
</string_table>