<?xml version="1.0" encoding="windows-1251" ?>
<string_table>
	<string id="agr_secret_0000_descr">
		<text>Nosso esconderijo secreto fica no tunel. Bom lugar, poucos sabem, anomalias afastam os outros.</text>
	</string>
	<string id="agr_secret_0000_name">
		<text>Esconderijo secreto do Seriy.</text>
	</string>
	<string id="agr_secret_0001_descr">
		<text>Escondi no toco perto do tunel. Tem um buraco bom la.</text>
	</string>
	<string id="agr_secret_0001_name">
		<text>Toco com buraco.</text>
	</string>
	<string id="agr_secret_0002_descr">
		<text>Enterrei coisas embaixo da cruz perto do arbusto.</text>
	</string>
	<string id="agr_secret_0002_name">
		<text>Marca sob a cruz.</text>
	</string>
	<string id="agr_secret_0003_descr">
		<text>Joguei a mochila embaixo da arvore caida.</text>
	</string>
	<string id="agr_secret_0003_name">
		<text>Mochila sob a arvore.</text>
	</string>
	<string id="agr_secret_0004_descr">
		<text>Enfiei a mochila no cano perto da fabrica. Ninguem acha la.</text>
	</string>
	<string id="agr_secret_0004_name">
		<text>Mochila do limpador de chamine.</text>
	</string>
	<string id="agr_secret_0005_descr">
		<text>Guardei o bau no telhado da fabrica, ninguem acha. Vai enferrujar na chuva.</text>
	</string>
	<string id="agr_secret_0005_name">
		<text>Bau no telhado.</text>
	</string>
	<string id="agr_secret_0006_descr">
		<text>Estavam atirando. Larguei a mochila embaixo dos vagoes, atras do assento. Escapei, volto pra pegar.</text>
	</string>
	<string id="agr_secret_0006_name">
		<text>Mochila do bebado.</text>
	</string>
	<string id="agr_secret_0007_descr">
		<text>Escondi embaixo da cruz, atras das cisternas. Cave um pouco, nao exagere.</text>
	</string>
	<string id="agr_secret_0007_name">
		<text>Perto das tres cisternas.</text>
	</string>
	<string id="agr_secret_0008_descr">
		<text>Coloquei a mochila no alto da fabrica, ninguem ve. Nao lembro o que tem dentro.</text>
	</string>
	<string id="agr_secret_0008_name">
		<text>Mochila no olhal.</text>
	</string>
	<string id="agr_secret_0009_descr">
		<text>Escondi minhas coisas em um bau dentro da fabrica.</text>
	</string>
	<string id="agr_secret_0009_name">
		<text>Bau radioativo.</text>
	</string>
	<string id="agr_secret_0010_descr">
		<text>No bau sob as escadas tem um esconderijo secreto.</text>
	</string>
	<string id="agr_secret_0010_name">
		<text>Bau na escadaria.</text>
	</string>
	<string id="agr_secret_0011_descr">
		<text>Escondi no bau, ninguem olha la.</text>
	</string>
	<string id="agr_secret_0011_name">
		<text>Bau da fabrica.</text>
	</string>
	<string id="agr_secret_0012_descr">
		<text>Joguei a bolsa pela janela. Pego depois.</text>
	</string>
	<string id="agr_secret_0012_name">
		<text>Bolsa na viga de suporte.</text>
	</string>
	<string id="agr_secret_0013_descr">
		<text>Kolyan e eu passeamos no Agroprom. Achamos sucata, escondemos coisas. Colocamos o bau na lixeira.</text>
	</string>
	<string id="agr_secret_0013_name">
		<text>Lixeira.</text>
	</string>
	<string id="agr_secret_0014_descr">
		<text>Achei um cofre embaixo de arvore caida. Escondo tudo la por enquanto.</text>
	</string>
	<string id="agr_secret_0014_name">
		<text>Cofre sob a arvore.</text>
	</string>
	<string id="agr_secret_0015_descr">
		<text>Joguei as coisas no cano, pego depois. Tive que fazer isso, senao levava comigo. Espero que nao molhem.</text>
	</string>
	<string id="agr_secret_0015_name">
		<text>Coisas no cano.</text>
	</string>
	<string id="agr_secret_0016_descr">
		<text>Suprimentos no cano velho, avisar os caras. Nao entro la.</text>
	</string>
	<string id="agr_secret_0016_name">
		<text>Cano radioativo.</text>
	</string>
	<string id="agr_secret_0017_descr">
		<text>Fugi da base, que se dane! Desviei dos tiros dos Stalkers. Escondi coisas em pilha dentro do cano. Fico por aqui, pego depois.</text>
	</string>
	<string id="agr_secret_0017_name">
		<text>A pilha.</text>
	</string>
	<string id="agr_secret_0018_descr">
		<text>Cofre meio enterrado debaixo do arbusto, escondo tudo la.</text>
	</string>
	<string id="agr_secret_0018_name">
		<text>Cofre sob o arbusto.</text>
	</string>
	<string id="agr_secret_0019_descr">
		<text>Acharam o bau debaixo da viga de suporte. Alguem arrastou do Instituto de Pesquisa Agroprom. Esperar o windflier, pegar depois.</text>
	</string>
	<string id="agr_secret_0019_name">
		<text>Caixa de arquivo.</text>
	</string>
	<string id="agr_secret_0020_descr">
		<text>Escondi minhas coisas em capsula de ferro.</text>
	</string>
	<string id="agr_secret_0020_name">
		<text>Debaixo da porta falsa.</text>
	</string>
	<string id="agr_secret_0021_descr">
		<text>Cofre meio enterrado sob o arbusto, escondo tudo la.</text>
	</string>
	<string id="agr_secret_0021_name">
		<text>Debaixo do arbusto perto do muro.</text>
	</string>
	<string id="agr_secret_0022_descr">
		<text>Bau bom pra guardar tralha extra.</text>
	</string>
	<string id="agr_secret_0022_name">
		<text>Bau do instituto.</text>
	</string>
	<string id="agr_secret_0023_descr">
		<text>Escondi no cofre, soldados chegaram, nao consigo pegar a mercadoria.</text>
	</string>
	<string id="agr_secret_0023_name">
		<text>Agrosafe.</text>
	</string>
	<string id="agr_secret_0024_descr">
		<text>Joguei minha tralha no cano, pego depois.</text>
	</string>
	<string id="agr_secret_0024_name">
		<text>Corpo do caminhao.</text>
	</string>
	<string id="agr_secret_0025_descr">
		<text>Pegue as coisas do tronco podre.</text>
	</string>
	<string id="agr_secret_0025_name">
		<text>Tronco podre.</text>
	</string>
	<string id="agr_secret_0026_descr">
		<text>Bau bom pra guardar tralha extra. Inventario de equipamentos do instituto ja esteve la.</text>
	</string>
	<string id="agr_secret_0026_name">
		<text>Bau Zavhoz.</text>
	</string>
	<string id="agr_secret_0027_descr">
		<text>Bau bom pra coisas pequenas. Guardava meus instrumentos de metalurgia em bau desses em casa.</text>
	</string>
	<string id="agr_secret_0027_name">
		<text>Inventario de metalurgia.</text>
	</string>
	<string id="agr_u_secret_0000_descr">
		<text>Bandidos esconderam algo sob o cano, preciso conferir. Guardam suprimentos la, pelo que ouvi.</text>
	</string>
	<string id="agr_u_secret_0000_name">
		<text>"Fundo" comunitario dos bandidos.</text>
	</string>
	<string id="agr_u_secret_0001_descr">
		<text>Escondi a mochila atras das placas de concreto, levei pouco. Fico com fome, mas vivo.</text>
	</string>
	<string id="agr_u_secret_0001_name">
		<text>Mochila em beco.</text>
	</string>
	<string id="agr_u_secret_0002_descr">
		<text>Bau atras de "barril" enferrujado no subsolo, tudo la. Nao volto la. Milagre acabar com a Sanguessuga. Nao lembro como.</text>
	</string>
	<string id="agr_u_secret_0002_name">
		<text>Bau da Sanguessuga.</text>
	</string>
	<string id="agr_u_secret_0003_descr">
		<text>Coisas boas atras da porta. Sou responsavel pelos suprimentos na loja!</text>
	</string>
	<string id="agr_u_secret_0003_name">
		<text>Bugigangas do Stalker.</text>
	</string>
	<string id="agr_u_secret_0004_descr">
		<text>Desenterrei coisas boas aqui. Otimo esconderijo pro meu estoque secreto. Ninguem acha em barril amarelo.</text>
	</string>
	<string id="agr_u_secret_0004_name">
		<text>Toca do Tatu.</text>
	</string>
	<string id="bar_secret_0000_description">
		<text>Escondi a mochila perto da base da Duty. Pego depois.</text>
	</string>
	<string id="bar_secret_0000_name">
		<text>Mochila escondida.</text>
	</string>
	<string id="bar_secret_0001_description">
		<text>Bando de caes de caca veio atras. Se nao largasse a mochila, nao chegava no portao.</text>
	</string>
	<string id="bar_secret_0001_name">
		<text>Mochila deixada pra tras.</text>
	</string>
	<string id="bar_secret_0002_description">
		<text>Tudo que sobrou enterrado sob a cruz.</text>
	</string>
	<string id="bar_secret_0002_name">
		<text>Esconderijo sob a cruz.</text>
	</string>
	<string id="bar_secret_0003_description">
		<text>Deixei minha mochila aqui, fica mais facil.</text>
	</string>
	<string id="bar_secret_0003_name">
		<text>Mochila.</text>
	</string>
	<string id="bar_secret_0004_description">
		<text>Municao do posto de seguranca da Duty guardada em bunker, ninguem vigia o bau.</text>
	</string>
	<string id="bar_secret_0004_name">
		<text>Suprimentos no bunker.</text>
	</string>
	<string id="bar_secret_0005_description">
		<text>Vi membro da Duty enfiar algo no cano perto do portao.</text>
	</string>
	<string id="bar_secret_0005_name">
		<text>Esconderijo secreto.</text>
	</string>
	<string id="bar_secret_0006_description">
		<text>Tudo era dele, pode ficar aqui por enquanto.</text>
	</string>
	<string id="bar_secret_0006_name">
		<text>Esconderijo sob a cruz.</text>
	</string>
	<string id="bar_secret_0007_description">
		<text>Vou pro Bar, deixei a mochila no hangar.</text>
	</string>
	<string id="bar_secret_0007_name">
		<text>Mochila.</text>
	</string>
	<string id="bar_secret_0008_description">
		<text>Dizem que tem algo valioso escondido no territorio da Duty, no quadro de distribuicao.</text>
	</string>
	<string id="bar_secret_0008_name">
		<text>Quadro de distribuicao com esconderijo secreto.</text>
	</string>
	<string id="bar_secret_0009_description">
		<text>Escondi o bau no topo da torre em frente a Duty, ninguem nota.</text>
	</string>
	<string id="bar_secret_0009_name">
		<text>Esconderijo secreto na torre.</text>
	</string>
	<string id="bar_secret_0010_description">
		<text>Escondi na tubulacao sob as escadas.</text>
	</string>
	<string id="bar_secret_0010_name">
		<text>Esconderijo secreto.</text>
	</string>
	<string id="bar_secret_0011_description">
		<text>Escondi suprimentos perto do Bar, atras das anomalias, ninguem entra la. Mesmo que entrem, nao abrem. Puxa a porta pra cima, abre tudo.</text>
	</string>
	<string id="bar_secret_0011_name">
		<text>Esconderijo secreto do Arny.</text>
	</string>
	<string id="bar_secret_0012_description">
		<text>Enterrei suprimentos perto do Bar.</text>
	</string>
	<string id="bar_secret_0012_name">
		<text>Esconderijo secreto.</text>
	</string>
	<string id="bar_secret_0013_description">
		<text>Pelo Bar, em um bau.</text>
	</string>
	<string id="bar_secret_0013_name">
		<text>Bau.</text>
	</string>
	<string id="bar_secret_0014_description">
		<text>Escondi o bau em rua lateral perto do Bar.</text>
	</string>
	<string id="bar_secret_0014_name">
		<text>Pequeno bau.</text>
	</string>
	<string id="bar_secret_0015_description">
		<text>Enterrei sob a cruz atras dos pinheiros.</text>
	</string>
	<string id="bar_secret_0015_name">
		<text>Esconderijo secreto.</text>
	</string>
	<string id="bar_secret_0016_description">
		<text>Sob a cruz, perto da passagem pro Dark Territory.</text>
	</string>
	<string id="bar_secret_0016_name">
		<text>Esconderijo secreto.</text>
	</string>
	<string id="bar_secret_0017_description">
		<text>Escondi bau com antirrad em tubulacao perto da Arena.</text>
	</string>
	<string id="bar_secret_0017_name">
		<text>Pequeno bau.</text>
	</string>
	<string id="bar_secret_0018_description">
		<text>Escondi minhas coisas em tubulacao sob a torre.</text>
	</string>
	<string id="bar_secret_0018_name">
		<text>Esconderijo secreto.</text>
	</string>
	<string id="bar_secret_0019_description">
		<text>Tem esconderijo secreto sob a cruz.</text>
	</string>
	<string id="bar_secret_0019_name">
		<text>Esconderijo secreto.</text>
	</string>
	<string id="esc_secret_0000_descr">
		<text>Escondi suprimentos militares em vagao durante reagrupamento. Nao esquecer.</text>
	</string>
	<string id="esc_secret_0000_name">
		<text>Vagao acima da ponte.</text>
	</string>
	<string id="esc_secret_0001_descr">
		<text>Vi Stalker descer sob anomalia perto do tunel do trem na floresta. Parecia ter coisas boas.</text>
	</string>
	<string id="esc_secret_0001_name">
		<text>Coisas de quem morreu na anomalia.</text>
	</string>
	<string id="esc_secret_0002_descr">
		<text>Escondi o habar perto do acampamento dos bandidos, sob a cruz.</text>
	</string>
	<string id="esc_secret_0002_name">
		<text>Cruz perto do acampamento dos bandidos.</text>
	</string>
	<string id="esc_secret_0003_descr">
		<text>Bau roubado pelos bandidos encontrado no porao do predio central. Preparar unidade e pegar.</text>
	</string>
	<string id="esc_secret_0003_name">
		<text>Armazem dos bandidos.</text>
	</string>
	<string id="esc_secret_0004_descr">
		<text>Afastando caes de caca, enterrei suprimentos sob a ponte. Deixo la por enquanto.</text>
	</string>
	<string id="esc_secret_0004_name">
		<text>Sob a cruz.</text>
	</string>
	<string id="esc_secret_0005_descr">
		<text>Escondi a mochila no porao. Volto depois, nao pego agora.</text>
	</string>
	<string id="esc_secret_0005_name">
		<text>Abrigo no porao.</text>
	</string>
	<string id="esc_secret_0006_descr">
		<text>Achei cofre meio enterrado na fazenda. Guardo suprimentos la por enquanto.</text>
	</string>
	<string id="esc_secret_0006_name">
		<text>Cofre na fazenda.</text>
	</string>
	<string id="esc_secret_0007_descr">
		<text>Disseram que alguem escondeu algo no vagao do trem na ponte. Olhar na volta. Quem sera...</text>
	</string>
	<string id="esc_secret_0007_name">
		<text>Container no vagao do trem.</text>
	</string>
	<string id="esc_secret_0008_descr">
		<text>Escondi itens embaixo do telhado da casinha perto da ponte.</text>
	</string>
	<string id="esc_secret_0008_name">
		<text>Itens do atirador.</text>
	</string>
	<string id="esc_secret_0009_descr">
		<text>Escondi minhas coisas em um dos baus perto da ponte. Vou embora, deixo a Zona. Adeus, irmaos! Nao esqueco a patria.</text>
	</string>
	<string id="esc_secret_0009_name">
		<text>Coisas perto da ponte.</text>
	</string>
	<string id="esc_secret_0010_descr">
		<text>Stalker morreu perto do acampamento dos novatos. Verificar os itens dele.</text>
	</string>
	<string id="esc_secret_0010_name">
		<text>Mochila perto da vila.</text>
	</string>
	<string id="esc_secret_0011_descr">
		<text>Lihoi falou do esconderijo no porao. Falou demais, demos um jeito nele.</text>
	</string>
	<string id="esc_secret_0011_name">
		<text>Porao na vila.</text>
	</string>
	<string id="esc_secret_0012_descr">
		<text>Achei esconderijo otimo no porao. Espero alguem colocar algo la.</text>
	</string>
	<string id="esc_secret_0012_name">
		<text>Um bom lugar.</text>
	</string>
	<string id="esc_secret_0013_descr">
		<text>Vorpal falou de esconderijo no porao. Nossos homens em reconhecimento na area. Conferir.</text>
	</string>
	<string id="esc_secret_0013_name">
		<text>Esconderijo do Vorpal.</text>
	</string>
	<string id="esc_secret_0014_descr">
		<text>Disseram que comandante tem bau complicado no escritorio, itens valiosos la.</text>
	</string>
	<string id="esc_secret_0014_name">
		<text>Valores do comandante.</text>
	</string>
	<string id="esc_secret_0015_descr">
		<text>Stalker morreu perto do acampamento dos novatos. Ver o que carregava. Quem deixa novatos entrarem aqui?</text>
	</string>
	<string id="esc_secret_0015_name">
		<text>Perto de estrada de terra.</text>
	</string>
	<string id="esc_secret_0016_descr">
		<text>Itens escondidos no porao dos bandidos. Nao estavam la antes, esperar o momento certo pra pegar.</text>
	</string>
	<string id="esc_secret_0016_name">
		<text>Porao dos ladroes.</text>
	</string>
	<string id="esc_secret_0017_descr">
		<text>Achei estoque na tubulacao, perto da fazenda. Passar a confusao, volto la.</text>
	</string>
	<string id="esc_secret_0017_name">
		<text>Tubulacao de gas.</text>
	</string>
	<string id="esc_secret_0018_descr">
		<text>Joguei mochila fora perto do posto, pegar logo, comandante nos transfere.</text>
	</string>
	<string id="esc_secret_0018_name">
		<text>Coisas escondidas.</text>
	</string>
	<string id="esc_secret_0019_descr">
		<text>Deixei o bau na torre por enquanto. Pego quando puder.</text>
	</string>
	<string id="esc_secret_0019_name">
		<text>Torre no posto de controle.</text>
	</string>
	<string id="gar_secret_0000_descr">
		<text>Vi bandido esconder itens em bau no hangar. Como roubar sem que percebam?</text>
	</string>
	<string id="gar_secret_0000_name">
		<text>Armazem dos bandidos.</text>
	</string>
	<string id="gar_secret_0001_descr">
		<text>Eu e Vasya fomos olhar, bala acertou ele. Nao tive nada a ver. Foi a bala. Escondi coisas em tubulacao.</text>
	</string>
	<string id="gar_secret_0001_name">
		<text>Guindaste velho.</text>
	</string>
	<string id="gar_secret_0002_descr">
		<text>Grizzly morreu com todos os itens no Lixao, tunel do trem atras do diesel. Pena do Grizzly.</text>
	</string>
	<string id="gar_secret_0002_name">
		<text>Coisas do Grizzly.</text>
	</string>
	<string id="gar_secret_0003_descr">
		<text>Escondi os itens em tubulacao no Lixao.</text>
	</string>
	<string id="gar_secret_0003_name">
		<text>Tubulacao na pilha norte.</text>
	</string>
	<string id="gar_secret_0004_descr">
		<text>Itens no Lixao, em uma das tubulacoes. Se nao souber onde, nao acha.</text>
	</string>
	<string id="gar_secret_0004_name">
		<text>Grana extra no ferro-velho.</text>
	</string>
	<string id="gar_secret_0005_descr">
		<text>Escondi os itens em tubulacao de metal ao lado das cisternas. Preciso pegar, sem tempo.</text>
	</string>
	<string id="gar_secret_0005_name">
		<text>Forno de ferro ao lado da cisterna.</text>
	</string>
	<string id="gar_secret_0006_descr">
		<text>Itens uteis escondidos entre os residuos radioativos, onde poucos andam.</text>
	</string>
	<string id="gar_secret_0006_name">
		<text>Tubulacao na pilha leste.</text>
	</string>
	<string id="gar_secret_0007_descr">
		<text>Mochila de alguem largada no vale, anomalias ao redor. Como chegar la?</text>
	</string>
	<string id="gar_secret_0007_name">
		<text>Mochila de ninguem.</text>
	</string>
	<string id="gar_secret_0008_descr">
		<text>Acabei com o traidor no pantano... enterramos la, pertences sob a cruz. Coisas mais importantes pra nos preocupar.</text>
	</string>
	<string id="gar_secret_0008_name">
		<text>Pertences do assassinado.</text>
	</string>
	<string id="gar_secret_0009_descr">
		<text>Esconderijo secreto nas sombras, bom lugar pra esconder.</text>
	</string>
	<string id="gar_secret_0009_name">
		<text>Toco podre.</text>
	</string>
	<string id="gar_secret_0010_descr">
		<text>Tronco na floresta com buraco dentro. No buraco, tesouro, hora de pegar.</text>
	</string>
	<string id="gar_secret_0010_name">
		<text>Tronco na floresta.</text>
	</string>
	<string id="gar_secret_0011_descr">
		<text>Petrenko avisou de informacoes sobre esconderijo secreto da faccao Strelok no Lixao. Bueiro no fundo do vale, truque pra abrir. Acabou a confusao, conferir la.</text>
	</string>
	<string id="gar_secret_0011_name">
		<text>Armazem da faccao Strelok.</text>
	</string>
	<string id="gar_secret_0012_descr">
		<text>Escondi no carro, Long One disse que era bom lugar.</text>
	</string>
	<string id="gar_secret_0012_name">
		<text>Esconderijo secreto no carro.</text>
	</string>
	<string id="gar_secret_0013_descr">
		<text>Coloquei a mochila no onibus, parece imperceptivel.</text>
	</string>
	<string id="gar_secret_0013_name">
		<text>Mochila do stalker no onibus.</text>
	</string>
	<string id="gar_secret_0014_descr">
		<text>Coloquei suprimentos no bau, bau na casa velha na esquina. Nao entendi pra que serve essa estrutura.</text>
	</string>
	<string id="gar_secret_0014_name">
		<text>Suprimentos variados.</text>
	</string>
	<string id="gar_secret_0015_descr">
		<text>Cofre parcialmente enterrado em pilha de lixo. Tudo no cofre. Melhor nao esquecer o que tem nele.</text>
	</string>
	<string id="gar_secret_0015_name">
		<text>Cofre na pilha sul.</text>
	</string>
	<string id="gar_secret_0016_descr">
		<text>Coloquei as coisas na pilha de lixo no tubo.</text>
	</string>
	<string id="gar_secret_0016_name">
		<text>Deposito no ferro-velho.</text>
	</string>
	<string id="gar_secret_0017_descr">
		<text>Chefe das comunicacoes de radio mandou mensagem: recuar. Achei bau, joguei o que tinha dentro e recuei de maos vazias.</text>
	</string>
	<string id="gar_secret_0017_name">
		<text>Suprimentos no bau.</text>
	</string>
	<string id="gar_secret_0018_descr">
		<text>Coloquei o habar dentro do tubo no Lixao. Nao fica la por muito tempo.</text>
	</string>
	<string id="gar_secret_0018_name">
		<text>Tubo perto do onibus.</text>
	</string>
	<string id="gar_secret_0019_descr">
		<text>Esconder a mochila nas ruinas e facil. Espero que nao seja dificil pegar, se os bandidos nao atrapalharem.</text>
	</string>
	<string id="gar_secret_0019_name">
		<text>Mochila nas ruinas.</text>
	</string>
	<string id="gar_secret_0020_descr">
		<text>Duty atirando, escondi o habar no vagao de trem. Preciso entrar pra pegar. Agradecer aos Duty.</text>
	</string>
	<string id="gar_secret_0020_name">
		<text>Bau no posto militar fortemente armado.</text>
	</string>
	<string id="gar_secret_0021_descr">
		<text>Dizem que Weakling morreu no Lixao, ver os pertences dele. Senao, muitos interessados aparecem.</text>
	</string>
	<string id="gar_secret_0021_name">
		<text>Mochila de Weakling.</text>
	</string>
	<string id="gar_secret_0022_descr">
		<text>Esconder as coisas no buraco por enquanto. Talvez nao achem.</text>
	</string>
	<string id="gar_secret_0022_name">
		<text>Sacola no buraco.</text>
	</string>
	<string id="gar_secret_0023_descr">
		<text>Anomalia pegou alguem na escada rolante, mochila a vista, dificil de alcancar.</text>
	</string>
	<string id="gar_secret_0023_name">
		<text>Sob a escavadeira.</text>
	</string>
	<string id="gar_secret_0024_descr">
		<text>Passei sob as vigas, mochila bem escondida, ninguem sobe aqui.</text>
	</string>
	<string id="gar_secret_0024_name">
		<text>Dinheiro extra sob os blocos de concreto.</text>
	</string>
	<string id="mil_secret_0000_description">
		<text>Escondi as coisas no tronco, nao acho que alguem acha.</text>
	</string>
	<string id="mil_secret_0000_name">
		<text>Esconderijo secreto no tronco.</text>
	</string>
	<string id="mil_secret_0001_description">
		<text>Escondi a tralha na fornalha.</text>
	</string>
	<string id="mil_secret_0001_name">
		<text>Esconderijo secreto na fornalha.</text>
	</string>
	<string id="mil_secret_0002_description">
		<text>Escondi a sucata no escritorio da KAMAZ.</text>
	</string>
	<string id="mil_secret_0002_name">
		<text>Esconderijo secreto na KAMAZ.</text>
	</string>
	<string id="mil_secret_0003_description">
		<text>Enterrei itens debaixo da cruz perto da vila.</text>
	</string>
	<string id="mil_secret_0003_name">
		<text>Tesouro debaixo da cruz.</text>
	</string>
	<string id="mil_secret_0004_description">
		<text>Joguei minhas coisas no cano, pego depois.</text>
	</string>
	<string id="mil_secret_0004_name">
		<text>Esconderijo secreto no cano.</text>
	</string>
	<string id="mil_secret_0005_description">
		<text>Esconderijo secreto no bau dentro da caixa d'agua.</text>
	</string>
	<string id="mil_secret_0005_name">
		<text>Tesouro na torre.</text>
	</string>
	<string id="mil_secret_0006_description">
		<text>Enfiei minha mochila na fornalha, util depois.</text>
	</string>
	<string id="mil_secret_0006_name">
		<text>Esconderijo secreto na fornalha.</text>
	</string>
	<string id="mil_secret_0007_description">
		<text>Escondi os itens no carro na vila abandonada.</text>
	</string>
	<string id="mil_secret_0007_name">
		<text>Auto-esconderijo secreto.</text>
	</string>
	<string id="mil_secret_0008_description">
		<text>Deixei a mochila nas ruinas radioativas. Fiquei com medo de aparecer la.</text>
	</string>
	<string id="mil_secret_0008_name">
		<text>Segredo perigoso.</text>
	</string>
	<string id="mil_secret_0009_description">
		<text>Enterrei os itens debaixo da cruz em lugar escondido.</text>
	</string>
	<string id="mil_secret_0009_name">
		<text>Esconderijo do Stalker.</text>
	</string>
	<string id="mil_secret_0010_description">
		<text>Escondi a mochila com equipamento em lugar aconchegante.</text>
	</string>
	<string id="mil_secret_0010_name">
		<text>Mochila com equipamento.</text>
	</string>
	<string id="mil_secret_0011_description">
		<text>Escondi minha tralha no carro em colina.</text>
	</string>
	<string id="mil_secret_0011_name">
		<text>Esconderijo secreto na colina.</text>
	</string>
	<string id="mil_secret_0012_description">
		<text>Helicoptero caiu perto da base militar abandonada, bau la, embaixo do helicoptero. Problema, anomalias e radiacao por toda parte.</text>
	</string>
	<string id="mil_secret_0012_name">
		<text>Bau do helicoptero.</text>
	</string>
	<string id="mil_secret_0013_description">
		<text>Enterrei os itens na colina, debaixo da cruz.</text>
	</string>
	<string id="mil_secret_0013_name">
		<text>Segredo no tumulo.</text>
	</string>
	<string id="mil_secret_0014_description">
		<text>Tem esconderijo secreto no toco, bom lugar.</text>
	</string>
	<string id="mil_secret_0014_name">
		<text>Toco secreto.</text>
	</string>
	<string id="mil_secret_0015_description">
		<text>Deixei a mochila na cabine do guindaste. Pego depois.</text>
	</string>
	<string id="mil_secret_0015_name">
		<text>Esconderijo secreto do trabalhador de altura.</text>
	</string>
	<string id="mil_secret_0016_description">
		<text>Tudo no bau, em vagao de trem perto da base. Planejamos assim, esperar.</text>
	</string>
	<string id="mil_secret_0016_name">
		<text>Esconderijo secreto combinado.</text>
	</string>
	<string id="mil_secret_0017_description">
		<text>Enfiei os itens no tronco. Nao acho que acham nada.</text>
	</string>
	<string id="mil_secret_0017_name">
		<text>Tesouro no tronco.</text>
	</string>
	<string id="mil_secret_0018_description">
		<text>Enfiei os itens em cano na margem do lago.</text>
	</string>
	<string id="mil_secret_0018_name">
		<text>Cano com itens.</text>
	</string>
	<string id="mil_secret_0019_description">
		<text>Escondi minhas coisas em capsula de ferro.</text>
	</string>
	<string id="mil_secret_0019_name">
		<text>Esconderijo secreto do Stalker.</text>
	</string>
	<string id="mil_secret_0020_description">
		<text>Enfiei os itens em tronco, nao acho que acham.</text>
	</string>
	<string id="mil_secret_0020_name">
		<text>Itens no tronco.</text>
	</string>
	<string id="mil_secret_0021_description">
		<text>Bau bom pra guardar tralha extra.</text>
	</string>
	<string id="mil_secret_0021_name">
		<text>Bom bau de suprimentos.</text>
	</string>
	<string id="mil_secret_0022_description">
		<text>Escondi a mochila com os itens no tunel.</text>
	</string>
	<string id="mil_secret_0022_name">
		<text>Mochila no tunel.</text>
	</string>
	<string id="mil_secret_0023_description">
		<text>Bau bom pra guardar tralha extra.</text>
	</string>
	<string id="mil_secret_0023_name">
		<text>Bau com itens.</text>
	</string>
	<string id="mil_secret_0024_description">
		<text>Enfiei os itens dentro de tronco, acho que ninguem acha.</text>
	</string>
	<string id="mil_secret_0024_name">
		<text>Esconderijo no tronco.</text>
	</string>
	<string id="mil_secret_0025_description">
		<text>Joguei os itens dentro do bau, pego depois.</text>
	</string>
	<string id="mil_secret_0025_name">
		<text>Esconderijo temporario.</text>
	</string>
	<string id="mil_secret_0026_description">
		<text>Escondi as coisas no bueiro. Serao uteis um dia.</text>
	</string>
	<string id="mil_secret_0026_name">
		<text>Esconderijo de aco.</text>
	</string>
	<string id="mil_secret_0027_description">
		<text>Joguei os itens dentro do bau, pego depois.</text>
	</string>
	<string id="mil_secret_0027_name">
		<text>Bau com itens.</text>
	</string>
	<string id="mil_secret_0028_description">
		<text>Escondi os itens no carro bem debaixo do nariz dos Freedom, nao tive tempo de procurar lugar melhor.</text>
	</string>
	<string id="mil_secret_0028_name">
		<text>Esconderijo no carro.</text>
	</string>
	<string id="pri_secret_0000_description">
		<text>Dizem que Stalker famoso morreu aqui, ninguem pegou os itens dele ainda.</text>
	</string>
	<string id="pri_secret_0000_name">
		<text>Coisas do Stalker morto.</text>
	</string>
	<string id="pri_secret_0001_description">
		<text>Dizem que tem bau na garagem com muitos itens.</text>
	</string>
	<string id="pri_secret_0001_name">
		<text>Tesouro na garagem.</text>
	</string>
	<string id="pri_secret_0002_description">
		<text>Dizem que tem bau no jardim de infancia com muitos itens dentro.</text>
	</string>
	<string id="pri_secret_0002_name">
		<text>Velho esconderijo.</text>
	</string>
	<string id="pri_secret_0003_description">
		<text>Fang enterrado em Prypiat sob monumento. Deixaram todos os itens com ele, nao certo pegar algo dos mortos.</text>
	</string>
	<string id="pri_secret_0003_name">
		<text>Itens de Fang.</text>
	</string>
	<string id="pri_secret_0004_description">
		<text>Ultima coisa que souberam dele foi que sobreviveu ao Desintegrador Psiquico. Deixou suprimentos em supermercado antigo e seguiu. Tudo saiu do controle, melhor lider dos Freedom da historia.</text>
	</string>
	<string id="pri_secret_0004_name">
		<text>Suprimentos do lider dos Freedom.</text>
	</string>
	<string id="rad_secret_0000_description">
		<text>Cruz no caminho pro Desintegrador Psiquico, nao fui mais longe, escondi tudo la embaixo.</text>
	</string>
	<string id="rad_secret_0000_name">
		<text>Tesouro de Murk.</text>
	</string>
	<string id="rad_secret_0001_description">
		<text>Stalker morreu aqui, itens dele por ai, ninguem pega.</text>
	</string>
	<string id="rad_secret_0001_name">
		<text>Itens do Stalker morto.</text>
	</string>
	<string id="rad_secret_0002_description">
		<text>Dizem que tem cofre meio enterrado na floresta, muitos itens dentro.</text>
	</string>
	<string id="rad_secret_0002_name">
		<text>Itens no cofre.</text>
	</string>
	<string id="rad_secret_0003_description">
		<text>Disseram pra nao sobrevoar o Desintegrador Psiquico, olha o que deu. Pousaram no meio da floresta, ninguem sobreviveu. Pegar as coisas deles.</text>
	</string>
	<string id="rad_secret_0003_name">
		<text>Pacote para Duty.</text>
	</string>
	<string id="rad_secret_0004_description">
		<text>Dizem que suprimentos da faccao que tentava chegar ao centro da Zona ainda estao sob radiacao do Desintegrador Psiquico. Ninguem voltou, suprimentos la esperando.</text>
	</string>
	<string id="rad_secret_0004_name">
		<text>Suprimentos do grupo imprudente.</text>
	</string>
	<string id="rad_secret_0005_description">
		<text>Dizem que lider de antiga faccao morreu aqui, itens valiosos com ele.</text>
	</string>
	<string id="rad_secret_0005_name">
		<text>Itens do lider da antiga faccao.</text>
	</string>
	<string id="ros_secret_0000_description">
		<text>Escondi a mochila atras da chapa de ferro.</text>
	</string>
	<string id="ros_secret_0000_name">
		<text>Mochila escondida.</text>
	</string>
	<string id="ros_secret_0001_description">
		<text>Guardei os itens sob a cruz.</text>
	</string>
	<string id="ros_secret_0001_name">
		<text>Esconderijo sob a cruz.</text>
	</string>
	<string id="ros_secret_0002_description">
		<text>Escondi coisinha no bau embaixo da casa pequena. Nao esquecer.</text>
	</string>
	<string id="ros_secret_0002_name">
		<text>Bau embaixo da casa pequena.</text>
	</string>
	<string id="ros_secret_0003_description">
		<text>Ia colocar a mochila embaixo dos degraus, aqueles idiotas apareceram. Como pegar de volta?</text>
	</string>
	<string id="ros_secret_0003_name">
		<text>Mochila do Stalker.</text>
	</string>
	<string id="ros_secret_0004_description">
		<text>Tem cofre meio enterrado no canto atras da arvore. Lixo fica la por agora.</text>
	</string>
	<string id="ros_secret_0004_name">
		<text>Esconderijo secreto atras da arvore.</text>
	</string>
	<string id="ros_secret_0005_description">
		<text>Esconderam tudo em bau na garagem que tomaram durante a chuva.</text>
	</string>
	<string id="ros_secret_0005_name">
		<text>Esconderijo secreto na garagem.</text>
	</string>
	<string id="ros_secret_0006_description">
		<text>Escondi coisas no bau atras da barraca.</text>
	</string>
	<string id="ros_secret_0006_name">
		<text>Bau escondido.</text>
	</string>
	<string id="ros_secret_0007_description">
		<text>Coloquei a mochila em buraco. Parece imperceptivel de cima.</text>
	</string>
	<string id="ros_secret_0007_name">
		<text>Mochila no esconderijo secreto.</text>
	</string>
	<string id="ros_secret_0008_description">
		<text>Escondi o bau pequeno em lugar seguro.</text>
	</string>
	<string id="ros_secret_0008_name">
		<text>Bau em lugar seguro.</text>
	</string>
	<string id="ros_secret_0009_description">
		<text>Minha mochila embaixo do telhado. La pra um dia chuvoso.</text>
	</string>
	<string id="ros_secret_0009_name">
		<text>Esconderijo secreto do stalker.</text>
	</string>
	<string id="ros_secret_0010_description">
		<text>Dizem que tem cofre naquela casa pequena, algo dentro.</text>
	</string>
	<string id="ros_secret_0010_name">
		<text>Cofre na casa.</text>
	</string>
	<string id="ros_secret_0011_description">
		<text>Escondi na casa em cano. Cuidado, tudo baguncado la.</text>
	</string>
	<string id="ros_secret_0011_name">
		<text>Esconderijo secreto no cano.</text>
	</string>
	<string id="ros_secret_0012_description">
		<text>Pega o que combinamos no bau. Ninguem olha la dentro.</text>
	</string>
	<string id="ros_secret_0012_name">
		<text>Bau escondido.</text>
	</string>
	<string id="ros_secret_0013_description">
		<text>Escondi embaixo da cruz em rua lateral.</text>
	</string>
	<string id="ros_secret_0013_name">
		<text>Esconderijo secreto embaixo da cruz.</text>
	</string>
	<string id="ros_secret_0014_description">
		<text>Esconderam suprimentos extras embaixo do concreto no canteiro de obras.</text>
	</string>
	<string id="ros_secret_0014_name">
		<text>Esconderijo secreto embaixo do concreto.</text>
	</string>
	<string id="ros_secret_0015_description">
		<text>Precisamos sair rapido, habar no bau no canteiro de obras.</text>
	</string>
	<string id="ros_secret_0015_name">
		<text>Esconderijo secreto do Lucky One.</text>
	</string>
	<string id="ros_secret_0016_description">
		<text>Escondi em uma das ruas laterais no canteiro de obras.</text>
	</string>
	<string id="ros_secret_0016_name">
		<text>Nychka.</text>
	</string>
	<string id="ros_secret_0017_description">
		<text>Enfiei tudo em cano, pego depois.</text>
	</string>
	<string id="ros_secret_0017_name">
		<text>Esconderijo secreto no cano.</text>
	</string>
	<string id="ros_secret_0018_description">
		<text>Escondi os remedios em bau perto do canteiro de obras.</text>
	</string>
	<string id="ros_secret_0018_name">
		<text>Bau com remedios.</text>
	</string>
	<string id="ros_secret_0019_description">
		<text>Arrastei o bau pra cabine do guindaste.</text>
	</string>
	<string id="ros_secret_0019_name">
		<text>Bau no guindaste.</text>
	</string>
	<string id="ros_secret_0020_description">
		<text>Escondi minhas coisas em bueiro no canto.</text>
	</string>
	<string id="ros_secret_0020_name">
		<text>Esconderijo secreto no bueiro.</text>
	</string>
	<string id="ros_secret_0021_description">
		<text>Fui atras do artefato, cai em anomalia. Andei mal, deixei a mochila no canto.</text>
	</string>
	<string id="ros_secret_0021_name">
		<text>Mochila largada.</text>
	</string>
	<string id="ros_secret_0022_description">
		<text>Coloquei o bau embaixo do telhado perto da torre, ninguem percebe.</text>
	</string>
	<string id="ros_secret_0022_name">
		<text>Bau pequeno embaixo do telhado.</text>
	</string>
	<string id="ros_secret_0023_description">
		<text>Escondemos o que achamos no cano perto do canteiro de obras.</text>
	</string>
	<string id="ros_secret_0023_name">
		<text>Esconderijo secreto no cano.</text>
	</string>
	<string id="ros_secret_0024_description">
		<text>Enfiei tudo no tronco. Nao acho que acham.</text>
	</string>
	<string id="ros_secret_0024_name">
		<text>Esconderijo secreto.</text>
	</string>
	<string id="ros_secret_0025_description">
		<text>Deixei a mochila perto do guindaste.</text>
	</string>
	<string id="ros_secret_0025_name">
		<text>Mochila.</text>
	</string>
	<string id="val_secret_0000_description">
		<text>Escondi coisas boas embaixo da cruz perto da montanha.</text>
	</string>
	<string id="val_secret_0000_name">
		<text>Esconderijo secreto embaixo da cruz.</text>
	</string>
	<string id="val_secret_0001_description">
		<text>Enfiei as coisas no tronco. Nao acho que acham.</text>
	</string>
	<string id="val_secret_0001_name">
		<text>Esconderijo secreto no tronco.</text>
	</string>
	<string id="val_secret_0002_description">
		<text>Coloquei a mochila embaixo da ponte. Deixo la por enquanto.</text>
	</string>
	<string id="val_secret_0002_name">
		<text>Mochila embaixo da ponte.</text>
	</string>
	<string id="val_secret_0003_description">
		<text>Coloquei o bau dentro do carro perto do pantano.</text>
	</string>
	<string id="val_secret_0003_name">
		<text>Carro com o esconderijo secreto.</text>
	</string>
	<string id="val_secret_0004_description">
		<text>Tem esconderijo secreto em toco, bom lugar.</text>
	</string>
	<string id="val_secret_0004_name">
		<text>Esconderijo secreto no toco.</text>
	</string>
	<string id="val_secret_0005_description">
		<text>Achei bau otimo na fazenda. Guardo suprimentos la por enquanto.</text>
	</string>
	<string id="val_secret_0005_name">
		<text>Bau com suprimentos.</text>
	</string>
	<string id="val_secret_0006_description">
		<text>Joguei minhas coisas no cano. Pego depois.</text>
	</string>
	<string id="val_secret_0006_name">
		<text>Esconderijo secreto no cano.</text>
	</string>
	<string id="val_secret_0007_description">
		<text>Escondi a mochila embaixo de pinheiro.</text>
	</string>
	<string id="val_secret_0007_name">
		<text>Esconderijo secreto embaixo do pinheiro.</text>
	</string>
	<string id="val_secret_0008_description">
		<text>Novato roubou bau dos bandidos. Colocou no Niva virado. Diz que e bau do governo. Armar nossos caras e pegar ele.</text>
	</string>
	<string id="val_secret_0008_name">
		<text>Bau do governo.</text>
	</string>
	<string id="val_secret_0009_description">
		<text>Assaltos por todo lado. Roubam ate dos proprios... mas nunca acham meu bau.</text>
	</string>
	<string id="val_secret_0009_name">
		<text>Bau.</text>
	</string>
	<string id="val_secret_0010_description">
		<text>Escondi minhas coisas no bueiro. Uteis algum dia.</text>
	</string>
	<string id="val_secret_0010_name">
		<text>Esconderijo secreto no bueiro.</text>
	</string>
	<string id="val_secret_0011_description">
		<text>Joguei a mochila embaixo de arvore. Senao, nao escapava dos bandidos.</text>
	</string>
	<string id="val_secret_0011_name">
		<text>Mochila do Stalker.</text>
	</string>
	<string id="val_secret_0012_description">
		<text>Coloquei meu lixo em cano, pego depois.</text>
	</string>
	<string id="val_secret_0012_name">
		<text>Esconderijo secreto.</text>
	</string>
	<string id="val_secret_0013_description">
		<text>Roubei do Borov, escondi em cofre embaixo do pinheiro. Esperar eles pararem de surtar.</text>
	</string>
	<string id="val_secret_0013_name">
		<text>Cofre escondido.</text>
	</string>
	<string id="val_secret_0014_description">
		<text>Quartel-general temporario no vagao de trem, bau com suprimentos tambem.</text>
	</string>
	<string id="val_secret_0014_name">
		<text>Armazem no vagao de trem.</text>
	</string>
	<string id="val_secret_0015_description">
		<text>Entrei no cano embaixo da estrada. Lugar pra esconder minha mochila.</text>
	</string>
	<string id="val_secret_0015_name">
		<text>Lugar secreto no cano.</text>
	</string>
	<string id="val_secret_0016_description">
		<text>Joguei as coisas no bau, pego depois.</text>
	</string>
	<string id="val_secret_0016_name">
		<text>Bau com coisas.</text>
	</string>
	<string id="val_secret_0017_description">
		<text>Escondendo as coisas boas atras do cano. Dificil de chegar, nao levam.</text>
	</string>
	<string id="val_secret_0017_name">
		<text>Esconderijo secreto atras do cano.</text>
	</string>
	<string id="val_secret_0018_description">
		<text>Achei cartuchos na sala de eletricidade.</text>
	</string>
	<string id="val_secret_0018_name">
		<text>Esconderijo secreto na sala de eletricidade.</text>
	</string>
	<string id="val_secret_0019_description">
		<text>Deixamos tudo que achamos no bau, pegamos quando voltarmos.</text>
	</string>
	<string id="val_secret_0019_name">
		<text>Esconderijo secreto no bau.</text>
	</string>
	<string id="val_secret_0020_description">
		<text>Escondi a mochila do novato, ele nunca achou.</text>
	</string>
	<string id="val_secret_0020_name">
		<text>Mochila escondida.</text>
	</string>
	<string id="val_secret_0021_description">
		<text>Bau deixado na van, precisa pegar.</text>
	</string>
	<string id="val_secret_0021_name">
		<text>Bau esquecido.</text>
	</string>
	<string id="val_secret_0022_description">
		<text>Achei cofre no posto de gasolina, escondi minhas coisas la. Ninguem vai la.</text>
	</string>
	<string id="val_secret_0022_name">
		<text>Cofre no posto de gasolina.</text>
	</string>
	<string id="val_secret_0023_description">
		<text>Arrastei o bau pra cima da cisterna.</text>
	</string>
	<string id="val_secret_0023_name">
		<text>Bau.</text>
	</string>
	<string id="val_secret_0024_description">
		<text>Escondi os suprimentos no cofre no posto de gasolina.</text>
	</string>
	<string id="val_secret_0024_name">
		<text>Cofre no posto de gasolina.</text>
	</string>
	<string id="val_secret_0025_description">
		<text>Tem bau no carro no acampamento dos bandidos. Entrar no carro e olhar, sinto que tem algo la.</text>
	</string>
	<string id="val_secret_0025_name">
		<text>Bau no carro.</text>
	</string>
	<string id="val_secret_0026_description">
		<text>Coloquei o bau no esconderijo secreto, lugar confiavel.</text>
	</string>
	<string id="val_secret_0026_name">
		<text>Bau no esconderijo secreto.</text>
	</string>
	<string id="val_secret_0027_description">
		<text>Deixei a mochila em predio abandonado. Ninguem por perto.</text>
	</string>
	<string id="val_secret_0027_name">
		<text>Mochila deixada pra tras.</text>
	</string>
	<string id="val_secret_0028_description">
		<text>Guardar coisas em cofre em lugar discreto. Soldados vem hoje ou amanha. Nao procuram muito, coisas valiosas pra mim.</text>
	</string>
	<string id="val_secret_0028_name">
		<text>Esconderijo secreto do Borov.</text>
	</string>
	<string id="val_secret_0029_description">
		<text>Guardei a mochila perto do predio.</text>
	</string>
	<string id="val_secret_0029_name">
		<text>Mochila em lugar secreto.</text>
	</string>
	<string id="val_secret_0030_description">
		<text>Enfiei coisas boas em bau discreto. Pego depois.</text>
	</string>
	<string id="val_secret_0030_name">
		<text>Bau discreto.</text>
	</string>
	<string id="val_secret_0031_description">
		<text>Escondi a mochila embaixo do carro, ninguem olha la.</text>
	</string>
	<string id="val_secret_0031_name">
		<text>Mochila escondida.</text>
	</string>
	<string id="val_secret_0032_description">
		<text>Escondi as coisas boas no carro debaixo do nariz dos bandidos, sem tempo pra lugar melhor.</text>
	</string>
	<string id="val_secret_0032_name">
		<text>Esconderijo secreto no carro.</text>
	</string>
	<string id="x16_secret_0000_description">
		<text>Rumor diz que stalker entrou no Lab X-16 e escondeu coisas nas tomadas eletricas no poco do elevador. Nao conseguiu pegar depois.</text>
	</string>
	<string id="x16_secret_0000_name">
		<text>Coisas nas tomadas eletricas.</text>
	</string>
	<string id="x16_secret_0001_description">
		<text>Rumor diz que stalker entrou no Lab X-16 e morreu na area de experimentos, com todas as coisas.</text>
	</string>
	<string id="x16_secret_0001_name">
		<text>Mochila do Explorador.</text>
	</string>
	<string id="x18_secret_0000_description">
		<text>Smoked colocou tudo em cofre no Lab X-18. Bom lugar, ninguem tem chaves do lab. Problema e pedras voando do nada. Dizem que alguem morreu assim.</text>
	</string>
	<string id="x18_secret_0000_name">
		<text>Esconderijo secreto do Smoked.</text>
	</string>
	<string id="x18_secret_0001_description">
		<text>Teve que deixar a mochila.</text>
	</string>
	<string id="x18_secret_0001_name">
		<text>Mochila deixada para tras.</text>
	</string>
	<string id="yan_secret_0000_description">
		<text>Cruz em colina, mochila embaixo dela.</text>
	</string>
	<string id="yan_secret_0000_name">
		<text>Esconderijo secreto debaixo da cruz.</text>
	</string>
	<string id="yan_secret_0001_description">
		<text>Dizem que tem cofre semi-enterrado em ilha pequena no pantano. Preciso me informar.</text>
	</string>
	<string id="yan_secret_0001_name">
		<text>Cofre antigo.</text>
	</string>
	<string id="yan_secret_0002_description">
		<text>Enfiei os bens em cano perto do acampamento.</text>
	</string>
	<string id="yan_secret_0002_name">
		<text>Cano com bens.</text>
	</string>
	<string id="yan_secret_0003_description">
		<text>Escondi os bens atras das garagens.</text>
	</string>
	<string id="yan_secret_0003_name">
		<text>Mochila atras das garagens.</text>
	</string>
	<string id="yan_secret_0004_description">
		<text>Escondi a mochila em cabine, atras da sucata de ferro.</text>
	</string>
	<string id="yan_secret_0004_name">
		<text>Mochila com o saque.</text>
	</string>
	<string id="yan_secret_0005_description">
		<text>Coloquei o bau no onibus, parece imperceptivel.</text>
	</string>
	<string id="yan_secret_0005_name">
		<text>Esconderijo secreto no onibus.</text>
	</string>
	<string id="yan_secret_0006_description">
		<text>Saque escondido no carro perto do territorio. Radiacao nao alta.</text>
	</string>
	<string id="yan_secret_0006_name">
		<text>Saque no carro.</text>
	</string>
	<string id="yan_secret_0007_description">
		<text>Dizem que tem bens de alguem la, nao conseguem chegar por causa da radiacao.</text>
	</string>
	<string id="yan_secret_0007_name">
		<text>Mochila antiga.</text>
	</string>
	<string id="yan_secret_0008_description">
		<text>Dizem que tem esconderijo secreto de grupo aqui. Como chegaram aqui com a radiacao?</text>
	</string>
	<string id="yan_secret_0008_name">
		<text>Esconderijo secreto de um grupo.</text>
	</string>
	<string id="yan_secret_0009_description">
		<text>Outro voluntario stalker morreu, prototipo nao protegeu da radiacao. Chegou no meio do territorio, ficou la. Saharov quer medicoes, nao vou, fico la tambem, perto do territorio.</text>
	</string>
	<string id="yan_secret_0009_name">
		<text>Mochila do testador.</text>
	</string>
	<string id="yan_secret_0010_description">
		<text>Dizem que tem bens de alguem la, nao da pra chegar por causa da radiacao.</text>
	</string>
	<string id="yan_secret_0010_name">
		<text>Esconderijo secreto antigo.</text>
	</string>
	<string id="yan_secret_0011_description">
		<text>Preciso ir embora. Saharov e Kruglov psicopatas, querem que eu va com stalker pro centro da radiacao. Reuno suprimentos no bueiro e vou.</text>
	</string>
	<string id="yan_secret_0011_name">
		<text>Esconderijo secreto do cientista.</text>
	</string>
	<string id="yan_secret_0012_description">
		<text>Enfiei os bens em tronco, nao acho que acham.</text>
	</string>
	<string id="yan_secret_0012_name">
		<text>Tesouro em tronco.</text>
	</string>
	<string id="yan_secret_0013_description">
		<text>Dizem que tem cofre de alguem aqui, nao da pra chegar por causa da radiacao.</text>
	</string>
	<string id="yan_secret_0013_name">
		<text>Bau com bens.</text>
	</string>
	<string id="st_found_new_treasure">
		<text>Informacoes sobre esconderijo.</text>
	</string>
</string_table>