<?xml version="1.0" encoding="windows-1251" ?>
<string_table>
	<string id="agr_factory_krot_start_0">
		<text>Obrigado pela sua ajuda, stalker! Se voce nao tivesse aparecido, eu ja teria morrido agora.</text>
	</string>
	<string id="agr_factory_krot_start_10001">
		<text>Estou procurando informacoes sobre Strelok, talvez voce saiba de algo?</text>
	</string>
	<string id="agr_factory_krot_start_10002">
		<text>Como eu entro no subsolo?</text>
	</string>
	<string id="agr_factory_krot_start_15001">
		<text>O esconderijo secreto de Strelok?</text>
	</string>
	<string id="agr_factory_krot_start_15002">
		<text>Obrigado pela informacao.</text>
	</string>
	<string id="agr_factory_krot_start_1501">
		<text>Sim, ja ouvi falar disso. Dizem que ele costumava "trabalhar" por aqui e o esconderijo de Strelok esta nos subsolos locais. Falam que a base do grupo dele ficava aqui tambem.</text>
	</string>
	<string id="agr_factory_krot_start_1502">
		<text>Esta e uma das muitas saidas que vao te levar aos subsolos interconectados. Quando voce estiver la, esta por sua conta - eu nao tenho um mapa e a rede de subsolos e enorme e confusa.</text>
	</string>
	<string id="agr_factory_krot_start_2">
		<text>Estou procurando informacoes sobre Strelok. Seriy me disse que voce sabe algo sobre ele.</text>
	</string>
	<string id="agr_factory_krot_start_30001">
		<text>Obrigado.</text>
	</string>
	<string id="agr_factory_krot_start_3001">
		<text>Sim, nos tambem procuramos mas nao encontramos nada. Vou te enviar algumas informacoes sobre isso. Isso e tudo que temos sobre o esconderijo.</text>
	</string>
	<string id="agr_factory_stalker_about_0">
		<text>O que esta acontecendo aqui?</text>
	</string>
	<string id="agr_factory_stalker_about_1">
		<text>Estamos lutando, ou melhor, apenas acampando como patos sentados. Fale com Mole se quiser saber mais - ele e o lider.</text>
	</string>
	<string id="agr_factory_stalker_start_0">
		<text>Rapaz, foi uma luta e tanto - voce nao gostaria de passar por isso nem com seu pior inimigo. Esses soldados do exercito estao ficando bem convencidos!</text>
	</string>
	<string id="agr_krot_about_agroprom_0">
		<text>Onde fica o Instituto de Pesquisa Agroprom?</text>
	</string>
	<string id="agr_krot_about_agroprom_10">
		<text>Nao muito longe daqui. Siga a estrada para o Oeste e voce vai chegar nos portoes do Instituto.</text>
	</string>
	<string id="agr_krot_about_agroprom_100">
		<text>Ouvi dizer que o exercito montou uma base la, certo?</text>
	</string>
	<string id="agr_krot_about_agroprom_120">
		<text>Obrigado pela informacao.</text>
	</string>
	<string id="agr_krot_about_agroprom_20">
		<text>Sim, ha uma base militar. Nao sei o numero exato, mas deve ser pelo menos um pelotao. Eles estao bem armados e voce nao tem chances de passar - vao te derrubar antes de voce conseguir dizer "ola". A melhor forma de entrar e durante a noite, pois a base e bem vigiada durante o dia - ha pontos de controle por toda parte e, de qualquer forma, ouvi dizer que um desertor dessa base esta escondido nos pantanos. Se voce conseguir encontra-lo, tenho certeza que pode obter algumas informacoes uteis dele.</text>
	</string>
	<string id="agr_krot_actor_hasnot_met_seriy_0">
		<text>O que esta acontecendo?</text>
	</string>
	<string id="agr_krot_actor_hasnot_met_seriy_100">
		<text>Eu e meus rapazes encontramos uma boa area cheia de artefatos, mas esses bastardos do exercito nos atacaram por algum motivo. Nao sei o que diabos eles queriam de nos...</text>
	</string>
	<string id="agr_krot_actor_hasnot_met_seriy_200">
		<text>Sim, ja ouvi falar dele. Acho que ele costumava "ganhar a vida" por aqui - e um lugar bem bom, na verdade. Ele foi embora ha muito tempo; nao sei quando exatamente e nao tenho ideia para onde ele foi. Isso e tudo o que posso te contar.</text>
	</string>
	<string id="agr_krot_actor_hasnot_met_seriy_2000">
		<text>Voce nao estava esperando aqui a toa, estava? Caso contrario, porque as Forcas Especiais apareceriam aqui?</text>
	</string>
	<string id="agr_krot_actor_hasnot_met_seriy_250">
		<text>Ok, eu sei algo sobre Strelok.</text>
	</string>
	<string id="agr_krot_actor_hasnot_met_seriy_2500">
		<text>Sim? Eu realmente preciso saber disso!</text>
	</string>
	<string id="agr_krot_actor_hasnot_met_seriy_3500">
		<text>Se voce mentiu para mim, eu vou te encontrar e terminar o que os soldados nao conseguiram!</text>
	</string>
	<string id="agr_krot_actor_hasnot_met_seriy_400">
		<text>Eu nao estou mentindo. Eu sei que ninguem confia em ninguem aqui, entao voce tem poucas opcoes.</text>
	</string>
	<string id="agr_krot_actor_met_seriy_100">
		<text>Seriy? Bem, ok, escute. Dizem que Strelok costumava se esgueirar por aqui. Alem disso, seu esconderijo esta por aqui, abaixo do solo. Ouvi dizer que o grupo dele ate tem sua base aqui. Nos tambem procuramos o esconderijo, mas nao encontramos nada. Vou te dar as informacoes sobre o esconderijo, talvez voce tenha mais sorte. Isso e tudo o que temos sobre o esconderijo.</text>
	</string>
	<string id="agr_krot_actor_met_seriy_2000">
		<text>O que mais voce sabe?</text>
	</string>
	<string id="agr_krot_actor_met_seriy_250">
		<text>Eu nao sei mais nada. Te contei tudo o que sabia e agora voce vai ter que descobrir por conta propria. Boa sorte para voce.</text>
	</string>
	<string id="agr_krot_help_0">
		<text>Me ajude, stalker!</text>
	</string>
	<string id="agr_krot_help_10">
		<text>Ok.</text>
	</string>
	<string id="agr_ratcatcher_start_0">
		<text>Nao atire, cara!</text>
	</string>
	<string id="agr_stalker_esc_0">
		<text>O que voce esta fazendo?</text>
	</string>
	<string id="agr_stalker_esc_20">
		<text>Eu estou voltando da fabrica que fica um pouco mais adiante na estrada. Nao sei como, mas o exercito descobriu nosso grupo. Eu nao esperei eles chegarem e sai o mais rapido que pude. Espero que nossos caras tenham saido de la, porque senao nao vao estar vivos por muito mais tempo - voce viu os helicopteros.</text>
	</string>
	<string id="agr_stalker_esc_300">
		<text>Entendi, obrigado.</text>
	</string>
	<string id="agr_stalker_esc_400">
		<text>Entendi, obrigado.</text>
	</string>
	<string id="agr_stalker_talk_about_ratcatcher_0">
		<text>Eu tenho algumas perguntas.</text>
	</string>
	<string id="agr_stalker_talk_about_ratcatcher_10">
		<text>O que voce quer saber?</text>
	</string>
	<string id="agr_stalker_talk_about_ratcatcher_1000">
		<text>Algo interessante por aqui?</text>
	</string>
	<string id="agr_stalker_talk_about_ratcatcher_120">
		<text>Quanto voce precisa?</text>
	</string>
	<string id="agr_stalker_talk_about_ratcatcher_130">
		<text>Aqui, pegue o dinheiro. Agora me diga onde esta.</text>
	</string>
	<string id="agr_stalker_talk_about_ratcatcher_131">
		<text>Vai se ferrar!</text>
	</string>
	<string id="agr_stalker_talk_about_ratcatcher_140">
		<text>Obrigado.</text>
	</string>
	<string id="agr_stalker_talk_about_ratcatcher_20">
		<text>Sim, ha alguns lugares, mas voce vai ter que dividir um pouco da sua grana, amigo.</text>
	</string>
	<string id="agr_stalker_talk_about_ratcatcher_21">
		<text>Era bem tranquilo antes, mas agora o exercito ficou todo empolgado e comecou a matar todo mundo. Eles limparam os bandidos recentemente e ouvi dizer que alguns conseguiram escapar para os catacumbas.</text>
	</string>
	<string id="agr_stalker_talk_about_ratcatcher_30">
		<text>Trinta, negocio fechado?</text>
	</string>
	<string id="agr_stalker_talk_about_ratcatcher_40">
		<text>A saida do tunel de ferrovia esta por aqui perto. E bem seguro no beco sem saida. Pelo menos ninguem foi comido enquanto dormia... ainda. Alem disso, a Noroeste da fabrica voce vai encontrar um pantano com um carro nele. Mas tenha cuidado, ha uma porcao de radiacao por la, entao e melhor se aproximar pela parte oeste. Ah, e mais uma coisa: um soldado foi avistado la. Provavelmente e do batalhao do Instituto. O coitado provavelmente esta louco - ja esta la faz alguns dias e duvido que sobrevive mais tempo sozinho.</text>
	</string>
	<string id="agr_stalker_talk_about_ratcatcher_9999">
		<text>Falou!</text>
	</string>
	<string id="agr_stalker_talk_about_ratcatcher1_0">
		<text>Algo interessante acontecendo aqui?</text>
	</string>
	<string id="agr_stalker_talk_about_ratcatcher1_1">
		<text>Voce sabe sobre o Ratoroi? A informacao vai custar 30.</text>
	</string>
	<string id="agr_stalker_talk_about_ratcatcher1_11">
		<text>Fechado.</text>
	</string>
	<string id="agr_stalker_talk_about_ratcatcher1_111">
		<text>Temos um heroi local por aqui chamado Ratoroi. Ele mora nos pantanos. O cara criou tantos ratos nos coletores que logo vao comer esses bastardos do exercito.</text>
	</string>
	<string id="agr_stalker_talk_about_ratcatcher1_1111">
		<text>Legal. Valeu.</text>
	</string>
	<string id="agr_stalker_talk_about_ratcatcher1_1112">
		<text>Me fale mais sobre os coletores.</text>
	</string>
	<string id="agr_stalker_talk_about_ratcatcher1_11121">
		<text>Coletores sao os esgotos fedidos padrao que pegam o lixo do Instituto e jogam no reservatorio de agua mais proximo.</text>
	</string>
	<string id="agr_stalker_talk_about_ratcatcher1_111211">
		<text>Legal. Se cuida e ate mais.</text>
	</string>
	<string id="agr_stalker_talk_about_ratcatcher1_12">
		<text>Eu ja sei disso. Valeu.</text>
	</string>
	<string id="agr_stalker_talk_about_ratcatcher1_121">
		<text>Eu nao tenho mais nada para te contar.</text>
	</string>
	<string id="agr_stalker_talk_about_ratcatcher1_13">
		<text>Eu nao tenho grana suficiente.</text>
	</string>
	<string id="agr_stalker_talk_about_ratcatcher1_14">
		<text>Nao estou interessado.</text>
	</string>
	<string id="agr_stalker_talk_about_ratcatcher1_3">
		<text>Algo interessante acontecendo aqui?</text>
	</string>
	<string id="agr_stalker_talk_about_ratcatcher1_31">
		<text>Nada. Absolutamente nada.</text>
	</string>
	<string id="agr_stalker_talk_about_ratcatcher1_311">
		<text>Entendi. Falou!</text>
	</string>
	<string id="agr_stalker_talk_level_0">
		<text>Me fale sobre esse lugar.</text>
	</string>
	<string id="agr_stalker_talk_level_1">
		<text>Essa e a area ao redor do Instituto de Pesquisa Agroprom. O Instituto em si esta a sudoeste. A fabrica, que era a instalacao tecnica de producao do Instituto, fica ao norte. Os predios foram abandonados ha muito tempo e nao ha nada de interessante por la, mas o exercito tem vasculhado muito ativamente o lugar ultimamente.</text>
	</string>
	<string id="agr_stalker_talk_level_2">
		<text>Me fale mais sobre o Instituto.</text>
	</string>
	<string id="agr_stalker_talk_level_21">
		<text>Ha muitas lendas sobre o Instituto. Antes do acidente em 1986, o unico coisa aqui era o Instituto de Selecao de Culturas e Genetica. A area onde a fabrica esta agora era usada para campos experimentais de culturas. Depois do acidente, eles fecharam o Instituto e queimaram os campos. Depois, lembraram disso, pintaram o edificio, colocaram uma cerca ao redor e construiram alguns barracos. Eu nao sei o que eles faziam no Instituto, mas com certeza nao faltava financiamento para eles.</text>
	</string>
	<string id="agr_stalker_talk_level_3">
		<text>Me fale mais sobre a fabrica.</text>
	</string>
	<string id="agr_stalker_talk_level_31">
		<text>A fabrica foi construida no final dos anos 80. Diziam que seria usada para construir e testar maquinas que poderiam tratar o solo afetado pela radiacao. Pelo que eu sei, nunca apareceu uma unica maquina dessa fabrica. Agora esta totalmente vazia, o que faz ser um lugar favorito para stalkers. Ouvi dizer que o local e bem seguro, desde que voce evite os cantos escuros.</text>
	</string>
	<string id="agr_stalker_talk_level_4">
		<text>Obrigado.</text>
	</string>
	<string id="agr_swamp_ratcatcher_talks_0">
		<text>O que voce esta fazendo?</text>
	</string>
	<string id="agr_swamp_ratcatcher_talks_10">
		<text>Eu estou me escondendo aqui, nao quero encrenca.</text>
	</string>
	<string id="agr_swamp_ratcatcher_talks_100">
		<text>De quem voce esta se escondendo?</text>
	</string>
	<string id="agr_swamp_ratcatcher_talks_120">
		<text>Catacumbas?</text>
	</string>
	<string id="agr_swamp_ratcatcher_talks_130">
		<text>Voce sabe onde guardam os documentos no Instituto?</text>
	</string>
	<string id="agr_swamp_ratcatcher_talks_140">
		<text>O que voce vai fazer agora?</text>
	</string>
	<string id="agr_swamp_ratcatcher_talks_141">
		<text>O que voce vai fazer agora?</text>
	</string>
	<string id="agr_swamp_ratcatcher_talks_20">
		<text>Eu sou da unidade de reconhecimento. Nos mandaram para as catacumbas para ver o que estava acontecendo abaixo da base. E um inferno la embaixo, estou te dizendo. Fui o unico que conseguiu sair de la... todos os outros provavelmente estao mortos agora. Eu nao quero voltar para a base - aqueles bastardos estao sempre nos usando para tapar todos os buracos dessa maldita Zona.</text>
	</string>
	<string id="agr_swamp_ratcatcher_talks_30">
		<text>Tuneis subterraneos. Eles vao do Instituto para a area ao redor - eu vou te mostrar as entradas. Eu nao tenho mapas das catacumbas em si.</text>
	</string>
	<string id="agr_swamp_ratcatcher_talks_40">
		<text>No quartel-general. Fica no terceiro andar do Instituto. E la que guardam aqueles malditos papeis. Mas e uma missao chegar la. Durante o dia, a area esta cheia de patrulhas, mas nao tanto de noite. Eu te digo isso de graca: se voce quiser entrar, vai ter que passar pelas catacumbas - voce nao tem chance na porta.</text>
	</string>
	<string id="agr_swamp_ratcatcher_talks_50">
		<text>Hmm. Nao sei. Eu sou um desertor de acordo com o codigo militar e preciso sair da Zona de alguma forma. Quando chegamos aqui pela primeira vez, havia um Zaporozhets na garagem que estava quase funcionando. Eu dei um jeito nele em meia hora, mas aquele maldito capitao pegou pra ele mesmo dizendo que tinha direito a ele de acordo com o codigo. Ele dirigiu por esse caminho e o largou na chuva perto do portao. Se eu conseguisse pegar aquele carro - fugir de carro e muito mais seguro!</text>
	</string>
	<string id="agr_swamp_ratcatcher_talks1_0">
		<text>Ola.</text>
	</string>
	<string id="agr_swamp_ratcatcher_talks1_01">
		<text>O que aconteceu?</text>
	</string>
	<string id="agr_swamp_ratcatcher_talks1_011">
		<text>Me fale sobre o coletor. Como entro? Onde ficam as entradas e saidas?</text>
	</string>
	<string id="agr_swamp_ratcatcher_talks1_0111">
		<text>Eh perigoso dentro do coletor. Existem seis entradas, e duas delas ficam na area ao redor do Instituto, onde os militares montaram uma base. Aquela area e patrulhada, e o capitao guarda o horario das patrulhas na sua armeria.</text>
	</string>
	<string id="agr_swamp_ratcatcher_talks1_01111">
		<text>Como sabe de tudo isso?</text>
	</string>
	<string id="agr_swamp_ratcatcher_talks1_011111">
		<text>Os ratos me contaram.</text>
	</string>
	<string id="agr_swamp_ratcatcher_talks1_0111111">
		<text>Entendi. Ate logo. Boa sorte para voce.</text>
	</string>
	<string id="agr_swamp_ratcatcher_talks1_012">
		<text>Nada. Ate mais.</text>
	</string>
	<string id="agr_swamp_ratcatcher_talks1_013">
		<text>Quem e voce?</text>
	</string>
	<string id="agr_swamp_ratcatcher_talks1_0134">
		<text>Eu moro aqui, se eh que podemos chamar isso de vida. Eu crio ratos no coletor para incomodar os militares do Instituto.</text>
	</string>
	<string id="agr_swamp_ratcatcher_talks1_0135">
		<text>Eu sou o Ratoroi.</text>
	</string>
	<string id="agr_swamp_ratcatcher_talks1_01351">
		<text>O que voce esta fazendo nesse pantano?</text>
	</string>
	<string id="agr_swamp_ratcatcher_talks1_123">
		<text>Ah... entendi... bom, sou de outra historia. Ha-ha-ha...</text>
	</string>
</string_table>