<?xml version="1.0" encoding="windows-1251" ?>
<string_table>
	<string id="actor_break_dialog_0">
		<text>Ate mais.</text>
	</string>
	<string id="actor_help_wounded_0">
		<text>Voce esta bem?</text>
	</string>
	<string id="actor_help_wounded_1">
		<text>Estou ferido, droga. Nao esta vendo? Preciso de um kit de primeiros socorros ou ao menos um curativo.</text>
	</string>
	<string id="actor_help_wounded_11">
		<text>Aqui, pegue um kit de primeiros socorros.</text>
	</string>
	<string id="actor_help_wounded_111">
		<text>Valeu, irmao. Nao vou esquecer disso.</text>
	</string>
	<string id="actor_help_wounded_12">
		<text>Aqui, pegue um curativo.</text>
	</string>
	<string id="actor_help_wounded_13">
		<text>Desculpe, nao tenho nenhum.</text>
	</string>
	<string id="actor_help_wounded_131">
		<text>Entao como voce anda pela Zona? E se for infectado ou algo assim? Voce nem vai conseguir se tratar.</text>
	</string>
	<string id="actor_help_wounded_14">
		<text>Foi mal, mas se eu te der o meu, ficarei sem nada.</text>
	</string>
	<string id="actor_help_wounded_141">
		<text>Isso e com voce, mas nao vai te ajudar em nada.</text>
	</string>
	<string id="hello_dialog_2">
		<text>Ei.</text>
	</string>
	<string id="hello_dialog_3">
		<text>Me da uma ajuda?</text>
	</string>
</string_table>