	<string id="aes_Monolit_master_bio">
		<text>Sentinela da Monolith. Melhor manter distancia. Nao ha informacoes disponiveis.</text>
	</string>
	<string id="aes_Monolit_rpg_bio">
		<text>Stalker da Monolith. Nao ha informacoes disponiveis.</text>
	</string>
	<string id="aes_Monolit_sniper_bio">
		<text>Stalker da Monolith. Nao ha informacoes disponiveis.</text>
	</string>
	<string id="aes_Monolit_sniper_gauss_bio">
		<text>Stalker da Monolith. Nao ha informacoes disponiveis.</text>
	</string>
	<string id="aes_Monolit_specnaz_bio">
		<text>Militante da Monolith. Equipado para combate. Nao ha informacoes disponiveis.</text>
	</string>
	<string id="aes_Soldier_commander_bio">
		<text>Comandante das operacoes militares na Zona.</text>
	</string>
	<string id="aes_Soldier_military_bio">
		<text>Stalker militar. Altamente treinado e perigoso. Nao ha informacoes disponiveis.</text>
	</string>
	<string id="aes_Soldier_sniper_bio">
		<text>Atirador de elite militar. Nao ha informacoes disponiveis.</text>
	</string>
	<string id="aes_Soldier_specnaz_aes_bio">
		<text>Forcas Especiais do exercito. Soldado bem equipado. Nao ha informacoes disponiveis.</text>
	</string>
	<string id="aes_Soldier_specnaz_aes_name">
		<text>Vasil Luckless</text>
	</string>
	<string id="aes_Soldier_specnaz_bio">
		<text>Forcas Especiais do exercito. Soldado bem equipado. Nao ha informacoes disponiveis.</text>
	</string>
	<string id="agr_krot_bio">
		<text>Ex-cavador que invade laboratorios e bunkers abandonados sempre que pode.</text>
	</string>
	<string id="agr_krot_name">
		<text>Mole</text>
	</string>
	<string id="bar_arena_stalker">
		<text>Participante das lutas mortais na Arena. Nao ha informacoes disponiveis.</text>
	</string>
	<string id="bar_arny_bio">
		<text>Contrabandista experiente. Ganhou fama traficando mutantes empalhados para fora da Zona.</text>
	</string>
	<string id="bar_arny_name">
		<text>Arnie</text>
	</string>
	<string id="bar_bar_guard_bio">
		<text>Seguranca do Bar ou guarda-costas do Barkeep, se preferir. Seu passado e um misterio.</text>
	</string>
	<string id="bar_bar_guard_name">
		<text>Garik</text>
	</string>
	<string id="bar_bar_guard2_bio">
		<text>Irmao gemeo de Garik. Trabalha como seguranca do Bar. Tao reservado quanto seu irmao.</text>
	</string>
	<string id="bar_bar_guard2_name">
		<text>Zhorik</text>
	</string>
	<string id="bar_barmen_bio">
		<text>Nem um santo, nem um canalha. O Barkeep tem a confianca dos stalkers e muitas conexoes dentro e fora da Zona. Dizem que esta fugindo de um passado sombrio. Depois de um encontro com uma anomalia, ficou manco e decidiu mudar de vida. Fundou um bar ao lado da Duty, transformando-o no ponto de encontro dos veteranos.</text>
	</string>
	<string id="bar_barmen_name">
		<text>Barkeep</text>
	</string>
	<string id="bar_beast_name">
		<text>Beast</text>
	</string>
	<string id="bar_drunk_bio">
		<text>Membro da Duty, passa mais tempo bebado do que sobrio. Foi enviado para uma ultima missao de redencao, mas estava tao embriagado que nem conseguiu completa-la.</text>
	</string>
	<string id="bar_drunk_name">
		<text>Brome</text>
	</string>
	<string id="bar_hunter_bio">
		<text>Jovem bondoso e alegre, mas incapaz de atirar com qualquer arma que nao seja um rifle de caca. Perdeu seu rifle de familia em uma briga e agora espera no Bar que alguem o devolva.</text>
	</string>
	<string id="bar_hunter_name">
		<text>Hunter</text>
	</string>
	<string id="bar_informer_bio">
		<text>Stalker misterioso e bem informado. Negocia segredos e rumores no Bar.</text>
	</string>
	<string id="bar_informer_name">
		<text>Snitch</text>
	</string>
	<string id="bar_ivancov_bio">
		<text>Comandante de operacoes militares contra mutantes e incursoes punitivas.</text>
	</string>
	<string id="bar_ivancov_name">
		<text>Capitao Ivantsov</text>
	</string>
	<string id="bar_kicenko_name">
		<text>Sargento Kitsenko</text>
	</string>
	<string id="bar_lelik_bio">
		<text>Guarda-costas do dono da Arena. Seu passado e cercado de historias sombrias. Odeia seus proprios irmaos.</text>
	</string>
	<string id="bar_lelik_name">
		<text>Liolik</text>
	</string>
	<string id="bar_lisiy_name">
		<text>Baldy</text>
	</string>
	<string id="bar_petrenko_bio">
		<text>Fundador e idealizador da Duty. Criador do codigo sagrado da faccao, recrutou os principais membros do grupo.</text>
	</string>
	<string id="bar_petrenko_name">
		<text>Coronel Petrenko</text>
	</string>
	<string id="bar_plichko_bio">
		<text>Responsavel pela seguranca do territorio da Duty.</text>
	</string>
	<string id="bar_plichko_name">
		<text>Sargento Plichko</text>
	</string>
	<string id="bar_ryaboy_bio">
		<text>Stalker afetado pelo Desintegrador Psiquico. Sua mente nunca mais foi a mesma.</text>
	</string>
	<string id="bar_ryaboy_name">
		<text>Spotty</text>
	</string>
	<string id="bar_voronin_bio">
		<text>Fundador e idealizador da Duty. Criador do codigo da faccao e responsavel pelo recrutamento dos principais membros.</text>
	</string>
	<string id="bar_voronin_name">
		<text>General Voronin</text>
	</string>
	<string id="cit_bandit_drunk_bio">
		<text>Bandido constantemente embriagado.</text>
	</string>
	<string id="cit_bandit_general_bio">
		<text>Stalker de reputacao duvidosa. Nao ha informacoes disponiveis.</text>
	</string>
	<string id="cit_bandit_veteran_bio">
		<text>Veterano entre os bandidos. Nao ha informacoes disponiveis.</text>
	</string>
	<string id="cit_bandits_leader_bio">
		<text>Um dos lideres dos bandidos. Altamente perigoso e bem armado.</text>
	</string>
	<string id="cit_bandits_leader_name">
		<text>Borziy</text>
	</string>
	<string id="cit_doctor_bio">
		<text>Medico com vasto conhecimento sobre as enfermidades da Zona.</text>
	</string>
	<string id="cit_doctor_name">
		<text>Doc</text>
	</string>
	<string id="cit_killer_exo_bio">
		<text>Mercenario enigmatico. Extremamente bem armado e letal. Nenhuma informacao conhecida.</text>
	</string>
	<string id="cit_killer_general_bio">
		<text>Mercenario desconhecido. Suspeita-se que esteja bem equipado. Detalhes escassos.</text>
	</string>
	<string id="cit_killers_leader_bio">
		<text>Lider do grupo Merc. Altamente treinado e perigoso. Poucas informacoes disponiveis.</text>
	</string>
	<string id="cit_killers_leader_name">
		<text>Dushman</text>
	</string>
	<string id="cit_vp_bio">
		<text>Stalker veterano, calejado pelos perigos da Zona. Nenhuma informacao adicional.</text>
	</string>
	<string id="cit_vp_name">
		<text>Vasily Petrovich</text>
	</string>
	<string id="dar_corpse_bio">
		<text>Sem qualquer informacao identificavel.</text>
	</string>
	<string id="dar_explorer_bio">
		<text>Explorador habilidoso. Sempre atento ao que acontece ao seu redor.</text>
	</string>
	<string id="dar_explorer_name">
		<text>Zheka Doublet</text>
	</string>
	<string id="dar_kalugin_name">
		<text>Kalugin P.I.</text>
	</string>
	<string id="ds_sergant_regular_bio">
		<text>Sargento padrao do Exercito Ucraniano. Nenhuma informacao relevante.</text>
	</string>
	<string id="ds_soldier_regular_bio">
		<text>Soldado do Exercito Ucraniano. Sem dados adicionais.</text>
	</string>
	<string id="esc_bandit_novice_bio">
		<text>Individuo de reputacao duvidosa. Origem e intencoes desconhecidas.</text>
	</string>
	<string id="esc_captain_bio">
		<text>Capitao veterano do Exercito Ucraniano. Informacoes limitadas.</text>
	</string>
	<string id="esc_fanat_bio">
		<text>Tomou o comando do acampamento de novatos apos Wolf. Determinado e implacavel, conquistou respeito entre os recem-chegados.</text>
	</string>
	<string id="esc_fanat_name">
		<text>Fanatic</text>
	</string>
	<string id="esc_fox_bio">
		<text>Veterano da Zona, ja viu e sobreviveu a muitas coisas.</text>
	</string>
	<string id="esc_fox_name">
		<text>Fox</text>
	</string>
	<string id="esc_killer_specnaz_bio">
		<text>Mercenario misterioso. Suspeita-se que esteja fortemente armado. Poucos detalhes conhecidos.</text>
	</string>
	<string id="esc_petruha_bio">
		<text>Novato esperto e promissor. Ganhou a confianca de Wolf e recebe missoes importantes.</text>
	</string>
	<string id="esc_petruha_name">
		<text>Petruha</text>
	</string>
	<string id="esc_provodnik_bio">
		<text>Uma lenda viva entre os Stalkers. Conhece a Zona como poucos e so leva quem ele quer. Se nao confiar em voce, nao havera dinheiro que mude isso.</text>
	</string>
	<string id="esc_provodnik_name">
		<text>Guide</text>
	</string>
	<string id="esc_sergant_regular_bio">
		<text>Sargento do Exercito Ucraniano. Informacoes limitadas.</text>
	</string>
	<string id="esc_shustryi_bio">
		<text>Ganhou sua alcunha por ser agil e discreto. Perito em infiltracao e espionagem, frequentemente contratado para missoes secretas.</text>
	</string>
	<string id="esc_shustryi_name">
		<text>Nimble</text>
	</string>
	<string id="esc_soldier_commander_bio">
		<text>Major responsavel pelo posto avancado na ponte. Conhecido por aceitar subornos para liberar a passagem.</text>
	</string>
	<string id="esc_soldier_commander_name">
		<text>Major Kuznetsov</text>
	</string>
	<string id="esc_soldier_regular_bio">
		<text>Soldado do Exercito Ucraniano. Nenhuma informacao adicional.</text>
	</string>
	<string id="esc_specnaz_bio">
		<text>Forcas Especiais altamente treinadas e bem equipadas. Informacoes confidenciais.</text>
	</string>
	<string id="esc_specnaz_killer_bio">
		<text>Mercenario letal e extremamente bem armado. Identidade desconhecida.</text>
	</string>
	<string id="esc_stalker_novice_bio">
		<text>Recem-chegado na Zona, ainda aprendendo a sobreviver.</text>
	</string>
	<string id="esc_tolik_bio">
		<text>Stalker comum, tentando encontrar seu caminho na Zona.</text>
	</string>
	<string id="esc_tolik_name">
		<text>Tolik</text>
	</string>
	<string id="esc_wolf_bio">
		<text>Lider do acampamento de novatos. Um veterano que planeja sua despedida da Zona.</text>
	</string>
	<string id="esc_wolf_name">
		<text>Wolf</text>
	</string>
	<string id="escape_trader_bio">
		<text>Desde pequeno, sempre soube como fazer negocios. Transformou a Zona em seu proprio mercado lucrativo, negociando com qualquer um que tenha algo valioso a oferecer.</text>
	</string>
	<string id="escape_trader_name">
		<text>Sidorovich</text>
	</string>
	<string id="gar_bandit_leader_bio">
		<text>Possui autoridade entre os bandidos. Braco direito de Borov.</text>
	</string>
	<string id="gar_bandit_leader_name">
		<text>Vasya Boar</text>
	</string>
	<string id="gar_dolg_blokpost_bio">
		<text>Stalker membro da Duty. Nenhuma informacao adicional.</text>
	</string>
	<string id="gar_dolg_blokpost_leader_bio">
		<text>Oficial da faccao Duty. Detalhes desconhecidos.</text>
	</string>
	<string id="gar_dolg_blokpost_leader_name">
		<text>Subtenente</text>
	</string>
	<string id="gar_dram_novice_bio">
		<text>Recem-chegado, dando seus primeiros passos na Zona.</text>
	</string>
	<string id="gar_dram_novice_name">
		<text>Yurik</text>
	</string>
	<string id="gar_hellcar_bio">
		<text>Homem de principios proprios, aplicando sua justica na Zona. Um inimigo feroz dos bandidos.</text>
	</string>
	<string id="gar_hellcar_name">
		<text>Bes</text>
	</string>
	<string id="gar_newbie_bio">
		<text>Recem-chegado na Zona. Sem informacoes adicionais.</text>
	</string>
	<string id="gar_seryi_bio">
		<text>Stalker com um passado tao sombrio quanto sua aparencia.</text>
	</string>
	<string id="gar_seryi_name">
		<text>Seriy</text>
	</string>
	<string id="gar_stalker_regular_bio">
		<text>Um stalker experiente que ja viu de tudo na Zona. Sempre alerta para o perigo.</text>
	</string>
	<string id="mil_Dolg_specnaz_bio">
		<text>Militante da faccao Duty, altamente treinado e bem equipado. Defensor ferrenho da ordem na Zona.</text>
	</string>
	<string id="mil_Dolg_specnaz_cherep_bio">
		<text>Comandante das forcas especiais da faccao Duty. Frio e estrategico, lidera operacoes com maos de ferro.</text>
	</string>
	<string id="mil_Dolg_specnaz_cherep_name">
		<text>Skull</text>
	</string>
	<string id="mil_Dolg_specnaz_silence_bio">
		<text>Um soldado da faccao Duty, treinado para missao de alto risco. Letal em combate.</text>
	</string>
	<string id="mil_Killer_informator_bio">
		<text>Conhecido dedo-duro, sua reputacao na Zona esta longe de ser boa. Poucos confiam nele.</text>
	</string>
	<string id="mil_Killer_informator_name">
		<text>Ara</text>
	</string>
	<string id="mil_killer_master_bio">
		<text>Mercenario enigmatico, altamente treinado e perigoso. Poucos sabem de sua verdadeira historia.</text>
	</string>
	<string id="mil_killer_sniper_bio">
		<text>Um mercenario recem-chegado na Zona. Apesar da pouca experiencia, ja demonstra ser uma ameaca.</text>
	</string>
	<string id="mil_Killer_specnaz_bio">
		<text>Mercenario habilidoso, frequentemente visto em operacoes sigilosas. Nao hesita em puxar o gatilho.</text>
	</string>
	<string id="mil_Monolit_master_bio">
		<text>Sentinela do grupo Monolith. Extremamente perigoso e fanatico. Melhor nao chamar sua atencao.</text>
	</string>
	<string id="mil_Monolit_regular_bio">
		<text>Guerreiro devoto do Monolito. Obedece ordens sem hesitar e nao recua em combate.</text>
	</string>
	<string id="mil_Stalker_master_bio">
		<text>Veterano da Zona. Conhece cada atalho e cada perigo. Equipado para enfrentar qualquer ameaca.</text>
	</string>
	<string id="mil_Stalker_veteran_bio">
		<text>Stalker experiente, habilidoso em combate e sobrevivencia. Um verdadeiro sobrevivente.</text>
	</string>
	<string id="mil_Svoboda_blockpost_leader_bio">
		<text>Comandante da Barreira e lider da faccao Freedom. Inspirou muitos a lutar por um ideal.</text>
	</string>
	<string id="mil_Svoboda_blockpost_leader_name">
		<text>Cap</text>
	</string>
	<string id="mil_Svoboda_bodyguard_bio">
		<text>Guarda pessoal de Lukash. Protege seu lider com a propria vida.</text>
	</string>
	<string id="mil_Svoboda_cook_bio">
		<text>Cozinheiro da faccao Freedom. Um beberrao briguento, mas ninguem reclama da sua comida.</text>
	</string>
	<string id="mil_Svoboda_cook_name">
		<text>Chef</text>
	</string>
	<string id="mil_Svoboda_engineer_bio">
		<text>Mecanico habilidoso. Dizem que pode transformar um velho jipe em um veiculo blindado.</text>
	</string>
	<string id="mil_Svoboda_engineer_name">
		<text>Screw</text>
	</string>
	<string id="mil_Svoboda_leader_bio">
		<text>Lider da faccao Freedom. Comanda seus homens com carisma e conviccao.</text>
	</string>
	<string id="mil_Svoboda_leader_name">
		<text>Lukash</text>
	</string>
	<string id="mil_Svoboda_master_bio">
		<text>Comandante experiente da faccao Freedom. Suas decisoes podem mudar o rumo da guerra na Zona.</text>
	</string>
	<string id="mil_Svoboda_master_Max_bio">
		<text>Guarda da faccao Freedom. Extremamente dedicado e pronto para eliminar qualquer ameaca.</text>
	</string>
	<string id="mil_Svoboda_master_Max_name">
		<text>Max</text>
	</string>
	<string id="mil_Svoboda_master_Ugrumiy_bio">
		<text>Guerreiro implacavel da faccao Freedom. Raramente fala, mas suas acoes dizem tudo.</text>
	</string>
	<string id="mil_Svoboda_master_Ugrumiy_name">
		<text>Murk</text>
	</string>
	<string id="mil_Svoboda_regular_bio">
		<text>Stalker comum da faccao Freedom. Luta pela liberdade e pelo direito de explorar a Zona.</text>
	</string>
	<string id="mil_Svoboda_sniper_bio">
		<text>Franco-atirador da faccao Freedom. Um tiro, um alvo abatido.</text>
	</string>
	<string id="mil_Svoboda_specnaz_bio">
		<text>Forca especial da faccao Freedom. Bem armado e pronto para a acao.</text>
	</string>
	<string id="mil_Svoboda_stukach_bio">
		<text>Informante da faccao Freedom. Sempre em busca de segredos e informacoes valiosas.</text>
	</string>
	<string id="mil_Svoboda_stukach_name">
		<text>Pavlik</text>
	</string>
	<string id="mil_Svoboda_trader_bio">
		<text>Mercador infame. Sua ganancia e sua esperteza garantem que consiga qualquer coisa por um preco.</text>
	</string>
	<string id="mil_Svoboda_trader_name">
		<text>Skinflint</text>
	</string>
	<string id="mil_Svoboda_zombi_stalker_bio">
		<text>Ex-stalker, agora reduzido a um casca vazia pela influencia da Zona.</text>
	</string>
	<string id="mil_Svoboda_zombi_stalker_name">
		<text>Stalker insano da faccao Freedom.</text>
	</string>
	<string id="mil_Svoboda_zoneguard_bio">
		<text>Militante da faccao Freedom. Defende seus ideais com ferro e fogo.</text>
	</string>
	<string id="pri_followers_bomber_name">
		<text>Sasha Bely</text>
	</string>
	<string id="pri_followers_common_bio">
		<text>Stalker veterano. Conhece os perigos da Zona e aprendeu a sobreviver nela.</text>
	</string>
	<string id="pri_monolith_common_bio">
		<text>Guerreiro Monolith. Segue sua missao sem questionar, mesmo que custe sua vida.</text>
	</string>
	<string id="pri_monolith_exo_bio">
		<text>Elite da faccao Monolith. Usa exoesqueleto para maximizar seu poder de fogo.</text>
	</string>
	<string id="pri_monolith_leader_bio">
		<text>Lider da faccao Monolith. Fanatico e implacavel, sua fe e inabalavel.</text>
	</string>
	<string id="pri_monolith_leader_name">
		<text>Charon</text>
	</string>
	<string id="pri_monolith_regular_bio">
		<text>Stalker Monolith. Sua devocao ao misterioso Monolito o torna imprevisivel.</text>
	</string>
	<string id="pri_monolith_specnaz_bio">
		<text>Forca especial da Monolith. Treinado para missao suicidas.</text>
	</string>
	<string id="pri_zombied_soldier_bio">
		<text>Soldado sem mente, um fantasma de seu antigo eu. Apenas segue ordens mecanicamente.</text>
	</string>
	<string id="pri_zombied_soldier_name">
		<text>Soldado zumbificado</text>
	</string>
	<string id="pri_zombied_stalker_bio">
		<text>Um dos stalkers que nao teve sorte.</text>
	</string>
	<string id="pri_zombied_stalker_name">
		<text>Stalker zumbificado</text>
	</string>
	<string id="rad_dolg_master_bio">
		<text>Comandante da faccao Duty. Muito bem equipado. Nenhum detalhe disponivel.</text>
	</string>
	<string id="rad_ecolog_bio">
		<text>Cientista. Nenhum detalhe disponivel.</text>
	</string>
	<string id="rad_ecolog_guard_bio">
		<text>Seguranca dos cientistas. Nenhum detalhe disponivel.</text>
	</string>
	<string id="rad_ecolog_guard_name">
		<text>Assistente de pesquisa.</text>
	</string>
	<string id="rad_ecolog_name">
		<text>Assistente de pesquisa.</text>
	</string>
	<string id="rad_monolith_general_bio">
		<text>Stalker da faccao Monolith. Nenhum detalhe disponivel.</text>
	</string>
	<string id="rad_monolith_specnaz_bio">
		<text>Militante da faccao Monolith. Bem equipado. Nenhum detalhe disponivel.</text>
	</string>
	<string id="rad_specnaz_bio">
		<text>Forcas Especiais. Bem equipado. Nenhum detalhe disponivel.</text>
	</string>
	<string id="rad_stalker_master_bio">
		<text>Um dos veteranos. Conhece a Zona como a palma da mao. Geralmente bem equipado e altamente perigoso. Nenhum detalhe disponivel.</text>
	</string>
	<string id="rad_stalker_veteran_bio">
		<text>Stalker veterano. Possivelmente bem equipado. Nenhum detalhe disponivel.</text>
	</string>
	<string id="rad_svoboda_master_bio">
		<text>Comandante da faccao Freedom. Nenhum detalhe disponivel.</text>
	</string>
	<string id="rad_zombied_general_bio">
		<text>Um dos stalkers que nao teve sorte.</text>
	</string>
	<string id="ros_ecolog_guard_bio">
		<text>Um pesquisador do laboratorio movel. Nenhum detalhe disponivel.</text>
	</string>
	<string id="ros_freeman_bio">
		<text>Cientista, especialista em fenomenos anomicos. Trabalhou na America em projetos ultra-secretos. Desaparecido ha algum tempo.</text>
	</string>
	<string id="ros_freeman_name">
		<text>Freeman</text>
	</string>
	<string id="ros_happy_bio">
		<text>Saqueador e assassino. Um preco foi colocado por sua cabeca. Antigamente tinha boas relacoes com a faccao Duty, ajudou-os a conquistar seu territorio. Agora vive no Territorio Selvagem e assalta stalkers solitarios com sua gangue.</text>
	</string>
	<string id="ros_happy_name">
		<text>Lucky</text>
	</string>
	<string id="ros_kruglov_bio">
		<text>Ph.D. em biologia. Estudou mutacoes patologicas em animais fora da Zona. Veio para a Zona para estudar as mutacoes dos caes cegos.</text>
	</string>
	<string id="ros_kruglov_name">
		<text>Professor Kruglov</text>
	</string>
	<string id="ros_tiran_bio">
		<text>Um dos "herois" da gangue Merc. Um veterano com balas de todos os calibres no corpo. Um raro psicopata e sadico.</text>
	</string>
	<string id="ros_tiran_name">
		<text>Tyran</text>
	</string>
	<string id="ros_volkodav_bio">
		<text>Um dos primeiros comandantes de campo dos Mercs. O lider da gangue que se autodenomina "Curs". Um anarquista que despreza todas as leis, exceto a lei da selva.</text>
	</string>
	<string id="ros_volkodav_name">
		<text>Wolfhound</text>
	</string>
	<string id="sar_monolith_bio">
		<text>Stalker do grupo Monolith. Nenhum detalhe disponivel.</text>
	</string>
	<string id="sar_monolith_cristall_bio">
		<text>Stalker do grupo especial "Cristal" da Monolith, responsavel pela seguranca do proprio Monolito.</text>
	</string>
	<string id="sar2_arena_manager_name">
		<text>Arnie</text>
	</string>
	<string id="sar2_arena_savage_name">
		<text>Beast</text>
	</string>
	<string id="sar2_bandit_leader_name">
		<text>Vasya "Boar"</text>
	</string>
	<string id="sar2_bio">
		<text>Uma forma psicomaterial criada pelo Monolito.</text>
	</string>
	<string id="sar2_borov_name">
		<text>Borov</text>
	</string>
	<string id="sar2_crazy_svoboda_name">
		<text>Stalker insano.</text>
	</string>
	<string id="sar2_dolg_blokpost_leader_name">
		<text>Subtenente</text>
	</string>
	<string id="sar2_dolg_guard_commander_name">
		<text>Chefe de seguranca</text>
	</string>
	<string id="sar2_dolg_skull_name">
		<text>"Skull"</text>
	</string>
	<string id="sar2_dolg_zastava_commander_name">
		<text>Comandante do posto avancado</text>
	</string>
	<string id="sar2_dram_novice_name">
		<text>Yurik</text>
	</string>
	<string id="sar2_explorer_name">
		<text>Zheka "Doublet"</text>
	</string>
	<string id="sar2_fanat_name">
		<text>"Fanatic"</text>
	</string>
	<string id="sar2_fox_name">
		<text>"Fox"</text>
	</string>
	<string id="sar2_gordon_name">
		<text>Gordon</text>
	</string>
	<string id="sar2_haron_name">
		<text>Charon</text>
	</string>
	<string id="sar2_hellcar_name">
		<text>Bes</text>
	</string>
	<string id="sar2_informator_name">
		<text>Ara</text>
	</string>
	<string id="sar2_ivancov_name">
		<text>Capitao Ivantsov</text>
	</string>
	<string id="sar2_krot_name">
		<text>Stalker Mole</text>
	</string>
	<string id="sar2_kruglov_name">
		<text>Professor Kruglov</text>
	</string>
	<string id="sar2_kuznetsov_name">
		<text>Major Kuznetsov</text>
	</string>
	<string id="sar2_lucky_name">
		<text>Lucky</text>
	</string>
	<string id="sar2_petrenko_name">
		<text>Coronel Petrenko</text>
	</string>
	<string id="sar2_petruha_name">
		<text>Zhorik</text>
	</string>
	<string id="sar2_professor_name">
		<text>Professor Sakharov</text>
	</string>
	<string id="sar2_ryaboy_name">
		<text>Spotty</text>
	</string>
	<string id="sar2_seryi_name">
		<text>"Seriy"</text>
	</string>
	<string id="sar2_svoboda_blockpost_leader_name">
		<text>"Cap"</text>
	</string>
	<string id="sar2_svoboda_bodyguard_name">
		<text>"Kaput"</text>
	</string>
	<string id="sar2_svoboda_cook_name">
		<text>"Chef"</text>
	</string>
	<string id="sar2_svoboda_engeneer_name">
		<text>Screw</text>
	</string>
	<string id="sar2_svoboda_leader_name">
		<text>"Lukash"</text>
	</string>
	<string id="sar2_svoboda_max_name">
		<text>"Max"</text>
	</string>
	<string id="sar2_svoboda_stukach_name">
		<text>Pavlik</text>
	</string>
	<string id="sar2_svoboda_trader_name">
		<text>"Skinflint"</text>
	</string>
	<string id="sar2_svoboda_ugrumyi_name">
		<text>"Murk"</text>
	</string>
	<string id="sar2_tiran_name">
		<text>Tyran</text>
	</string>
	<string id="sar2_tolik_name">
		<text>Tolik</text>
	</string>
	<string id="sar2_volkodav_name">
		<text>Wolfhound</text>
	</string>
	<string id="sar2_voronin_name">
		<text>General Voronin</text>
	</string>
	<string id="sar2_wolf_name">
		<text>"Wolf"</text>
	</string>
	<string id="sim_bandit_general_bio">
		<text>Stalker desconhecido. Reputacao duvidosa. Nenhuma informacao disponivel.</text>
	</string>
	<string id="sim_bandit_master_bio">
		<text>Stalker desconhecido. Reputacao duvidosa. Nenhuma informacao disponivel.</text>
	</string>
	<string id="sim_bandit_master_fraer_bio">
		<text>Veio para a Zona em busca de aventura. Imita personagens de quadrinhos populares dos anos 60. Usa varios nomes: Badman, Macho, the Black Coat, Banderos. Mesmo tendo sobrevivido na Zona por dois anos inteiros, ninguem realmente o leva a serio, e isso o deixa constantemente furioso.</text>
	</string>
	<string id="sim_bandit_master_kocherga_bio">
		<text>Feroz, cruel, rude, egoista, insensivel e frio. Ninguem sabe quando e como ele chegou a Zona. Todos o temem e ele nao tem amigos. Simplesmente vive na Zona, sem futuro e sem passado. Depois de uma de suas muitas incursoes na Zona, perdeu a memoria e esqueceu quase tudo. Nao se lembra de onde veio, nao lembra seu nome verdadeiro e sofre lapsos frequentes de memoria. E conhecido por esquecer completamente um novo conhecido em uma hora, confundi-lo com um inimigo e mata-lo.</text>
	</string>
	<string id="sim_bandit_novice_bio">
		<text>Stalker desconhecido. Reputacao duvidosa. Nenhuma informacao disponivel.</text>
	</string>
	<string id="sim_bandit_veteran_bio">
		<text>Stalker desconhecido. Reputacao duvidosa. Nenhuma informacao disponivel.</text>
	</string>
	<string id="sim_dolg_master_bio">
		<text>Guarda da faccao Duty. Se voce nao for amigo deles, fique longe. Nenhuma informacao disponivel.</text>
	</string>
	<string id="sim_dolg_regular_bio">
		<text>Stalker da faccao Duty. Nenhuma informacao disponivel.</text>
	</string>
	<string id="sim_dolg_sniper_bio">
		<text>Militante da faccao Duty. Geralmente bem equipado. Nenhuma informacao disponivel.</text>
	</string>
	<string id="sim_dolg_veteran_barin_bio">
		<text>Um canalha, puxa-saco, hipocrita e covarde. O lema de Barin poderia muito bem ser "Depois de nos, o diluvio". Aproveita qualquer situacao. Extremamente ambicioso e sensivel. Veio para a Zona, sem surpresa, por dinheiro. Ha dois anos vem adquirindo bens materiais por todos os meios possiveis.</text>
	</string>
	<string id="sim_dolg_veteran_bio">
		<text>Militante da faccao Duty. Geralmente bem equipado. Nenhuma informacao disponivel.</text>
	</string>
	<string id="sim_dolg_veteran_prapor_bio">
		<text>Recrutador oficial do Servico de Seguranca Ucraniano. Visitante frequente do Bar. Todos sabem quem ele e, assim como sabem que ele e o homem certo para procurar quando voce estiver em apuros. No entanto, uma vez que voce cruza essa linha, nao ha caminho de volta para os Stalkers honestos.</text>
	</string>
	<string id="sim_ecolog_zob_bio">
		<text>No dia a dia, um fleumatico que guarda suas emocoes para si e sempre se mantem calmo. No entanto, sob estresse, fica irritado e agressivo. Altamente intelectual. Materialista, arrependido de ter vindo para a Zona. Depois de se formar na universidade de medicina, foi enviado para a Zona, onde o acampamento dos cientistas precisava de um assistente de neurocirurgiao. Disseca cerebros de mutantes e pesquisa suas propriedades psico-cineticas. Espera ansiosamente por sua aposentadoria, quando podera voltar para a capital, o mais longe possivel deste lugar podre.</text>
	</string>
	<string id="sim_fresh_Zombied_bio">
		<text>Um dos Stalkers que nao teve sorte.</text>
	</string>
	<string id="sim_killer_general_bio">
		<text>Mercenario desconhecido. Possivelmente bem armado. Nenhuma informacao disponivel.</text>
	</string>
	<string id="sim_killer_master_bio">
		<text>Mercenario desconhecido. Possivelmente bem armado. Nenhuma informacao disponivel.</text>
	</string>
	<string id="sim_killer_sniper_bio">
		<text>Mercenario desconhecido. Possivelmente bem armado. Nenhuma informacao disponivel.</text>
	</string>
	<string id="sim_killer_veteran_bio">
		<text>Mercenario desconhecido. Possivelmente bem armado. Nenhum detalhe disponivel.</text>
	</string>
	<string id="sim_monolith_master_bio">
		<text>Stalker do grupo Monolith. Nenhum detalhe disponivel.</text>
	</string>
	<string id="sim_monolith_regular_bio">
		<text>Stalker do grupo Monolith. Nenhum detalhe disponivel.</text>
	</string>
	<string id="sim_monolith_sniper_bio">
		<text>Stalker do grupo Monolith. Nenhum detalhe disponivel.</text>
	</string>
	<string id="sim_monolith_specnaz_bio">
		<text>Stalker do grupo Monolith. Nenhum detalhe disponivel.</text>
	</string>
	<string id="sim_soldier_commander_bio">
		<text>Nenhum detalhe disponivel.</text>
	</string>
	<string id="sim_Soldier_master_bio">
		<text>Stalker militar. Bem armado e altamente perigoso. Nenhum detalhe disponivel.</text>
	</string>
	<string id="sim_soldier_regular_bio">
		<text>Soldado regular. Nenhum detalhe disponivel.</text>
	</string>
	<string id="sim_soldier_sniper_bio">
		<text>Nenhum detalhe disponivel.</text>
	</string>
	<string id="sim_soldier_specnaz_bio">
		<text>Forcas Especiais. Bem equipado. Nenhum detalhe disponivel.</text>
	</string>
	<string id="sim_stalker_general_bio">
		<text>Stalker experiente. Nenhum detalhe disponivel.</text>
	</string>
	<string id="sim_stalker_general_upir_bio">
		<text>Stalker nascido sob uma estrela da sorte. Muitas vezes, as equipes com as quais ele estava acabavam em apuros e, a cada vez, ele era o unico sobrevivente. A maioria dos stalkers evita se aproximar dele devido a "sorte" ruim que dizem que ele traz. Tem vagado pela Zona sozinho por um bom tempo.</text>
	</string>
	<string id="sim_stalker_master_bio">
		<text>Um dos veteranos. Conhece a Zona como a palma da mao. Geralmente bem equipado e altamente perigoso. Nenhum detalhe disponivel.</text>
	</string>
	<string id="sim_stalker_master_chuchelo_bio">
		<text>Contrabandista experiente. Durante muito tempo, exerceu seu comercio na Africa e na America do Sul. A noticia do desastre de Chernobyl o trouxe para a Ucrania. Em pouco tempo, ele conseguiu contrabandear centenas de mutantes empalhados para fora da area restrita e ganhou o apelido de "Taxidermista". Quando nao esta "trabalhando" na Zona, ele e um comerciante bem sucedido. Adora ternos chiques e gravatas elegantes, mas prefere armas sovieticas.</text>
	</string>
	<string id="sim_stalker_master_diador_bio">
		<text>Participou da guerra no Afeganistao. Antigo ateu, mas depois de sobreviver a uma emboscada dos Mujahideen, se tornou um homem religioso. Depois da guerra no Afeganistao, ele emigrou para a Polonia, onde se matriculou em um seminario teologico. Depois de se formar no seminario, pregou na igreja catolica em Lvov. Depois da explosao no Usina Nuclear de Chernobyl, ele se voluntariou para ajudar as vitimas. Nos ultimos anos tem pregado na Zona.</text>
	</string>
	<string id="sim_stalker_master_master_bio">
		<text>Antigo mecanico na fabrica "KholodMach". Depois que sua esposa o deixou, ele decidiu tirar a propria vida. No entanto, sendo profundamente religioso, ele escolheu a Zona como um metodo de suicidio nao convencional. Contrario as suas expectativas, ele sobreviveu. Ganhou experiencia invalivel e conquistou o respeito de outros stalkers gracas as suas habilidades profissionais. Master e provavelmente o mecanico mais qualificado da Zona e conserta equipamentos e veiculos. Instalar sistemas de seguranca em abrigos de gangues e o que ele faz de melhor. Ele e bem-vindo onde quer que va. Um homem simples, serio, um pouco rude as vezes.</text>
	</string>
	<string id="sim_stalker_master_polkan_bio">
		<text>Antigo stalker militar, tenente coronel nas tropas do Ministerio do Interior. O unico soldado a retornar de uma operacao desastrosa no interior da Zona, mais tarde descobriu que a missao foi inutil e suicida desde o inicio. Foi quando ele decidiu nao voltar, armou sua propria morte e se juntou aos stalkers. Quieto, cinico, firme de propositos.</text>
	</string>
	<string id="sim_stalker_novice_bio">
		<text>Novato. Novo na Zona. Nenhum detalhe disponivel.</text>
	</string>
	<string id="sim_stalker_novice_neumeha_bio">
		<text>Klutz tem 20 anos. Perdeu tudo e todos na Grande Terra antes de decidir vir para ca. Ele mal ganha a vida na Zona, mas simplesmente nao tem outro lugar para ir. Deve dinheiro a muitos stalkers. Frequentemente a Zona, mas nunca vai sozinho. Sempre tentando se agarrar a um grupo de stalkers experientes. Nao e muito popular como companheiro, pois na maioria das vezes, ele e inutil. Mal ganha dinheiro. Vive das esmolas de outros stalkers e esta profundamente endividado.</text>
	</string>
	<string id="sim_stalker_sniper_bio">
		<text>Stalker veterano. Possivelmente bem equipado. Nenhum detalhe disponivel.</text>
	</string>
	<string id="sim_stalker_veteran_bio">
		<text>Stalker veterano. Possivelmente bem equipado. Nenhum detalhe disponivel.</text>
	</string>
	<string id="sim_stalker_veteran_gusarov_bio">
		<text>Oleg "o Fiend" Gusarov. Um ex "Black Beret", serviu na brigada de Forcas Especiais Belotserkovskaya. Fez diversas missoes, tornando-se sargento mestre. Um sniper e tecnico em explosivos. Um solitario por natureza, nunca entra na Zona em grupo, preferindo agir sozinho. Foi convidado a se juntar a diversos clas, mas sempre recusou.</text>
	</string>
	<string id="sim_stalker_veteran_umnik_bio">
		<text>Um estudante do Departamento de Fisica que abandonou no ultimo ano. Ele foi para a Zona em busca de dinheiro facil. Gosta de se exibir com seu "conhecimento cientifico" e discorrer sobre questoes filosoficas abstratas. Isso e motivo suficiente para outros stalkers nao gostarem dele. No geral, e um sujeito bem decente. Uma especie de idealista.</text>
	</string>
	<string id="sim_stalker_veteran_vorobey_bio">
		<text>Sparrow tem 27 anos, e astuto, visionario, mas tambem capaz das piores trapalhadas. Pode ser maldoso. Uma pessoa duvidosa. E magro e palido. Veio para a Zona por curiosidade, prometendo a si mesmo que voltaria para casa depois de dois meses. Nunca voltou. Em sua primeira incursao na Zona, Sparrow conseguiu atravessar um campo repleto de anomalias desarmado e sem saber o quao perigoso isso era. Assim que descobriu o que havia feito, desmaiou. Desde entao, comemora essa data (9 de outubro) como seu segundo aniversario.</text>
	</string>
	<string id="sim_Svoboda_master_bio">
		<text>Master da faccao Freedom. Nenhum detalhe disponivel.</text>
	</string>
	<string id="sim_Svoboda_regular_bio">
		<text>Stalker da faccao Freedom. Nenhum detalhe disponivel.</text>
	</string>
	<string id="sim_Svoboda_sniper_bio">
		<text>Stalker da faccao Freedom. Nenhum detalhe disponivel.</text>
	</string>
	<string id="sim_Svoboda_specnaz_bio">
		<text>Militante da faccao Freedom. Geralmente bem equipado. Nenhum detalhe disponivel.</text>
	</string>
	<string id="sim_Svoboda_specnaz_leshii_bio">
		<text>Leshiy, como seu irmao o chama, chegou a Zona como um jovem idealista. No entanto, alguns anos vivendo a beira da morte o transformaram em um cinico realista. Considera a Zona sua casa e acha que aqueles que falharam nao merecem andar sobre a face da Terra.</text>
	</string>
	<string id="sim_svoboda_specnaz_prut_bio">
		<text>Escreve esbocos e historias sobre a Zona sob o nome de Arkady. Ex-jornalista. Meticuloso e rigoroso, mas justo. Ampliamente respeitado pelos stalkers.</text>
	</string>
	<string id="sim_zombied_master_bio">
		<text>Um dos stalkers que ficaram sem sorte.</text>
	</string>
	<string id="sim_zombied_novice_bio">
		<text>Um dos stalkers que ficaram sem sorte.</text>
	</string>
	<string id="sim_zombied_veteran_bio">
		<text>Um dos stalkers que ficaram sem sorte.</text>
	</string>
	<string id="val_bandit_bodyguard_bio">
		<text>Guarda bandido. Reputacao duvidosa. Nenhum detalhe disponivel.</text>
	</string>
	<string id="val_bandit_general_bio">
		<text>Bandido comum. Reputacao duvidosa. Nenhum detalhe disponivel.</text>
	</string>
	<string id="val_bandit_novice_bio">
		<text>Bandido novato. Reputacao duvidosa. Nenhum detalhe disponivel.</text>
	</string>
	<string id="val_bandit_veteran_bio">
		<text>Bandido experiente. Reputacao duvidosa. Nenhum detalhe disponivel.</text>
	</string>
	<string id="val_borov_bio">
		<text>Lider bandido.</text>
	</string>
	<string id="val_borov_name">
		<text>Borov</text>
	</string>
	<string id="val_dolg_common_bio">
		<text>Stalker da faccao Duty. Nenhum detalhe disponivel.</text>
	</string>
	<string id="val_monolith_common_bio">
		<text>Stalker do grupo Monolith. Nenhum detalhe disponivel.</text>
	</string>
	<string id="val_prisoner_bio">
		<text>Stalker da faccao Duty. Nenhum detalhe disponivel.</text>
	</string>
	<string id="val_prisoner_name">
		<text>Shaggy Sergei</text>
	</string>
	<string id="val_pulia_bio">
		<text>Stalker da faccao Duty. Nenhum detalhe disponivel.</text>
	</string>
	<string id="val_pulia_name">
		<text>Bullet</text>
	</string>
	<string id="val_soldier_regular_bio">
		<text>Soldado comum. Nenhum detalhe disponivel.</text>
	</string>
	<string id="val_soldier_specnaz_bio">
		<text>Forcas Especiais. Bem equipado. Nenhum detalhe disponivel.</text>
	</string>
	<string id="val_stalker_general_bio">
		<text>Stalker experiente. Nenhum detalhe disponivel.</text>
	</string>
	<string id="val_stalker_novice_bio">
		<text>Novato. Novo na Zona. Nenhum detalhe disponivel.</text>
	</string>
	<string id="yan_ghost_name">
		<text>Ghost</text>
	</string>
	<string id="yan_saharov_bio">
		<text>Pesquisador veterano da Zona. Participou das primeiras expedicoes em 2007.</text>
	</string>
	<string id="yan_saharov_name">
		<text>Professor Sakharov</text>
	</string>
	<string id="yan_semenov_bio">
		<text>Assistente de pesquisa no laboratorio movel. Nenhum detalhe disponivel.</text>
	</string>
	<string id="yan_semenov_name">
		<text>Assistente Semenov</text>
	</string>
	<string id="yan_vasilyev_name">
		<text>Vasiliev</text>
	</string>
	<string id="zombie_name">
		<text>Stalker zumbificado</text>
	</string>
	<string id="actor_name">
		<text>Marcado</text>
	</string>
	<string id="sim_bandit_master_fraer_name">
		<text>Friar</text>
	</string>
	<string id="sim_bandit_master_kocherga_name">
		<text>Poker</text>
	</string>
	<string id="sim_dolg_veteran_barin_name">
		<text>Barin</text>
	</string>
	<string id="sim_dolg_veteran_prapor_name">
		<text>Subtenente</text>
	</string>
	<string id="sim_ecolog_zob_name">
		<text>Crop</text>
	</string>
	<string id="sim_stalker_general_upir_name">
		<text>Vampire</text>
	</string>
	<string id="sim_stalker_master_chuchelo_name">
		<text>Scarecrow</text>
	</string>
	<string id="sim_stalker_master_diador_name">
		<text>Padre Diodor</text>
	</string>
	<string id="sim_stalker_master_master_name">
		<text>Master</text>
	</string>
	<string id="sim_stalker_master_polkan_name">
		<text>Polkan</text>
	</string>
	<string id="sim_stalker_novice_neumeha_name">
		<text>Clumsy</text>
	</string>
	<string id="sim_stalker_veteran_gusarov_name">
		<text>Oleg "Fiend" Gusarov</text>
	</string>
	<string id="sim_stalker_veteran_umnik_name">
		<text>Smartass</text>
	</string>
	<string id="sim_stalker_veteran_vorobey_name">
		<text>Sparrow</text>
	</string>
	<string id="sim_Svoboda_specnaz_leshii_name">
		<text>Leshiy</text>
	</string>
	<string id="sim_svoboda_specnaz_prut_name">
		<text>Twig</text>
	</string>