<?xml version="1.0" encoding="windows-1251" ?>
<string_table>
    <string id="mil_bodyguard_dialog_0">
        <text>O que voce quer?</text>
    </string>
    <string id="mil_bodyguard_dialog_1">
        <text>Estou procurando o lider da Freedom. Tenho informacoes importantes para ele.</text>
    </string>
    <string id="mil_bodyguard_dialog_2">
        <text>E quao importantes sao?</text>
    </string>
    <string id="mil_bodyguard_dialog_5">
        <text>Encontrei membros da Duty perto da base de voces.</text>
    </string>
    <string id="mil_bodyguard_dialog_6">
        <text>Hum... Parece que a Duty quer confusao... Ok, entre, mas guarde a arma. Sem problemas aqui, ou sai fora de maca.</text>
    </string>
    <string id="mil_bodyguard_dialog_7">
        <text>Certo.</text>
    </string>
    <string id="mil_cook_common1_0">
        <text>Boa tarde.</text>
    </string>
    <string id="mil_cook_common1_101">
        <text>Uh-hum!</text>
    </string>
    <string id="mil_cook_common1_102">
        <text>Quer dizer o que?</text>
    </string>
    <string id="mil_cook_common1_103">
        <text>Claro.</text>
    </string>
    <string id="mil_cook_common1_104">
        <text>Qual e a graca?</text>
    </string>
    <string id="mil_cook_common1_105">
        <text>E ai! Bom te ver!</text>
    </string>
    <string id="mil_cook_common1_106">
        <text>Ola.</text>
    </string>
    <string id="mil_cook_common1_107">
        <text>Quanto tempo!</text>
    </string>
    <string id="mil_cook_common1_108">
        <text>Nos conhecemos?</text>
    </string>
    <string id="mil_cook_common1_109">
        <text>Sim! Hehe...</text>
    </string>
    <string id="mil_cook_common1_110">
        <text>Sinceramente, nao lembro quem e voce.</text>
    </string>
    <string id="mil_cook_common1_111">
        <text>Hum... Ok, sem problemas.</text>
    </string>
    <string id="mil_cook_common2_0">
        <text>Que lugar e este?</text>
    </string>
    <string id="mil_cook_common2_201">
        <text>Este lugar... um lugar legal... Um lugar normal, sabe... gente vivendo, hehe...</text>
    </string>
    <string id="mil_cook_common2_202">
        <text>E dai?</text>
    </string>
    <string id="mil_cook_common2_203">
        <text>Pfft... Perguntas dificies, forasteiro!</text>
    </string>
    <string id="mil_cook_common2_204">
        <text>Va direto ao ponto.</text>
    </string>
    <string id="mil_cook_common2_205">
        <text>Calma! Espera... e um lugar normal! Tranquilo. Tudo otimo aqui. Relaxe, ok? Sem nervosismo...</text>
    </string>
    <string id="mil_cook_common3_0">
        <text>Quem e voce?</text>
    </string>
    <string id="mil_cook_common3_301">
        <text>Eu?</text>
    </string>
    <string id="mil_cook_common3_302">
        <text>Voce. Nao eu.</text>
    </string>
    <string id="mil_cook_common3_303">
        <text>Haha, boa! Eu... O que tem eu? Estou bem... Eu... faco comida... Sou chef! Mestre dos temperos! Salsa, endro, ervas... Pao tambem... Certo?</text>
    </string>
    <string id="mil_cook_common3_304">
        <text>Entendi.</text>
    </string>
    <string id="mil_cook_common3_305">
        <text>E enlatados... leite condensado... presunto... rosbife com tomate... sim...</text>
    </string>
    <string id="mil_cook_common3_306">
        <text>Entendi.</text>
    </string>
    <string id="mil_cook_common3_307">
        <text>Pao frances... ketchup... ovos... pao integral... queijo, o que tiver. Linguicas tambem! Aves... frias, nao voadoras.</text>
    </string>
    <string id="mil_cook_common3_308">
        <text>Chega, entendi! Qual seu nome?</text>
    </string>
    <string id="mil_cook_common3_309">
        <text>Hein?.. Ah! Slavik... e um avental! Branco... Senta, nao seja alvo... Atirador, sabe... te pega! Eles sao assim...</text>
    </string>
    <string id="mil_cook_common4_0">
        <text>Tem alguma vila por perto?</text>
    </string>
    <string id="mil_cook_common4_401">
        <text>Bem...</text>
    </string>
    <string id="mil_cook_common4_402">
        <text>Bem o que?</text>
    </string>
    <string id="mil_cook_common4_403">
        <text>Hein?</text>
    </string>
    <string id="mil_cook_common4_404">
        <text>Uma vila.</text>
    </string>
    <string id="mil_cook_common4_405">
        <text>Ahh... Tem algo. Comida la... leite condensado, por exemplo...</text>
    </string>
    <string id="mil_cook_common4_406">
        <text>Como chego la?</text>
    </string>
    <string id="mil_cook_common4_407">
        <text>Hein? Espera. Precisa disso? Relaxa... Senta... Fumamos um pouco, ok?</text>
    </string>
    <string id="mil_cook_common4_408">
        <text>Preciso ir a vila.</text>
    </string>
    <string id="mil_cook_common4_409">
        <text>Ok... sentamos aqui, fumamos... Depois vamos... Te levo la. Sem problema.</text>
    </string>
    <string id="mil_cook_common4_410">
        <text>Nao precisa. Apenas diga como chegar la.</text>
    </string>
    <string id="mil_cook_common4_411">
        <text>Claro... Esta me desafiando! Vamos juntos em um segundo. Primeiro sentamos, ok, e...</text>
    </string>
    <string id="mil_cook_common5_0">
        <text>Sabe onde consigo equipamento?</text>
    </string>
    <string id="mil_cook_common5_501">
        <text>Equipamento? Isso e codigo!</text>
    </string>
    <string id="mil_cook_common5_502">
        <text>Equipamento. Armas. Artefatos.</text>
    </string>
    <string id="mil_cook_common5_503">
        <text>Armas... nao... minha faca... Quer minha faca? Nao? Sim... Artefatos. Pra que? Calma. Senta. Acende um comigo. Falamos sobre artefatos...</text>
    </string>
    <string id="mil_cook_common5_504">
        <text>Onde encontro artefatos nesta area?</text>
    </string>
    <string id="mil_cook_common5_505">
        <text>Facil! Artefatos... Temos artefatos de sobra! Conhece o pantano radioativo? Nao? Tanto faz. Estao la. Os artefatos. Estao la. Calma. Relaxe. Hein? Artefatos... he-he-he... artefatos-shmartifacts...</text>
    </string>
    <string id="mil_cook_common6_0">
        <text>Ok. Se cuida.</text>
    </string>
    <string id="mil_cook_common6_601">
        <text>Claro... senta, ja esta aqui.</text>
    </string>
    <string id="mil_cook_common6_602">
        <text>Estou indo.</text>
    </string>
    <string id="mil_cook_common6_603">
        <text>Hein? Claro... relaxa... Ok? Fecha a porta, estou indo... ta-da-da-da...</text>
    </string>
    <string id="mil_cook_dialog_0">
        <text>Vem, senta! Vamos nos divertir...</text>
    </string>
    <string id="mil_cook_drink_for_rg6_1_0">
        <text>Vamos beber, que tal?</text>
    </string>
    <string id="mil_cook_drink_for_rg6_1_1">
        <text>Claro, irmao! Manda ver!</text>
    </string>
    <string id="mil_cook_drink_for_rg6_1_2">
        <text>Bem, bem... Saude!</text>
    </string>
    <string id="mil_cook_drink_for_rg6_1_3">
        <text>Boa! Passa a garrafa... sobrou um pouco.</text>
    </string>
    <string id="mil_cook_drink_for_rg6_1_4">
        <text>Mais uma?</text>
    </string>
    <string id="mil_cook_drink_for_rg6_1_5">
        <text>Ahhh... otimo! Pena que acabou. Tem mais?</text>
    </string>
    <string id="mil_cook_drink_for_rg6_1_6">
        <text>Deixa eu ver.</text>
    </string>
    <string id="mil_cook_drink_for_rg6_2_0">
        <text>Aqui! Segura o copo firme.</text>
    </string>
    <string id="mil_cook_drink_for_rg6_2_1">
        <text>He-he... legal! Surgiu do nada. Tem um estoque ou o que?</text>
    </string>
    <string id="mil_cook_drink_for_rg6_2_2">
        <text>Vai, bebe. Nao tenho praticado ultimamente.</text>
    </string>
    <string id="mil_cook_drink_for_rg6_2_3">
        <text>A nossa vitoria! Yeaaahh... Ahhh, bons tempos!</text>
    </string>
    <string id="mil_cook_drink_for_rg6_2_4">
        <text>Sim... a nossa vitoria!</text>
    </string>
    <string id="mil_cook_drink_for_rg6_2_5">
        <text>Mais uma... Tem outra... o-o-o-outra, hein?</text>
    </string>
    <string id="mil_cook_drink_for_rg6_2_6">
        <text>Deixa eu ver...</text>
    </string>
    <string id="mil_cook_drink_for_rg6_3_0">
        <text>Ok... a ultima, certo?... Nao aguento mais hoje...</text>
    </string>
    <string id="mil_cook_drink_for_rg6_3_1">
        <text>De a-a-a-aqui!</text>
    </string>
    <string id="mil_cook_drink_for_rg6_3_2">
        <text>Uau... olha voce... Bebeu tudo sozinho?...</text>
    </string>
    <string id="mil_cook_drink_for_rg6_3_3">
        <text>Soluco! Es-s-s-se, irmao, e o fu-u-undo! Mmmm... Hhhhhm...</text>
    </string>
    <string id="mil_cook_drunk_question_about_rg6_1_0">
        <text>Ouvi que a Freedom tem um Bulldog 6. Queria dar uma olhada.</text>
    </string>
    <string id="mil_cook_drunk_question_about_rg6_1_1">
        <text>Quer que eu... te de... revele tudo?.. Acha que sou idiota?</text>
    </string>
    <string id="mil_cook_drunk_question_about_rg6_1_2">
        <text>Calma. Nao sabia que era serio.</text>
    </string>
    <string id="mil_cook_drunk_question_about_rg6_1_3">
        <text>Nao mexe nas nossas armas, entendeu? Quem e voce? Nunca te vi!</text>
    </string>
    <string id="mil_cook_drunk_question_about_rg6_1_4">
        <text>Calma! So perguntei...</text>
    </string>
    <string id="mil_cook_drunk_question_about_rg6_1_5">
        <text>Tsss! Cuidado, certo?</text>
    </string>
    <string id="mil_cook_drunk_question_about_rg6_1_6">
        <text>Certo.</text>
    </string>
    <string id="mil_cook_drunk_question_about_rg6_2_0">
        <text>Eu, humm... ahem... ouvi que tem um Bulldog 6... So quero dar uma olhada, hein? Uma espiada... o que acha? Rapido...</text>
    </string>
    <string id="mil_cook_drunk_question_about_rg6_2_1">
        <text>O que?... Voce, humm... vai pra... ah, droga, qual era... Esqueci! O que perguntou?</text>
    </string>
    <string id="mil_cook_drunk_question_about_rg6_2_2">
        <text>Grrr... gran... gran... droga! Lan-ca-gra-na-das... Quero... ve-lo!</text>
    </string>
    <string id="mil_cook_drunk_question_about_rg6_2_3">
        <text>Nao... nao pode... qualquer coisa, amigo, mas isso nao... Nao pode!</text>
    </string>
    <string id="mil_cook_drunk_question_about_rg6_2_4">
        <text>Umm, ok... Eu, humm... nao quis nada! So perguntei...</text>
    </string>
    <string id="mil_cook_drunk_question_about_rg6_3_0">
        <text>Soluco! Bulldog 6, hein?</text>
    </string>
    <string id="mil_cook_drunk_question_about_rg6_3_1">
        <text>O-oque?.. Oh! Esta... na vila! Tinhamos... dois... mas aqueles... r-retardados! Perderam... desperdicaram!</text>
    </string>
    <string id="mil_cook_drunk_question_about_rg6_3_2">
        <text>Se-serio? Uau, aqueles... i-idiotas...</text>
    </string>
    <string id="mil_dolg_skull_dialog_100">
        <text>Ola, irmao. Sou da Duty, em missao. Quer se juntar?</text>
    </string>
    <string id="mil_dolg_skull_dialog_1001">
        <text>Nao me interessa.</text>
    </string>
    <string id="mil_dolg_skull_dialog_1002">
        <text>Entao saia da frente... Loner.</text>
    </string>
    <string id="mil_dolg_skull_dialog_101">
        <text>Topo.</text>
    </string>
    <string id="mil_dolg_skull_dialog_102">
        <text>Otimo. Atras da colina, base dos "Livres", vamos limpar aquilo. So tem uma entrada, bem guardada. Queremos abrir um buraco na cerca, mas o atirador na torre atrapalha. Nao quero perder meus homens, mas voce pode se aproximar sem ser morto. Derrube o atirador, e te recompensamos. E tera equipamento na base, a vontade.</text>
    </string>
    <string id="mil_dolg_skull_dialog_103">
        <text>Continue.</text>
    </string>
    <string id="mil_dolg_skull_dialog_104">
        <text>Ja disse: derrube o atirador na torre. Topa?</text>
    </string>
    <string id="mil_dolg_skull_dialog_1041">
        <text>Nao, ainda nao.</text>
    </string>
    <string id="mil_dolg_skull_dialog_1042">
        <text>Entao saia da frente.</text>
    </string>
    <string id="mil_dolg_skull_dialog_105">
        <text>Vou tentar.</text>
    </string>
    <string id="mil_dolg_skull_dialog_1051">
        <text>Otimo! Derrube ele, e atacamos.</text>
    </string>
    <string id="mil_dolg_skull_dialog_106">
        <text>Tem um problema. So tem uma entrada na base, bem guardada. Queremos abrir outra, mas...</text>
    </string>
    <string id="mil_dolg_skull_dialog_107">
        <text>Mas o que?</text>
    </string>
    <string id="mil_dolg_skull_dialog_108">
        <text>Mandei um homem explodir a cerca. Ou o atirador e bom, ou foi azar, mas ele caiu. A dinamite esta la, mas nao podemos explodir.</text>
    </string>
    <string id="mil_dolg_skull_dialog_109">
        <text>Por que?</text>
    </string>
    <string id="mil_dolg_skull_dialog_110">
        <text>Nao quero perder homens, mas voce tem chance de derrubar o atirador. Nao vai te matar de cara. Topa?</text>
    </string>
    <string id="mil_dolg_skull_dialog_111">
        <text>Quanto ganho?</text>
    </string>
    <string id="mil_dolg_skull_dialog_112">
        <text>Agora sim. 2000 pela cabeca do atirador, e equipamento na base. Muitos corpos la, te garanto. Ajude a gente, se ajude. Que tal?</text>
    </string>
    <string id="mil_dolg_skull_dialog_120">
        <text>Fechado.</text>
    </string>
    <string id="mil_dolg_skull_dialog_121">
        <text>Boa sorte.</text>
    </string>
    <string id="mil_dolg_skull_dialog_130">
        <text>Preciso ver a situacao, depois te respondo.</text>
    </string>
    <string id="mil_dolg_skull_dialog_131">
        <text>Esperamos. Mas nao muito.</text>
    </string>
    <string id="mil_dolg_skull_dialog_200">
        <text>Agradecemos pela ajuda, Marcado. Aqui esta sua recompensa.</text>
    </string>
    <string id="mil_dolg_skull_dialog_201">
        <text>Agradeco.</text>
    </string>
    <string id="mil_dolg_skull_dialog_300">
        <text>Lembra do acordo que fizemos?</text>
    </string>
    <string id="mil_dolg_skull_dialog_400">
        <text>Atirador derrubado. Aqui esta sua recompensa.</text>
    </string>
    <string id="mil_dolg_skull_dialog_401">
        <text>Entendi.</text>
    </string>
    <string id="mil_dolg_skull_dialog_402">
        <text>Afaste-se, por favor. Precisamos nos preparar...</text>
    </string>
    <string id="mil_dolg_skull_dialog_403">
        <text>Ok.</text>
    </string>
    <string id="mil_dolg_skull_dialog_411">
        <text>Em outra hora.</text>
    </string>
    <string id="mil_dolg_skull_dialog_412">
        <text>Como preferir.</text>
    </string>
    <string id="mil_dolg_skull_dialog_413">
        <text>Ate logo.</text>
    </string>
    <string id="mil_dolg_skull_dialog_420">
        <text>Podemos continuar?</text>
    </string>
    <string id="mil_dolg_skull_dialog_421">
        <text>Continuar com o que?</text>
    </string>
    <string id="mil_dolg_skull_dialog_450">
        <text>Agradeco.</text>
    </string>
    <string id="mil_dolg_skull_dialog_451">
        <text>Vamos explodir a cerca e atacar. Voce e bom atirador, pode cuidar dos atiradores nas torres? Isso facilita a chegada ao Lukash.</text>
    </string>
    <string id="mil_dolg_skull_dialog_501">
        <text>Derrubou o atirador?</text>
    </string>
    <string id="mil_dolg_skull_dialog_502">
        <text>Sim.</text>
    </string>
    <string id="mil_dolg_skull_dialog_503">
        <text>Bom trabalho! Abriu o caminho... Aqui, um agrado.</text>
    </string>
    <string id="mil_dolg_skull_dialog_504">
        <text>Agradeco.</text>
    </string>
    <string id="mil_dolg_skull_dialog_506">
        <text>O que devo fazer?</text>
    </string>
    <string id="mil_dolg_skull_dialog_507">
        <text>Cuide dos outros atiradores. Voce e bom nisso.</text>
    </string>
    <string id="mil_dolg_skull_dialog_5070">
        <text>Em outra hora.</text>
    </string>
    <string id="mil_dolg_skull_dialog_5071">
        <text>Voce decide. Nao vou forcar.</text>
    </string>
    <string id="mil_dolg_skull_dialog_508">
        <text>Fechado.</text>
    </string>
    <string id="mil_dolg_skull_dialog_5080">
        <text>Otimo, vamos la.</text>
    </string>
    <string id="mil_dolg_skull_dialog_601">
        <text>Nao atrapalhe, Marcado.</text>
    </string>
    <string id="mil_dolg_skull_dialog_602">
        <text>Ok.</text>
    </string>
    <string id="mil_dolg_skull_dialog_701">
        <text>Siga seu caminho.</text>
    </string>
    <string id="mil_dolg_skull_dialog_702">
        <text>Ok.</text>
    </string>
    <string id="mil_dolg_skull_dialog_801">
        <text>E agora?</text>
    </string>
    <string id="mil_dolg_skull_dialog_802">
        <text>Nada.</text>
    </string>
    <string id="mil_dolg_soldier_dialog_0">
        <text>Tres idiotas mortos! Chegou na hora: nao nos expos e saiu ileso. Ninguem precisa saber disso, certo?</text>
    </string>
    <string id="mil_dolg_soldier_dialog_1">
        <text>Certo.</text>
    </string>
    <string id="mil_dolg_soldier_dialog_2">
        <text>Quer ganhar dinheiro, stalker?</text>
    </string>
    <string id="mil_dolg_soldier_dialog_20">
        <text>Nao sei.</text>
    </string>
    <string id="mil_dolg_soldier_dialog_21">
        <text>Perdeu a vontade de viver?</text>
    </string>
    <string id="mil_dolg_soldier_dialog_22">
        <text>Nao.</text>
    </string>
    <string id="mil_dolg_soldier_dialog_3">
        <text>Mais ou menos.</text>
    </string>
    <string id="mil_dolg_soldier_dialog_30">
        <text>Talvez.</text>
    </string>
    <string id="mil_dolg_soldier_dialog_4">
        <text>Siga-nos, fale com o comandante.</text>
    </string>
    <string id="mil_dolg_soldier_dialog_5">
        <text>Comandante?</text>
    </string>
    <string id="mil_dolg_soldier_dialog_6">
        <text>Claro. Skull vai te explicar tudo.</text>
    </string>
    <string id="mil_dolg_soldier_dialog_7">
        <text>Ok.</text>
    </string>
    <string id="mil_freedom_commander_1001">
        <text>Oi, stalker! Chegou na hora. Nos defendemos da Monolith e a proxima onda esta chegando! Perdemos nosso ultimo atirador! Pode ajudar? Pagamos depois da luta!</text>
    </string>
    <string id="mil_freedom_commander_10011">
        <text>Nao, nao posso ajudar.</text>
    </string>
    <string id="mil_freedom_commander_10012">
        <text>Que pena. Volte se mudar de ideia.</text>
    </string>
    <string id="mil_freedom_commander_1002">
        <text>Eu ajudo.</text>
    </string>
    <string id="mil_freedom_commander_1003">
        <text>Otimo! Suba na torre, tem rifle e municao. Derrube-os de la de cima, nao desca, ou nossos homens vao te atingir. Missao clara?</text>
    </string>
    <string id="mil_freedom_commander_1004">
        <text>Clara.</text>
    </string>
    <string id="mil_freedom_commander_1005">
        <text>Falamos de manha. Nao se afaste... Ou vou pensar que fugiu. E sabe o que acontece! Agora, posicione-se.</text>
    </string>
    <string id="mil_freedom_commander_1007">
        <text>Isso. Vamos la. A Monolith tenta invadir. Vai esquentar logo.</text>
    </string>
    <string id="mil_freedom_commander_1008">
        <text>Entendi.</text>
    </string>
    <string id="mil_freedom_commander_1009">
        <text>Tomara que nao sejam muitos...</text>
    </string>
    <string id="mil_freedom_commander_1010">
        <text>Onde fico?</text>
    </string>
    <string id="mil_freedom_commander_1011">
        <text>Suba na torre, tem Dragunov e municao. Derrube-os de la de cima, cuidado com nossas balas. Missao clara?</text>
    </string>
    <string id="mil_freedom_commander_1012">
        <text>Sim.</text>
    </string>
    <string id="mil_freedom_commander_2001">
        <text>Marque seu lugar, depois nao tera tempo!</text>
    </string>
    <string id="mil_freedom_commander_3001">
        <text>Derrubamos todos. Acabou por hoje. Obrigado pela ajuda! Toma, um dinheiro.</text>
    </string>
    <string id="mil_freedom_commander_3002">
        <text>Obrigado.</text>
    </string>
    <string id="mil_freedom_commander_3003">
        <text>Boa sorte, Marcado!</text>
    </string>
    <string id="mil_freedom_commander_4001">
        <text>Oi, Marcado! Lukash te mandou?</text>
    </string>
    <string id="mil_freedom_commander_4002">
        <text>Sim. Ele pediu para ajudar.</text>
    </string>
    <string id="mil_freedom_commander_4003">
        <text>Chegou na hora. Nos defendemos da Monolith e a proxima onda esta chegando! Perdemos nosso ultimo atirador! Pode ajudar? Pagamos depois!</text>
    </string>
    <string id="mil_freedom_commander_5001">
        <text>Derrubamos todos. Acabou por hoje. Obrigado pela ajuda! Toma, um dinheiro.</text>
    </string>
    <string id="mil_freedom_commander_5002">
        <text>Obrigado.</text>
    </string>
    <string id="mil_freedom_commander_5003">
        <text>Boa sorte, Marcado.</text>
    </string>
    <string id="mil_freedom_commander_common2_0">
        <text>Que lugar e este?</text>
    </string>
    <string id="mil_freedom_commander_common2_1">
        <text>Chamamos de Barreira... basicamente isso. Ultimo posto normal deste lado do centro da Zona. Entre as pessoas e o Territorio Selvagem.</text>
    </string>
    <string id="mil_freedom_commander_common2_2">
        <text>O que tem la?</text>
    </string>
    <string id="mil_freedom_commander_common2_3">
        <text>Morte... ou servir o Monolito. "Nosso Monolito! Em seu nome..." Droga! Ninguem precisa ir la. Por isso estamos aqui, impedindo a Zona de apodrecer. Jedis, hehe. E tentamos parar os idiotas de entrar no centro.</text>
    </string>
    <string id="mil_freedom_commander_common2_4">
        <text>Por que fazem isso?</text>
    </string>
    <string id="mil_freedom_commander_common2_5">
        <text>Quem mais? Duty? Bons em matar monstros e stalkers, mas tente fazer algo util! Viu eles aqui? Nao? Isso. Nos nao destruimos as criaturas. Uma barreira, normal, basta. Se ninguem cruzar a linha...</text>
    </string>
    <string id="mil_freedom_commander_common2_6">
        <text>E se cruzarem?</text>
    </string>
    <string id="mil_freedom_commander_common2_7">
        <text>Tudo acontece. Tudo. Nao quero...</text>
    </string>
    <string id="mil_guard_arsenal_dialog_1000">
        <text>Pare! Arsenal so para membros da Freedom.</text>
    </string>
    <string id="mil_guard_arsenal_dialog_2000">
        <text>Pode entrar no arsenal. Mas tem um problema...</text>
    </string>
    <string id="mil_guard_arsenal_dialog_2001">
        <text>Qual problema?</text>
    </string>
    <string id="mil_guard_arsenal_dialog_2002">
        <text>Calma, nada grave. A fechadura travou. Se precisar, atire nela, troco depois.</text>
    </string>
    <string id="mil_guard_arsenal_dialog_2003">
        <text>Entendi.</text>
    </string>
    <string id="mil_hunter_dialog_1">
        <text>Skinflint me mandou limpar os sanguessugas.</text>
    </string>
    <string id="mil_hunter_dialog_101">
        <text>Oi, stalker, o que faz aqui? Corre, salva sua vida!</text>
    </string>
    <string id="mil_hunter_dialog_2">
        <text>Outra historia... Inferno sabe o que rola aqui! Dois homens foram a vila e sumiram. Nao queremos morrer! Decidimos o que fazer.</text>
    </string>
    <string id="mil_hunter_dialog_201">
        <text>Oi, irmao, que aconteceu ontem!</text>
    </string>
    <string id="mil_hunter_dialog_202">
        <text>Como assim?</text>
    </string>
    <string id="mil_hunter_dialog_203">
        <text>Sentados, voce chega bebado! Foi pra vila, pros sanguessugas! Ainda bem que te paramos e te fizemos dormir.</text>
    </string>
    <string id="mil_hunter_dialog_204">
        <text>O que estao fazendo aqui?</text>
    </string>
    <string id="mil_hunter_dialog_205">
        <text>Inferno sabe o que rola aqui! Dois homens foram a vila e sumiram. Nao queremos morrer! Decidimos o que fazer.</text>
    </string>
    <string id="mil_hunter_dialog_3">
        <text>Viu os sanguessugas?</text>
    </string>
    <string id="mil_hunter_dialog_301">
        <text>E ai? Como foi?</text>
    </string>
    <string id="mil_hunter_dialog_302">
        <text>Matei eles.</text>
    </string>
    <string id="mil_hunter_dialog_303">
        <text>Uau! Mandou bem! Saiu vivo, as bebidas sao por sua conta!</text>
    </string>
    <string id="mil_hunter_dialog_304">
        <text>Obrigado.</text>
    </string>
    <string id="mil_hunter_dialog_4">
        <text>Nao. Foram a torre de agua, cairam la. Fez acordo com Skinflint, veja la... Anoto o endereco, se algo der errado.</text>
    </string>
    <string id="mil_hunter_dialog_401">
        <text>Por que anda como um fantasma?</text>
    </string>
    <string id="mil_hunter_dialog_402">
        <text>So olhando.</text>
    </string>
    <string id="mil_hunter_dialog_5">
        <text>Parece interessante... Ok, vou la.</text>
    </string>
    <string id="mil_hunter_dialog_501">
        <text>O que faz aqui?</text>
    </string>
    <string id="mil_hunter_dialog_502">
        <text>So olhando.</text>
    </string>
    <string id="mil_hunter_dialog_503">
        <text>Achou esse o melhor lugar? Este e o pior da Zona...</text>
    </string>
    <string id="mil_hunter_dialog_504">
        <text>O que tem de ruim aqui?</text>
    </string>
    <string id="mil_hunter_dialog_505">
        <text>Inferno sabe! Vila cheia de sanguessugas. Nossos homens foram la e sumiram. Nao queremos morrer! Decidimos o que fazer.</text>
    </string>
    <string id="mil_hunter_dialog_506">
        <text>Tem certeza disso?</text>
    </string>
    <string id="mil_hunter_dialog_507">
        <text>Isso! Sem fazer nada, cabeca vazia, vai a vila. Limpe as criaturas, Skinflint te paga. Anoto o endereco, se algo der errado.</text>
    </string>
    <string id="mil_hunter_dialog_508">
        <text>Ok, vou ver.</text>
    </string>
    <string id="mil_hunter_dialog_601">
        <text>Foi a vila?</text>
    </string>
    <string id="mil_hunter_dialog_602">
        <text>Sim.</text>
    </string>
    <string id="mil_hunter_dialog_603">
        <text>Nossos homens foram la e sumiram. Viu eles?</text>
    </string>
    <string id="mil_hunter_dialog_604">
        <text>Nao, so corpos no chao.</text>
    </string>
    <string id="mil_hunter_dialog_605">
        <text>Viu sanguessugas?</text>
    </string>
    <string id="mil_hunter_dialog_606">
        <text>Sim. Pode ir, esta seguro agora, matei eles.</text>
    </string>
    <string id="mil_hunter_dialog_607">
        <text>Uau! Bom trabalho! Va ver Skinflint na base. Ele paga bem.</text>
    </string>
    <string id="mil_hunter_dialog_7">
        <text>Ok, vou ver.</text>
    </string>
    <string id="mil_hunter_dialog_701">
        <text>E ai? Como foi?</text>
    </string>
    <string id="mil_hunter_dialog_702">
        <text>Massacrei as feras.</text>
    </string>
    <string id="mil_hunter_dialog_703">
        <text>Uau, mostrou pra eles! Va ver Skinflint na base. Ele paga bem.</text>
    </string>
    <string id="mil_hunter_dialog_704">
        <text>Vou la.</text>
    </string>
    <string id="mil_hunter_dialog_80">
        <text>Ok, tanto faz...</text>
    </string>
    <string id="mil_hunter_dialog_801">
        <text>O que faz aqui?</text>
    </string>
    <string id="mil_hunter_dialog_802">
        <text>So olhando...</text>
    </string>
    <string id="mil_hunter_dialog_803">
        <text>Achou esse o melhor lugar? Este e o pior da Zona...</text>
    </string>
    <string id="mil_hunter_dialog_804">
        <text>O que tem de ruim aqui?</text>
    </string>
    <string id="mil_hunter_dialog_805">
        <text>Ah, inferno sabe. Sanguessugas na vila. Nossos homens foram la e sumiram. Nao queremos morrer!</text>
    </string>
    <string id="mil_hunter_dialog_806">
        <text>Nao tem certeza?</text>
    </string>
    <string id="mil_hunter_dialog_807">
        <text>Isso! Sem fazer nada, cabeca vazia, va a vila. Limpe as criaturas, Skinflint te paga. Anoto o endereco, se algo der errado.</text>
    </string>
    <string id="mil_hunter_dialog_808">
        <text>Ok, vou ver.</text>
    </string>
    <string id="mil_hunter_dialog_901">
        <text>E ai? Como foi?</text>
    </string>
    <string id="mil_hunter_dialog_902">
        <text>Massacrei as feras.</text>
    </string>
    <string id="mil_hunter_dialog_903">
        <text>Uau, incrivel! Parabens! E vivo ainda...</text>
    </string>
    <string id="mil_hunter_dialog_904">
        <text>Obrigado.</text>
    </string>
    <string id="mil_leader_start_dialog_10001">
        <text>Ajudou nossos homens na Barreira, pode descansar aqui e ter nossa ajuda. E meu agradecimento, um dinheiro. Agora faz parte do grupo.</text>
    </string>
    <string id="mil_leader_start_dialog_1001">
        <text>E ai, stalker. Precisa de algo?</text>
    </string>
    <string id="mil_leader_start_dialog_10011">
        <text>Nada demais.</text>
    </string>
    <string id="mil_leader_start_dialog_10012">
        <text>Entao saia, ok? Tempo e dinheiro.</text>
    </string>
    <string id="mil_leader_start_dialog_1100">
        <text>Vi Duty em fazenda perto da base. Oito homens, bem armados.</text>
    </string>
    <string id="mil_leader_start_dialog_11001">
        <text>Por que saiu da Barreira? Suma daqui, nao volte.</text>
    </string>
    <string id="mil_leader_start_dialog_1101">
        <text>Droga, esses punks nao param! Vamos dar um susto neles. Quer ajudar por grana? Fale com Max, nosso chefe. Montem um time e acabem com eles.</text>
    </string>
    <string id="mil_leader_start_dialog_11011">
        <text>Ok.</text>
    </string>
    <string id="mil_leader_start_dialog_11012">
        <text>Boa sorte, stalker.</text>
    </string>
    <string id="mil_leader_start_dialog_1200">
        <text>Ja cuidei deles.</text>
    </string>
    <string id="mil_leader_start_dialog_12001">
        <text>Nao fez nada com o dedo-duro e falhou na Barreira? Suma da base, nao volte!</text>
    </string>
    <string id="mil_leader_start_dialog_1210">
        <text>Serio? Quantos eram?</text>
    </string>
    <string id="mil_leader_start_dialog_1221">
        <text>Oito homens.</text>
    </string>
    <string id="mil_leader_start_dialog_1222">
        <text>Rapido, stalker... Quer ajudar mais? Tem um dedo-duro entre nos, Pavlik. Vaza informacoes, precisamos parar isso.</text>
    </string>
    <string id="mil_leader_start_dialog_1223">
        <text>Como?</text>
    </string>
    <string id="mil_leader_start_dialog_1300">
        <text>Siga ele ate a fazenda, descubra quem e o informante. Ele nao te conhece, nao sabe da nossa conversa...</text>
    </string>
    <string id="mil_leader_start_dialog_13001">
        <text>Acha que sou seu empregado?</text>
    </string>
    <string id="mil_leader_start_dialog_13002">
        <text>Talvez.</text>
    </string>
    <string id="mil_leader_start_dialog_13003">
        <text>Tem um rato, Pavlik. Vaza informacoes. Sem provas, espione ele. Vai encontrar alguem hoje. Siga ele quieto. Cuidado, ele e esperto. Descubra quem e, mate os dois.</text>
    </string>
    <string id="mil_leader_start_dialog_1301">
        <text>Faco isso.</text>
    </string>
    <string id="mil_leader_start_dialog_1302">
        <text>Tem um rato, Pavlik. Vaza informacoes. Sem provas, espione ele. Vai encontrar alguem hoje. Siga ele quieto. Cuidado, ele e esperto. Descubra quem e, mate os dois.</text>
    </string>
    <string id="mil_leader_start_dialog_1391">
        <text>Nao, agora nao.</text>
    </string>
    <string id="mil_leader_start_dialog_14001">
        <text>Queria te perguntar algo.</text>
    </string>
    <string id="mil_leader_start_dialog_1500">
        <text>Acabou de sair, alcance ele. Mate ele, mas so depois de saber quem e o contato. Mate o outro tambem.</text>
    </string>
    <string id="mil_leader_start_dialog_1501">
        <text>Entendi.</text>
    </string>
    <string id="mil_leader_start_dialog_2001">
        <text>Mandei falar com Max.</text>
    </string>
    <string id="mil_leader_start_dialog_3001">
        <text>Missao completa... Bom, bom. Tenho outra!</text>
    </string>
    <string id="mil_leader_start_dialog_3002">
        <text>Hrm... O que?</text>
    </string>
    <string id="mil_leader_start_dialog_30021">
        <text>Tem um dedo-duro, Pavlik. Vaza informacoes, precisamos parar isso.</text>
    </string>
    <string id="mil_leader_start_dialog_3003">
        <text>Isso. Vai encontrar alguem entre 22h e 23h. Escuro, ninguem ve, mutantes dormindo. Va, stalker. Acabando, entra pro grupo. Pegue ele em flagrante! Mate durante o encontro, ou falha.</text>
    </string>
    <string id="mil_leader_start_dialog_4001">
        <text>Ainda aqui?</text>
    </string>
    <string id="mil_leader_start_dialog_5001">
        <text>Bom trabalho, Marcado! Toma, seu pagamento. Pode descansar aqui, ter nossa ajuda. Mais um servico. Cansado?</text>
    </string>
    <string id="mil_leader_start_dialog_5002">
        <text>O que?</text>
    </string>
    <string id="mil_leader_start_dialog_5003">
        <text>Se quiser, va ao posto perto da Floresta Vermelha. Mutantes ou Monolith atacam la. Precisam de ajuda.</text>
    </string>
    <string id="mil_leader_start_dialog_5004">
        <text>Ajudou na Barreira, relaxe.</text>
    </string>
    <string id="mil_leader_start_dialog_6001">
        <text>Relaxe. Sem trabalho agora.</text>
    </string>
    <string id="mil_leader_start_dialog_7001">
        <text>Estragou a missao... que droga. Mas tem outra chance!</text>
    </string>
    <string id="mil_leader_start_dialog_7002">
        <text>Qual chance?</text>
    </string>
    <string id="mil_leader_start_dialog_7003">
        <text>Monolith ataca pela Floresta Vermelha logo. Va ver Cap na Barreira, veja se precisa de ajuda. Ele precisa, claro...</text>
    </string>
    <string id="mil_leader_start_dialog_7004">
        <text>Ok, faco isso.</text>
    </string>
    <string id="mil_leader_start_dialog_7006">
        <text>Nao, agora nao.</text>
    </string>
    <string id="mil_leader_start_dialog_7007">
        <text>Pense nos nossos homens, vao morrer! So voce pode ajudar... ninguem mais.</text>
    </string>
    <string id="mil_leader_start_dialog_8001">
        <text>Falhou, adeus aos documentos. Nao queremos perdedores.</text>
    </string>
    <string id="mil_leader_start_dialog_8004">
        <text>Estragou a missao... que droga. Mas ajudou na Barreira, pode descansar aqui. Se precisar, ajudamos.</text>
    </string>
    <string id="mil_leader_start_dialog_8005">
        <text>Tem trabalho?</text>
    </string>
    <string id="mil_leader_start_dialog_8006">
        <text>Agora nao.</text>
    </string>
    <string id="mil_leader_start_dialog_9001">
        <text>Mandei ir a Barreira.</text>
    </string>
    <string id="mil_max_dialog_10001">
        <text>Falamos depois de matar os Duty.</text>
    </string>
    <string id="mil_max_dialog_10002">
        <text>Ok.</text>
    </string>
    <string id="mil_max_dialog_1001">
        <text>Lukash disse que voce ajuda. Viu eles na fazenda?</text>
    </string>
    <string id="mil_max_dialog_1100">
        <text>Nao.</text>
    </string>
    <string id="mil_max_dialog_1101">
        <text>Droga... Duty aprontando de novo! Vem com a gente?</text>
    </string>
    <string id="mil_max_dialog_1102">
        <text>Ok.</text>
    </string>
    <string id="mil_max_dialog_1200">
        <text>Sim.</text>
    </string>
    <string id="mil_max_dialog_1201">
        <text>Sao muitos?</text>
    </string>
    <string id="mil_max_dialog_1210">
        <text>Nao sei. Acho que nao.</text>
    </string>
    <string id="mil_max_dialog_1220">
        <text>Seis a oito, bem armados.</text>
    </string>
    <string id="mil_max_dialog_2001">
        <text>Fale com Lukash.</text>
    </string>
    <string id="mil_max_dialog_3001">
        <text>Pergunta algo?</text>
    </string>
    <string id="mil_max_dialog_3002">
        <text>Sim. Lukash mandou pegar o mensageiro da Duty indo da Floresta Vermelha a Cidade Morta. Onde?</text>
    </string>
    <string id="mil_max_dialog_3003">
        <text>Pegue antes da fazenda perto da passagem da Cidade Morta. Reforcos la, problema. E tem a vila, ruim. Va a leste da vila, rapido.</text>
    </string>
    <string id="mil_max_dialog_3004">
        <text>O que tem na vila?</text>
    </string>
    <string id="mil_max_dialog_3005">
        <text>Acredite, nada bom. Monstros e anomalias. Falo depois.</text>
    </string>
    <string id="mil_max_dialog_4001">
        <text>Parabens?</text>
    </string>
    <string id="mil_max_dialog_4002">
        <text>Sim.</text>
    </string>
    <string id="mil_max_dialog_4003">
        <text>Voce e o cara certo! Quer outro servico? Facilito e te dou meu Black Kite. Otima arma, poder total!</text>
    </string>
    <string id="mil_max_dialog_4004">
        <text>O que faco?</text>
    </string>
    <string id="mil_max_dialog_4005">
        <text>Tem um cara no pantano. Meus homens viram ele correndo da vila. Viu algo que pirou ele. Atira em quem aparece. Descubra o que viu, temos medo de ir a vila.</text>
    </string>
    <string id="mil_max_dialog_40051">
        <text>Nao, agora nao.</text>
    </string>
    <string id="mil_max_dialog_400511">
        <text>Tanto faz.</text>
    </string>
    <string id="mil_max_dialog_40052">
        <text>Aqui o Pendrive do louco.</text>
    </string>
    <string id="mil_max_dialog_400521">
        <text>Obrigado, stalker! Toma a arma, mereceu.</text>
    </string>
    <string id="mil_max_dialog_400522">
        <text>Tem municao?</text>
    </string>
    <string id="mil_max_dialog_400523">
        <text>So no carregador. Desculpe, so isso. Va ver Skinflint, ele pode ter.</text>
    </string>
    <string id="mil_max_dialog_4006">
        <text>Vou tentar.</text>
    </string>
    <string id="mil_max_dialog_4007">
        <text>Boa sorte. Tem campo minado antigo, use parafusos para desviar das minas.</text>
    </string>
    <string id="mil_max_dialog_5001">
        <text>E ai? O que descobriu? O que rolou com o psicopata?</text>
    </string>
    <string id="mil_max_dialog_5002">
        <text>Aqui o Pendrive do louco.</text>
    </string>
    <string id="mil_max_dialog_6001">
        <text>Ja?</text>
    </string>
    <string id="mil_max_dialog_7001">
        <text>Quer saber o que?</text>
    </string>
    <string id="mil_max_dialog_8001">
        <text>E ai, stalker! O que manda?</text>
    </string>
    <string id="mil_max_dialog_8002">
        <text>Negocios. Leve ao seu chefe?</text>
    </string>
    <string id="mil_max_dialog_8003">
        <text>Lukash, nosso lider. Predio principal.</text>
    </string>
    <string id="mil_max_dialog_9001">
        <text>Mandou bem. De os documentos ao Lukash.</text>
    </string>
    <string id="mil_max_dialog_9100">
        <text>Fale com Lukash, depois conversamos, ok?</text>
    </string>
    <string id="mil_max_dialog_9101">
        <text>Ok.</text>
    </string>
    <string id="mil_patrol_dialog1_0">
        <text>Cara, base da Freedom! Relaxe, a vontade!</text>
    </string>
    <string id="mil_patrol_dialog1_1">
        <text>Entendi.</text>
    </string>
    <string id="mil_patrol_dialog1_2">
        <text>Comporte-se, ok? Brinque, se arrepende. Tinha um lerdo, irritou geral, mandamos andar no campo minado, pelado. Skinflint xingando com o braco na cabeca! Inesquecivel... Entendeu?</text>
    </string>
    <string id="mil_patrol_dialog1_3">
        <text>Entendi.</text>
    </string>
    <string id="mil_patrol_dialog1_4">
        <text>Bom homem! Dispensado.</text>
    </string>
    <string id="mil_patrol_dialog2_0">
        <text>Novato... Vem ca.</text>
    </string>
    <string id="mil_patrol_dialog2_1">
        <text>Nao entendi.</text>
    </string>
    <string id="mil_patrol_dialog2_10">
        <text>Aonde vai? Fica! Legal aqui... jantar hoje.</text>
    </string>
    <string id="mil_patrol_dialog2_11">
        <text>Nao, nao sou apetitoso.</text>
    </string>
    <string id="mil_patrol_dialog2_12">
        <text>O que?! Droga, por que nao disse antes! Perdendo tempo. Vaza, idiota. Serio agora...</text>
    </string>
    <string id="mil_patrol_dialog2_2">
        <text>Nao entendeu o que? Nao ouviu dos lerdos?</text>
    </string>
    <string id="mil_patrol_dialog2_3">
        <text>Nao, nao ouvi.</text>
    </string>
    <string id="mil_patrol_dialog2_4">
        <text>Certo, olha. Tempos dificeis...</text>
    </string>
    <string id="mil_patrol_dialog2_5">
        <text>Quer dizer?</text>
    </string>
    <string id="mil_patrol_dialog2_6">
        <text>Facil! Soldado com fome e soldado ruim. E somos muitos...</text>
    </string>
    <string id="mil_patrol_dialog2_7">
        <text>E?</text>
    </string>
    <string id="mil_patrol_dialog2_8">
        <text>Onde arranjar carne? E olha voce aqui!</text>
    </string>
    <string id="mil_patrol_dialog2_9">
        <text>Entendi.</text>
    </string>
    <string id="mil_screw_dialog_1000">
        <text>Quebrou algo, cara?</text>
    </string>
    <string id="mil_screw_dialog_1001">
        <text>Quebrado?</text>
    </string>
    <string id="mil_screw_dialog_1002">
        <text>Ah, nao precisa de ajuda? Ufa! Cansado disso. Quebrou, correm pra ca, chorando.</text>
    </string>
    <string id="mil_screw_dialog_1003">
        <text>Quem e voce?</text>
    </string>
    <string id="mil_screw_dialog_1004">
        <text>Mecanico. Sr. Conserta-Tudo... Armas e tudo mais. Trabalho nos carros agora.</text>
    </string>
    <string id="mil_screw_dialog_1005">
        <text>Como vai?</text>
    </string>
    <string id="mil_screw_dialog_1006">
        <text>Pfft! So lixo. Acabado. Tem vodka? Te dou uma mira boa! A melhor!</text>
    </string>
    <string id="mil_screw_dialog_1100">
        <text>Nao.</text>
    </string>
    <string id="mil_screw_dialog_1101">
        <text>Perdeu. Se tiver, entra, sem medo.</text>
    </string>
    <string id="mil_screw_dialog_1102">
        <text>Ok.</text>
    </string>
    <string id="mil_screw_dialog_1200">
        <text>Toma.</text>
    </string>
    <string id="mil_screw_dialog_1201">
        <text>Obrigado! Legal da sua parte. Relaxar depois.</text>
    </string>
    <string id="mil_screw_dialog_1202">
        <text>Boa sorte.</text>
    </string>
    <string id="mil_screw_dialog_2000">
        <text>Nao atrapalhe, penso...</text>
    </string>
    <string id="mil_screw_dialog_4">
        <text>Nao creio, trouxe vodka mesmo?</text>
    </string>
    <string id="mil_trader_dialog_1001">
        <text>Que foi?</text>
    </string>
    <string id="mil_trader_dialog_1002">
        <text>Onde acho artefatos e armas?</text>
    </string>
    <string id="mil_trader_dialog_1003">
        <text>Comigo, com dinheiro. Ou na vila, de graca, mas arriscado.</text>
    </string>
    <string id="mil_trader_dialog_1004">
        <text>A vila?</text>
    </string>
    <string id="mil_trader_dialog_1005">
        <text>Vila. Cheia de anomalias, novatos caem sempre. Nossos homens foram la, pode ir junto.</text>
    </string>
    <string id="mil_trader_dialog_1006">
        <text>Entendi.</text>
    </string>
    <string id="mil_trader_dialog_2001">
        <text>O que trouxe de bom?</text>
    </string>
    <string id="mil_trader_dialog_3001">
        <text>Precisa de algo?</text>
    </string>
    <string id="mil_trader_dialog_3002">
        <text>Nada... so estou olhando.</text>
    </string>
    <string id="mil_trader_dialog_3003">
        <text>Faca algo util. Tenho algo que pode te interessar... quer ganhar, hein?</text>
    </string>
    <string id="mil_trader_dialog_3004">
        <text>Interessante...</text>
    </string>
    <string id="mil_trader_dialog_3005">
        <text>Te dou um Cristal por um favor. Situacao ruim... Ninguem pega artefato na vila, medo. Sanguessugas la. Nao mando ninguem, quase peco ajuda a Duty!</text>
    </string>
    <string id="mil_trader_dialog_3006">
        <text>Continue.</text>
    </string>
    <string id="mil_trader_dialog_3007">
        <text>Dois homens foram a vila e sumiram, tres parados na beira. Mate os sanguessugas, te dou um Cristal. Topa?</text>
    </string>
    <string id="mil_trader_dialog_30071">
        <text>Agora nao.</text>
    </string>
    <string id="mil_trader_dialog_30072">
        <text>Voce decide... Alguem vai limpar eles cedo ou tarde. Cristal e raro e caro.</text>
    </string>
    <string id="mil_trader_dialog_3008">
        <text>Topo.</text>
    </string>
    <string id="mil_trader_dialog_3009">
        <text>Otimo. Ache mais, traga, pago bem.</text>
    </string>
    <string id="mil_trader_dialog_3101">
        <text>E?</text>
    </string>
    <string id="mil_trader_dialog_3110">
        <text>Parados la, olhando...</text>
    </string>
    <string id="mil_trader_dialog_3111">
        <text>Ajuda eles na caca, te dou um artefato, Cristal. Topa?</text>
    </string>
    <string id="mil_trader_dialog_3200">
        <text>Conversamos e fomos a vila tentar pegar mutante...</text>
    </string>
    <string id="mil_trader_dialog_3201">
        <text>E? Direto ao ponto!</text>
    </string>
    <string id="mil_trader_dialog_3300">
        <text>Matamos uma besta, mas os caras cairam. Na torre de agua, todos com dor de cabeca, sangue nos olhos... Essa droga afeta o cerebro. Matei a coisa, tarde para ajudar.</text>
    </string>
    <string id="mil_trader_dialog_3301">
        <text>Droga. Murk era bom stalker. Que pena. Toma o artefato por ajudar.</text>
    </string>
    <string id="mil_trader_dialog_3310">
        <text>Foram cacar, voltei pra ca...</text>
    </string>
    <string id="mil_trader_dialog_3311">
        <text>Entendi.</text>
    </string>
    <string id="mil_trader_dialog_3400">
        <text>Guardo equipamento aqui?</text>
    </string>
    <string id="mil_trader_dialog_3401">
        <text>Com preco fixo, tudo rola.</text>
    </string>
    <string id="mil_trader_dialog_3500">
        <text>Ja cuidei deles.</text>
    </string>
    <string id="mil_trader_dialog_3501">
        <text>Droga, stalker! Rapido demais! Ok, toma seu Cristal.</text>
    </string>
    <string id="mil_trader_dialog_4001">
        <text>E a caca?</text>
    </string>
    <string id="mil_trader_dialog_4002">
        <text>Matei os monstros.</text>
    </string>
    <string id="mil_trader_dialog_4003">
        <text>Dificil?</text>
    </string>
    <string id="mil_trader_dialog_4004">
        <text>Medio.</text>
    </string>
    <string id="mil_trader_dialog_4005">
        <text>Hmm, interessante... Lixo vindo do centro da Zona... De onde vem? Toma, pelos problemas.</text>
    </string>
    <string id="mil_trader_dialog_5001">
        <text>Mandei matar os sanguessugas na vila!</text>
    </string>
    <string id="mil_trader_dialog_5002">
        <text>Mudei de ideia.</text>
    </string>
    <string id="mil_trader_dialog_5003">
        <text>Sem problema. Sem recompensa, claro.</text>
    </string>
    <string id="mil_trader_dialog_5004">
        <text>Beleza.</text>
    </string>
    <string id="mil_trader_dialog_5010">
        <text>Vou tentar.</text>
    </string>
    <string id="mil_trader_dialog_6001">
        <text>Nao resolveu o problema... Fico com o artefato.</text>
    </string>
    <string id="mil_trader_dialog_6002">
        <text>Sem problema.</text>
    </string>
    <string id="mil_trader_dialog_7001">
        <text>Dizem que matou os sanguessugas na vila. E verdade?</text>
    </string>
    <string id="mil_trader_dialog_7002">
        <text>E verdade.</text>
    </string>
    <string id="mil_trader_dialog_7003">
        <text>Dificil?</text>
    </string>
    <string id="mil_trader_dialog_7004">
        <text>Medio.</text>
    </string>
    <string id="mil_trader_dialog_7005">
        <text>Hmm, interessante... Lixo vindo do centro da Zona... De onde vem? Toma, pelos problemas.</text>
    </string>
    <string id="mil_trader_dialog_8001">
        <text>E ai, o que trouxe?</text>
    </string>
    <string id="mil_zoneguard_common1_0">
        <text>Tem cozinheiro por aqui?</text>
    </string>
    <string id="mil_zoneguard_common1_1">
        <text>Claro, como viver sem! O que quer com ele?</text>
    </string>
    <string id="mil_zoneguard_common1_2">
        <text>Quero comida.</text>
    </string>
    <string id="mil_zoneguard_common1_3">
        <text>Na cozinha dele. Fica la, murmurando.</text>
    </string>
    <string id="mil_zoneguard_common1_4">
        <text>Murmurando?</text>
    </string>
    <string id="mil_zoneguard_common1_5">
        <text>Bebado e bebado. Se nao cozinhasse, ja teria ido. Na cozinha. Te explico como ir.</text>
    </string>
    <string id="mil_zoneguard_common1_6">
        <text>Obrigado.</text>
    </string>
    <string id="mil_zoneguard_common1_7">
        <text>De nada.</text>
    </string>
    <string id="mil_zoneguard_common2_0">
        <text>Quem manda aqui?</text>
    </string>
    <string id="mil_zoneguard_common2_1">
        <text>Qual o assunto?</text>
    </string>
    <string id="mil_zoneguard_common2_2">
        <text>Tenho informacoes pra ele.</text>
    </string>
    <string id="mil_zoneguard_common2_3">
        <text>Lukash, nosso lider. Predio principal.</text>
    </string>
    <string id="mil_zoneguard_common2_4">
        <text>Entendi. Obrigado.</text>
    </string>
    <string id="mil_zoneguard_dialog_10">
        <text>Igualmente. O que faz aqui?</text>
    </string>
    <string id="mil_zoneguard_dialog_100">
        <text>Quem manda aqui? Quero falar com ele.</text>
    </string>
    <string id="mil_zoneguard_dialog_1000">
        <text>Lukash, no predio principal. Guarde a arma, ou leva bala.</text>
    </string>
    <string id="mil_zoneguard_dialog_10000">
        <text>Por que?</text>
    </string>
    <string id="mil_zoneguard_dialog_100000">
        <text>Tivemos problemas, um assassino quase matou Lukash. Sem riscos agora.</text>
    </string>
    <string id="mil_zoneguard_dialog_1000000">
        <text>Entendi.</text>
    </string>
    <string id="mil_zoneguard_dialog_10000000">
        <text>Pode ir.</text>
    </string>
    <string id="mil_zoneguard_dialog_20">
        <text>Mais ou menos. Some daqui, nao atrapalhe.</text>
    </string>
    <string id="mil_zoneguard_dialog_3">
        <text>Saudacoes.</text>
    </string>
    <string id="mil_zoneguard_dialog_30">
        <text>Pare! Quem vem la?!</text>
    </string>
    <string id="mil_zoneguard_dialog_31">
        <text>Andorinha sul-africana!</text>
    </string>
    <string id="mil_zoneguard_dialog_32">
        <text>Ha-ha! Correto! Pode passar.</text>
    </string>
    <string id="mil_zoneguard_dialog_4">
        <text>Que pantano e esse?</text>
    </string>
    <string id="mil_zoneguard_dialog_41">
        <text>Poca radioativa. Nao toque, ou brilha no escuro. Tem um cara la, nao deixa ninguem chegar perto. Quem quer se misturar com loucos? Normal fica longe.</text>
    </string>
    <string id="mil_zoneguard_dialog_42">
        <text>Quem e o cara?</text>
    </string>
    <string id="mil_zoneguard_dialog_43">
        <text>Ninguem sabe. Dizem que e um dos nossos que foi a vila.</text>
    </string>
    <string id="mil_zoneguard_dialog_44">
        <text>Que vila?</text>
    </string>
    <string id="mil_zoneguard_dialog_45">
        <text>Tem um povoado perto. Cheio de mutantes e anomalias. Nao fui la ainda, cheguei agora. Pergunta pro Max, ele ta aqui a anos.</text>
    </string>
    <string id="mil_zoneguard_dialog_5">
        <text>Onde estoco municao? Rostok longe, sem vontade de ir.</text>
    </string>
    <string id="mil_zoneguard_dialog_51">
        <text>Predio principal, primeiro andar.</text>
    </string>
    <string id="mil_zoneguard_dialog_6">
        <text>E ai, andarilho? Querendo entrar?</text>
    </string>
    <string id="mil_zoneguard_dialog_601">
        <text>Mais ou menos.</text>
    </string>
    <string id="mil_zoneguard_dialog_602">
        <text>Entra pra nossa?</text>
    </string>
    <string id="mil_zoneguard_dialog_603">
        <text>Nao. Negocios.</text>
    </string>
    <string id="mil_zoneguard_dialog_604">
        <text>Entra ai. Divertido.</text>
    </string>
    <string id="mil_zoneguard_dialog_605">
        <text>Penso nisso.</text>
    </string>
    <string id="mil_zoneguard_dialog_607">
        <text>Cavalo falante?</text>
    </string>
    <string id="mil_zoneguard_dialog_608">
        <text>Errou.</text>
    </string>
    <string id="mil_zoneguard_dialog_609">
        <text>A-9?</text>
    </string>
    <string id="mil_zoneguard_dialog_610">
        <text>Navio afundado. Para de enrolar! Algo mais?</text>
    </string>
    <string id="mil_zoneguard_dialog_611">
        <text>Me testa.</text>
    </string>
    <string id="mil_zoneguard_dialog_612">
        <text>Vinte e um. Droga, de novo! Esperto. Nao sabe a senha, nao?</text>
    </string>
    <string id="mil_zoneguard_dialog_613">
        <text>Fala ai.</text>
    </string>
    <string id="mil_zoneguard_dialog_614">
        <text>Claro que sim.</text>
    </string>
    <string id="mil_zoneguard_dialog_615">
        <text>Deixa entrar. Nao durmo no campo.</text>
    </string>
    <string id="mil_zoneguard_dialog_616">
        <text>Por que nao? Tempo bom, quase verao. Passa no teste, entra. Senao, vaza.</text>
    </string>
    <string id="mil_zoneguard_dialog_617">
        <text>Teste?</text>
    </string>
    <string id="mil_zoneguard_dialog_618">
        <text>Claro. Tres coisas que todo homem sabe.</text>
    </string>
    <string id="mil_zoneguard_dialog_619">
        <text>Sem medo. Manda.</text>
    </string>
    <string id="mil_zoneguard_dialog_620">
        <text>Facil primeiro. Pronto? Tamanho do sutia da Pamela Anderson?</text>
    </string>
    <string id="mil_zoneguard_dialog_6200">
        <text>34 C.</text>
    </string>
    <string id="mil_zoneguard_dialog_6201">
        <text>Idiota. Vai empinar pipa!</text>
    </string>
    <string id="mil_zoneguard_dialog_6202">
        <text>Droga.</text>
    </string>
    <string id="mil_zoneguard_dialog_6203">
        <text>35 D.</text>
    </string>
    <string id="mil_zoneguard_dialog_6204">
        <text>Idiota. Vai empinar pipa!</text>
    </string>
    <string id="mil_zoneguard_dialog_6205">
        <text>36 DD.</text>
    </string>
    <string id="mil_zoneguard_dialog_6206">
        <text>Bom trabalho! Homem de verdade!</text>
    </string>
    <string id="mil_zoneguard_dialog_6207">
        <text>Sou sim.</text>
    </string>
    <string id="mil_zoneguard_dialog_6208">
        <text>Mais dificil agora! Capacidade do cartucho da submetralhadora russa Bizon?</text>
    </string>
    <string id="mil_zoneguard_dialog_6300">
        <text>Vinte e cinco.</text>
    </string>
    <string id="mil_zoneguard_dialog_6301">
        <text>Sessenta e oito.</text>
    </string>
    <string id="mil_zoneguard_dialog_6302">
        <text>Cinquenta e quatro.</text>
    </string>
    <string id="mil_zoneguard_dialog_6400">
        <text>Incrivel! Gosto de voce... sem segundas intencoes!</text>
    </string>
    <string id="mil_zoneguard_dialog_6401">
        <text>Claro.</text>
    </string>
    <string id="mil_zoneguard_dialog_6402">
        <text>Terceira! Velocidade de voo de uma andorinha sul-africana?</text>
    </string>
    <string id="mil_zoneguard_dialog_6403">
        <text>Uma sul-africana o que?!</text>
    </string>
    <string id="mil_zoneguard_dialog_6404">
        <text>Andorinha!</text>
    </string>
    <string id="mil_zoneguard_dialog_6405">
        <text>Como sei disso?! Voce sabe?</text>
    </string>
    <string id="mil_zoneguard_dialog_6406">
        <text>Claro que nao. Esse e o problema, nao sei a resposta... Ok, pode passar.</text>
    </string>
    <string id="mil_zoneguard_dialog_6407">
        <text>Uau, cara!</text>
    </string>
    <string id="mil_zoneguard_dialog_81">
        <text>Tenta de novo? Tamanho do sutia da Dotty Strangelove?</text>
    </string>
    <string id="mil_zoneguard_dialog_91">
        <text>Insistente! Capacidade do carregador da SMG russa Bizon?</text>
    </string>
</string_table>