	<string id="cit_doctor_meet_conclusion">
		<text>Encontro com o Doutor</text>
	</string>
	<string id="cit_doctor_meet_conclusion_txt">
		<text>Eu nao sei o que pensar... Devo ficar feliz ou triste? Descobri que sou o Strelok. Um Strelok que perdeu a memoria em uma das ultimas viagens ao centro da Zona. Um Strelok que perdeu todos os seus amigos, exceto o Doutor. Um Strelok que descobriu algo que fez com que fosse seguido. O que eu descobri? Proxima pergunta. O Doutor conseguiu salvar a chave e a localizacao do esconderijo secreto do nosso grupo em Prypiat. Ele esta em um dos quartos do antigo hotel no centro. Ele acredita que ha algo la que pode explicar sobre o "Concessor de Desejos" ou Monolito. Ele sabe de uma coisa: depois da penultima expedicao de reconhecimento a Usina Nuclear de Chernobyl, eu continuei dizendo que havia algo estranho com o Monolito. Bem, Monolito, vamos tentar entender o que voce e, e o que voce quer.</text>
	</string>
	<string id="cit_doctor_task_0_art">
		<text>Doutor: Quando nos encontramos pela ultima vez, voce me deixou a chave do esconderijo secreto em Prypiat e o diagrama que mostrava como encontralo... Eu consegui salva-los... Os Mercs nao os encontraram... Aqui... Talvez voce descubra mais algo la... E voce continuava dizendo que havia algo estranho com o Monolito... Isso com certeza...</text>
	</string>