	<string id="aes_military_task">
		<text>Operacao Monolith</text>
	</string>
	<string id="aes_military_task_head">
		<text>Situacao</text>
	</string>
	<string id="aes_soldier_info">
		<text>Plano de acao militar\n\n Pessoal:\n Comandante da operacao: indicativo Quartet\n Sete unidades de assalto aerotransportado: Sapsan, Korshun, Yastreb, Pustelga, Sokol, Grif, Lun.\n Equipe de snipers: Sova\n\n Suporte:\n Ar: 018, 030, 031, 48, 49, 52, 51, 64, 65, 098, 097\n Terrestre: Armadillo 1, Armadillo 2, Armadillo 3\n\n Situacao: Possivel resistencia forte perto da ponte (23,45), portao (26,78) e ao longo da estrada do edificio principal da estacao (12,23-53,76). O inimigo pode estar usando armamento pesado.\n\n Numero estimado de inimigos: 70-100. Veiculos blindados: nenhum.\n Alta possibilidade de snipers inimigos.\n\n Condicoes climaticas: Visibilidade - 700. Possiveis anomalias nunca vistas antes.</text>
	</string>