	<string id="sar_command_center_text">
		<text>Doutor: "Tudo o que voce disse sobre o Monolito esta certo - e apenas uma ilusao criada por um laboratorio perto do Sarcofago... Pelo que tudo indica, essa e a unica maneira de acessar o verdadeiro segredo da Zona... O segredo que voce sempre esteve tentando descobrir."</text>
	</string>
	<string id="sar_monolith_call_text">
		<text>Eu ouvi o chamado do Monolito. Ele me chamou. Agora eu preciso ir ate ele e obter as respostas para todas as minhas perguntas.</text>
	</string>
	<string id="sar_secret_lab_text">
		<text>Doutor: "Aqui esta o acordo. Existe um decodificador para abrir a porta que leva ao sistema de operacao do Monolito. O decodificador esta escondido em um esconderijo secreto em Prypiat. Estou te dando as coordenadas de sua localizacao e a chave. Voce vai pegar o decodificador, encontrar a porta certa no sarcofago e depois... E depois voce vai ver como tudo vai acontecer."</text>
	</string>
	<string id="zones_mystery_text">
		<text>Voce conseguiu, afinal, Stalker. Voce acabou se mostrando muito mais forte do que pensavamos no inicio. Bom, o momento de conversarmos chegou. Siga em direcao ao sinal. Nos estaremos te esperando.</text>
	</string>