<?xml version="1.0" encoding="windows-1251" ?>
<string_table>
	<string id="yantar_general_ucheniy_talk_start_101">
		<text>Obrigado... Marcado, certo? Salvou Kruglov, ofereco traje de trabalho em agradecimento. Util, voce sabe... Ajudo em algo mais?</text>
	</string>
	<string id="yantar_general_ucheniy_talk_start_1011">
		<text>Procuro Lab X-16. Barkeep disse que voce tem informacoes sobre a localizacao.</text>
	</string>
	<string id="yantar_general_ucheniy_talk_start_1012">
		<text>Interesse no Lab X-16 ha tempo... mecanismo la dentro gera emissoes que afetam consciencia. Impossivel penetrar sem armadura psi especial. Mesmo evitando zumbis na entrada, vira um deles. Serio. Dispositivo de blindagem para proteger das emissoes, mas precisa de medicoes adicionais. Ajuda nessa missao, fornecemos prototipo calibrado para testes em campo.</text>
	</string>
	<string id="yantar_general_ucheniy_talk_start_1013">
		<text>Medicoes?</text>
	</string>
	<string id="yantar_general_ucheniy_talk_start_1014">
		<text>Voce e nosso associado realizam medicoes necessarias, preparo prototipo funcional da armadura, te dou. Permite entrar no laboratorio.</text>
	</string>
	<string id="yantar_general_ucheniy_talk_start_10141">
		<text>OK, aceito.</text>
	</string>
	<string id="yantar_general_ucheniy_talk_start_101411">
		<text>Excelente! Fale com Kruglov, comecem. Ele ja esta equipado.</text>
	</string>
	<string id="yantar_general_ucheniy_talk_start_101412">
		<text>OK.</text>
	</string>
	<string id="yantar_general_ucheniy_talk_start_10142">
		<text>OK, aceito.</text>
	</string>
	<string id="yantar_general_ucheniy_talk_start_101421">
		<text>Excelente! Fale com Semenov, comecem. Ele tem tudo que precisa.</text>
	</string>
	<string id="yantar_general_ucheniy_talk_start_101422">
		<text>OK.</text>
	</string>
	<string id="yantar_general_ucheniy_talk_start_10143">
		<text>Nao, nao quero isso agora.</text>
	</string>
	<string id="yantar_general_ucheniy_talk_start_101431">
		<text>Que pena, pena mesmo... Nao sei como ou quando realizar expedicao de medicoes sozinhos.</text>
	</string>
	<string id="yantar_general_ucheniy_talk_start_11">
		<text>Sim, senhor? O que procura?</text>
	</string>
	<string id="yantar_general_ucheniy_talk_start_111">
		<text>Procuro Lab X-16. Barkeep disse que voce tem informacoes sobre a localizacao.</text>
	</string>
	<string id="yantar_general_ucheniy_talk_start_12">
		<text>Obrigado, Marcado, resgatou Kruglov. Pegue traje pressurizado como recompensa. Suspeito que nao veio so por recompensa, certo?</text>
	</string>
	<string id="yantar_general_ucheniy_talk_start_121">
		<text>Procuro Lab X-16. Barkeep disse que voce tem informacoes sobre a localizacao.</text>
	</string>
	<string id="yantar_general_ucheniy_talk_start_1211">
		<text>Estudamos emissao no Lab X-16 ha tempo, mas nao entra la sem equipamento especial. Dispositivo de protecao psi protege das emissoes, mas precisa de ajustes. Ajuda nisso, dou prototipo funcional para usar no laboratorio.</text>
	</string>
	<string id="yantar_general_ucheniy_talk_start_12111">
		<text>OK.</text>
	</string>
	<string id="yantar_general_ucheniy_talk_start_121111">
		<text>Excelente, fale com Kruglov, comecem. Ele tem tudo que precisa.</text>
	</string>
	<string id="yantar_general_ucheniy_talk_start_12112">
		<text>Nao, nao estou pronto para isso ainda.</text>
	</string>
	<string id="yantar_general_ucheniy_talk_start_121122">
		<text>Que pena. Ate agora nao conseguimos enviar expedicao de medicoes sozinhos.</text>
	</string>
	<string id="yantar_general_ucheniy_talk_start_21">
		<text>Sim, senhor? O que procura?</text>
	</string>
	<string id="yantar_general_ucheniy_talk_start_211">
		<text>Interesse no Lab X-16 ha tempo... mecanismo la dentro gera emissoes que afetam consciencia. Impossivel penetrar sem armadura psi especial. Mesmo evitando zumbis na entrada, vira um deles. Serio. Dispositivo de blindagem para proteger das emissoes, mas precisa de medicoes adicionais. Ajuda nessa missao, fornecemos prototipo calibrado para testes em campo.</text>
	</string>
	<string id="yantar_general_ucheniy_talk_start_2111">
		<text>Continue.</text>
	</string>
	<string id="yantar_general_ucheniy_talk_start_21111">
		<text>Estudamos emissao no Lab X-16 ha tempo, mas nao entra la sem equipamento especial. Dispositivo de protecao psi protege das emissoes, mas precisa de ajustes. Ajuda nisso, dou prototipo funcional para usar no laboratorio.</text>
	</string>
	<string id="yantar_general_ucheniy_talk_start_21112">
		<text>OK, aceito.</text>
	</string>
	<string id="yantar_general_ucheniy_talk_start_211121">
		<text>Excelente! Fale com Kruglov, comecem. Ele ja esta equipado.</text>
	</string>
	<string id="yantar_general_ucheniy_talk_start_2111211">
		<text>OK.</text>
	</string>
	<string id="yantar_general_ucheniy_talk_start_21113">
		<text>OK, aceito.</text>
	</string>
	<string id="yantar_general_ucheniy_talk_start_211131">
		<text>Excelente! Fale com Semenov, comecem. Ele tem tudo que precisa.</text>
	</string>
	<string id="yantar_general_ucheniy_talk_start_211132">
		<text>OK.</text>
	</string>
	<string id="yantar_general_ucheniy_talk_start_211141">
		<text>Nao entende, ha um emissor. Ninguem chegou perto, meio quilometro, transforma qualquer um em zumbi. Ir la sem traje e suicidio, entendeu?</text>
	</string>
	<string id="yantar_general_ucheniy_talk_start_2111411">
		<text>Hmm. Isso muda tudo.</text>
	</string>
	<string id="yantar_general_ucheniy_talk_start_211142">
		<text>Que se dane, diga tudo que sabe.</text>
	</string>
	<string id="yantar_general_ucheniy_talk_start_211143">
		<text>OK, mas nao diga que nao avisei. Vasiliev trabalhava no problema do laboratorio. Ha uma semana, ele e stalker chamado Ghost tentaram entrar. Horas depois, tremor, emissoes pararam; mais uma hora, sinal de Vasiliev vindo do pantano, depois desapareceu. Vasiliev se foi. Encontre o corpo dele: tinha informacoes precisas sobre o laboratorio, onde esta e como entrar. Pode saber como desativar emissoes. Entrada do laboratorio escondida no porao de um dos predios na area da usina.</text>
	</string>
	<string id="yantar_general_ucheniy_talk_start_211144">
		<text>Isso mesmo, otimo.</text>
	</string>
	<string id="yantar_general_ucheniy_talk_start_21115">
		<text>Nao, agora nao quero me envolver com isso.</text>
	</string>
	<string id="yantar_general_ucheniy_talk_start_211151">
		<text>Que pena, grande pena... Nao sei como ou quando realizar expedicao de medicoes sozinhos.</text>
	</string>
	<string id="yantar_general_ucheniy_talk_start_221">
		<text>Obrigado... Marcado, certo? Ajudou a salvar Kruglov, para mostrar gratidao, presenteio com um dos nossos trajes de trabalho. Muito util, voce deveria saber disso...</text>
	</string>
	<string id="yantar_general_ucheniy_talk_start_231">
		<text>Excelente trabalho, Marcado! Emissoes desligadas, ordenaremos novas expedicoes, exploraremos territorios antes inacessiveis. De agora em diante, politica de precos mais favoravel para voce.</text>
	</string>
	<string id="yantar_general_ucheniy_talk_start_2311">
		<text>Obrigado.</text>
	</string>
	<string id="yantar_general_ucheniy_talk_start_241">
		<text>Sim, Marcado? O que procura?</text>
	</string>
	<string id="yantar_general_ucheniy_talk_start_31">
		<text>Excelente trabalho. Medicoes corretas, prototipo fornece maxima protecao contra emissoes.</text>
	</string>
	<string id="yantar_general_ucheniy_talk_start_311">
		<text>Fico feliz em ouvir isso.</text>
	</string>
	<string id="yantar_general_ucheniy_talk_start_3111">
		<text>Caminho ate o laboratorio livre... exceto que, se fonte da emissoes nao for destruida e perder poder, talvez nao tenha tempo de voltar. Acordo. Calculos produziram localizacao estimada da fonte, subterranea. Com sua permissao, marquei local no seu mapa.</text>
	</string>
	<string id="yantar_general_ucheniy_talk_start_31111">
		<text>Como entra no Lab X-16? Onde fica a entrada?</text>
	</string>
	<string id="yantar_general_ucheniy_talk_start_311111">
		<text>Vasiliev trabalhava na questao do laboratorio. Ha uma semana, ele e stalker chamado Ghost tentaram entrar. Horas depois, um tremor forte, mais uma hora, sinal de Vasiliev vindo do pantano, mas desapareceu. Vasiliev sumiu. Encontre o corpo dele. Ele tinha informacoes detalhadas sobre o laboratorio e como entrar. Talvez tenha dados sobre como desativar a fonte da emissao. Carreguei tudo que temos para voce.</text>
	</string>
	<string id="yantar_general_ucheniy_talk_start_311112">
		<text>Ahem... Seria bom conferir esses documentos. Acha que Vasiliev os tinha?</text>
	</string>
	<string id="yantar_general_ucheniy_talk_start_311113">
		<text>Talvez. De qualquer forma, comeca encontrando o corpo de Vasiliev, unica chance de obter informacoes precisas sobre a localizacao do laboratorio. O corpo do colega, Ghost, tambem deve estar por ali. Ele parecia saber muito mais sobre o X-16 do que nos contou. Se ele sobreviveu de alguma forma... Bem, nao vale a pena esperar por isso, claro.</text>
	</string>
	<string id="yantar_general_ucheniy_talk_start_311114">
		<text>OK, vou tentar.</text>
	</string>
	<string id="yantar_general_ucheniy_talk_start_41">
		<text>Por que ele morreu? Era para voce protege-lo!</text>
	</string>
	<string id="yantar_general_ucheniy_talk_start_411">
		<text>Kruglov morreu pelos zumbis... Nao pude fazer nada, eram muitos.</text>
	</string>
	<string id="yantar_general_ucheniy_talk_start_4111">
		<text>Ah, cara... como aconteceu? Droga, tudo dando errado de novo. Vamos chamar mais gente... Ja temos problemas demais... Droga...</text>
	</string>
	<string id="yantar_general_ucheniy_talk_start_41111">
		<text>Escute... Kruglov se foi, mas estou vivo. Me de o prototipo. Vou lutar para entrar no X-16.</text>
	</string>
	<string id="yantar_general_ucheniy_talk_start_411111">
		<text>Aqui esta o prototipo, cuidado com ele. Nao esta calibrado corretamente, culpa sua, nao salvou nosso colega. O dispositivo nao oferece protecao maxima, mas reduz a intensidade da emissao. Mova-se rapido ate a fonte.</text>
	</string>
	<string id="yantar_general_ucheniy_talk_start_4111111">
		<text>Como entra no Lab X-16? Onde fica a entrada?</text>
	</string>
	<string id="yantar_general_ucheniy_talk_start_41111111">
		<text>Vasiliev trabalhava na questao do laboratorio. Ha uma semana, ele e stalker chamado Ghost tentaram entrar. Horas depois, um tremor forte, mais uma hora, sinal de Vasiliev vindo do pantano, mas desapareceu. Vasiliev sumiu. Encontre o corpo dele. Ele tinha informacoes detalhadas sobre o laboratorio e como entrar. Talvez tenha dados sobre como desativar a fonte da emissao. Carreguei tudo que temos para voce.</text>
	</string>
	<string id="yantar_general_ucheniy_talk_start_41112">
		<text>Algo mais?</text>
	</string>
	<string id="yantar_general_ucheniy_talk_start_41113">
		<text>Comece encontrando o corpo de Vasiliev, unica chance de obter informacoes precisas sobre a localizacao do laboratorio. O corpo do colega, Ghost, deve estar por la tambem. Ele parecia saber muito mais sobre o X-16 do que nos contou. Se sobreviveu... Bem, claro, nao vale a pena se apegar a essa esperanca.</text>
	</string>
	<string id="yantar_general_ucheniy_talk_start_41114">
		<text>OK, vou tentar.</text>
	</string>
	<string id="yantar_general_ucheniy_talk_start_51">
		<text>Por que ele morreu? Nao era para voce protege-lo?!</text>
	</string>
	<string id="yantar_general_ucheniy_talk_start_511">
		<text>Semenov morreu pelos zumbis... Nao pude fazer nada, eram muitos.</text>
	</string>
	<string id="yantar_general_ucheniy_talk_start_5111">
		<text>Ah, cara... como aconteceu? Droga, tudo dando errado de novo. Vamos chamar mais gente... Ja temos problemas demais... Droga...</text>
	</string>
	<string id="yantar_general_ucheniy_talk_start_51111">
		<text>Escute... Semenov se foi, mas estou vivo. Me da o prototipo. Vou lutar para entrar no X-16.</text>
	</string>
	<string id="yantar_general_ucheniy_talk_start_511111">
		<text>Aqui esta o prototipo, cuidado com ele. Nao esta calibrado corretamente, culpa sua, nao salvou nosso colega. O dispositivo nao oferece protecao maxima, mas reduz a intensidade da emissao. Mova-se rapido ate a fonte.</text>
	</string>
	<string id="yantar_general_ucheniy_talk_start_5111111">
		<text>Como entra no Lab X-16? Onde fica a entrada?</text>
	</string>
	<string id="yantar_general_ucheniy_talk_start_511111111">
		<text>Vasiliev trabalhava na questao do laboratorio. Ha uma semana, ele e stalker chamado Ghost tentaram entrar. Horas depois, um tremor forte, mais uma hora, sinal de Vasiliev vindo do pantano, mas desapareceu. Vasiliev sumiu. Encontre o corpo dele. Ele tinha informacoes detalhadas sobre o laboratorio e como entrar. Talvez tenha dados sobre como desativar a fonte da emissao. Carreguei tudo que temos para voce.</text>
	</string>
	<string id="yantar_general_ucheniy_talk_start_51112">
		<text>Ahem... Seria bom conferir esses documentos. Acha que Vasiliev os tinha?</text>
	</string>
	<string id="yantar_general_ucheniy_talk_start_51113">
		<text>Talvez. De qualquer forma, comeca encontrando o corpo de Vasiliev, unica chance de obter informacoes precisas sobre a localizacao do laboratorio. O corpo do colega, Ghost, deve estar por la tambem. Ele parecia saber muito mais sobre o X-16 do que nos contou. Se sobreviveu... Bem, claro, nao vale a pena se apegar a essa esperanca.</text>
	</string>
	<string id="yantar_general_ucheniy_talk_start_51114">
		<text>Ok, tentarei.</text>
	</string>
	<string id="yantar_general_ucheniy_talk_start_61">
		<text>Sim, Marcado?</text>
	</string>
	<string id="yantar_general_ucheniy_talk_start_71">
		<text>Sim, Marcado?</text>
	</string>
	<string id="yantar_general_ucheniy_talk_start_81">
		<text>Pena que Kruglov morreu... Infelizmente, nada o traz de volta. O importante agora e que nos traga os dados da medicao. Conseguiu?</text>
	</string>
	<string id="yantar_general_ucheniy_talk_start_811">
		<text>Sim. Aqui.</text>
	</string>
	<string id="yantar_general_ucheniy_talk_start_8111">
		<text>Ok, ajusto o prototipo. Aguarde aqui.</text>
	</string>
	<string id="yantar_general_ucheniy_talk_start_81111">
		<text>Entendido.</text>
	</string>
	<string id="yantar_general_ucheniy_talk_start_812">
		<text>Nao.</text>
	</string>
	<string id="yantar_general_ucheniy_talk_start_8121">
		<text>Entao pegue-os, rapido! Nao posso calibrar o prototipo corretamente sem eles.</text>
	</string>
	<string id="yantar_general_ucheniy_talk_start_91">
		<text>Excelente trabalho. Medicoes corretas, prototipo proporciona maxima protecao contra emissao.</text>
	</string>
	<string id="yantar_general_ucheniy_talk_start_911">
		<text>Pode ser mais claro?</text>
	</string>
	<string id="yantar_general_ucheniy_talk_start_9111">
		<text>Stalker, agora entra no laboratorio, mas a menos que desative o emissor, nao dura muito tempo, mesmo com protecao psi. Estimamos localizacao aproximada do emissor, instalacao subterranea. Marquei local no seu mapa.</text>
	</string>
	<string id="yantar_general_ucheniy_talk_start_9112">
		<text>Como entro no X-16? Onde fica a entrada?</text>
	</string>
	<string id="yantar_general_ucheniy_talk_start_9113">
		<text>Vasiliev trabalhava na questao do laboratorio. Ha uma semana, ele e stalker chamado Ghost tentaram entrar. Horas depois, tremor forte, mais uma hora, sinal de Vasiliev vindo do pantano, mas desapareceu. Vasiliev desapareceu junto. Encontre o corpo dele. Tinha informacoes exatas sobre o laboratorio e como entrar. Pode ter informacoes sobre como desativar fonte de emissao. Te enviei todos os dados que temos.</text>
	</string>
	<string id="yantar_general_ucheniy_talk_start_9114">
		<text>Ahem... Seria interessante olhar esses documentos. Acha que Vasiliev os tem?</text>
	</string>
	<string id="yantar_general_ucheniy_talk_start_9115">
		<text>Talvez. De qualquer forma, comece encontrando o corpo de Vasiliev, unica chance de obter informacoes precisas sobre a localizacao do laboratorio. Corpo do colega, Ghost, deve estar por la tambem. Parecia que ele sabia muito mais sobre o X-16 do que nos disse. Se sobrevivesse... Bem, claro, nao vale a pena se apegar a essa esperanca.</text>
	</string>
	<string id="yantar_general_ucheniy_talk_start_9116">
		<text>Ok, tentarei.</text>
	</string>
	<string id="yantar_help_scientist_101">
		<text>Nao ha tempo...</text>
	</string>
	<string id="yantar_help_scientist_11">
		<text>Sim, Marcado?</text>
	</string>
	<string id="yantar_help_scientist_111">
		<text>Professor me pediu para ir ao local da medicao.</text>
	</string>
	<string id="yantar_help_scientist_1111">
		<text>Agora sim! Vamos sair imediatamente. Sozinho nao adiantava, com voce e diferente... Acho que vamos conseguir rapido, so nao deixe esses cadaveres chegarem perto. Pronto?</text>
	</string>
	<string id="yantar_help_scientist_11111">
		<text>Sim.</text>
	</string>
	<string id="yantar_help_scientist_111111">
		<text>Sabe de uma coisa... Porque nao vai primeiro? Tem mais experiencia que eu. E esses cadaveres ja estao comecando a se mover...</text>
	</string>
	<string id="yantar_help_scientist_1111111">
		<text>Ok.</text>
	</string>
	<string id="yantar_help_scientist_21">
		<text>Uau! Marcado numa visita pessoal! Finalmente chegou na nossa area. Fale com o Professor, ele quer te agradecer por me resgatar.</text>
	</string>
	<string id="yantar_help_scientist_31">
		<text>Mais tarde, mais tarde!</text>
	</string>
	<string id="yantar_help_scientist_41">
		<text>Ei, Marcado! Como estao as coisas?</text>
	</string>
	<string id="yantar_help_scientist_51">
		<text>Sim, Marcado?</text>
	</string>
	<string id="yantar_help_scientist_511">
		<text>Professor me pediu para ir ao local da medicao.</text>
	</string>
	<string id="yantar_help_scientist_512">
		<text>Agora sim! Vamos sair imediatamente. Sozinho nao adiantava, com voce e diferente... Acho que vamos conseguir rapido, so nao deixe esses cadaveres chegarem perto de voce. Pronto?</text>
	</string>
	<string id="yantar_help_scientist_513">
		<text>Sim.</text>
	</string>
	<string id="yantar_help_scientist_514">
		<text>Sabe o que... Por que nao vai primeiro? Voce tem muita experiencia, ao contrario de mim. E aqueles cadaveres estao comecando a se mover de novo...</text>
	</string>
	<string id="yantar_help_scientist_515">
		<text>OK.</text>
	</string>
	<string id="yantar_help_scientist_61">
		<text>Desculpe, nao tenho tempo para isso agora.</text>
	</string>
	<string id="yantar_help_scientist_71">
		<text>Ei, Marcado! Como vai a vida?</text>
	</string>
	<string id="yantar_help_scientist_81">
		<text>Espere um pouco... Precisamos terminar de conversar.</text>
	</string>
	<string id="yantar_help_scientist_91">
		<text>Espere! Nao terminei de tirar as medidas!</text>
	</string>
	<string id="yantar_wounded_scientist_11">
		<text>Ai! Ai... argh..</text>
	</string>
	<string id="yantar_wounded_scientist_111">
		<text>Voce esta vivo? Vamos, levante... Levante-se devagar. Ja acabou. Isso ja ficou para tras.</text>
	</string>
	<string id="yantar_wounded_scientist_21">
		<text>Ei, Marcado. Como voce esta?</text>
	</string>
	<string id="yantar_wounded_scientist_211">
		<text>Acabou! Guarde a camera, hora de ir embora!</text>
	</string>
	<string id="yantar_wounded_scientist_31">
		<text>Ei, Marcado! Como vai a vida?</text>
	</string>
</string_table>