<?xml version="1.0" encoding="windows-1251" ?>
<string_table>
	<string id="bar_arena_man_job_0">
		<text>Vai la...</text>
	</string>
	<string id="bar_arena_man_job_11">
		<text>Primeira luta, ne? Seu adversario e so mais um pedaco de carne. Esta aqui por dividas, so tem duas opcoes: lutar ou virar comida de anomalia. Vai lutar como um bicho encurralado. Equipamento de hoje... hum... que tal PMms para os dois? Dois pentes devem bastar. Ou voce detona ele ou te entregamos aos cachorros. Sem escolha. Vai la.</text>
	</string>
	<string id="bar_arena_man_job_111">
		<text>Estou pronto.</text>
	</string>
	<string id="bar_arena_man_job_112">
		<text>Nao estou pronto.</text>
	</string>
	<string id="bar_arena_man_job_12">
		<text>Sua ultima luta foi fraca. Ninguem aposta em voce. Quer ganhar dinheiro de verdade? Lute mais na arena. Seu novo adversario tambem venceu a primeira rodada, e a luta dele foi mais dificil que a sua. Nao gosto dele, mata rapido demais, o publico nao gosta. Mostre o que sabe! As apostas vao subir depois dessa luta, so precisa sobreviver. Anda logo!</text>
	</string>
	<string id="bar_arena_man_job_121">
		<text>Estou pronto.</text>
	</string>
	<string id="bar_arena_man_job_122">
		<text>Nao estou pronto.</text>
	</string>
	<string id="bar_arena_man_job_13">
		<text>Voce nao e tao fraco quanto parecia. Agora vai ter uma luta de verdade. Vai enfrentar dois caras, Swede e outro que nao lembro o nome. Coloquei eles juntos de proposito, se odeiam, nao vao trabalhar em equipe, vao atirar um no outro. Hoje e dia de rifle, nao deixe eles chegarem perto, ou vai sobrar pedacos seus. As chances sao 10 pra 1, se vencer, ganha uma grana boa. Vai la!</text>
	</string>
	<string id="bar_arena_man_job_131">
		<text>Estou pronto.</text>
	</string>
	<string id="bar_arena_man_job_132">
		<text>Nao estou pronto.</text>
	</string>
	<string id="bar_arena_man_job_14">
		<text>Agora sei que voce e um lutador de verdade. Hora da luta em equipe. Vai lutar com dois novatos, dois irmaos. Nao esperaria muita ajuda deles. Vai enfrentar um time experiente, candidatos a final. Time perigoso. Usam armas variadas, um deles tem escopeta automatica. Boa sorte, amigo... vai precisar.</text>
	</string>
	<string id="bar_arena_man_job_141">
		<text>Estou pronto.</text>
	</string>
	<string id="bar_arena_man_job_142">
		<text>Nao estou pronto.</text>
	</string>
	<string id="bar_arena_man_job_15">
		<text>Luta especial hoje. Ate o exercito ouviu falar de voce! Nao se assuste, eles lutam aqui tambem, tem ate um general na plateia. Esses caras sao das Forcas Especiais ou OMON. Bem armados e com armadura boa. Nao se preocupe, te ajudo. Vai usar um colete da Freedom, leve, nao te atrapalha. Mostre que stalkers nao sao saco de pancada. Boa sorte!</text>
	</string>
	<string id="bar_arena_man_job_151">
		<text>Estou pronto.</text>
	</string>
	<string id="bar_arena_man_job_152">
		<text>Nao estou pronto.</text>
	</string>
	<string id="bar_arena_man_job_16">
		<text>Hora de mostrar o que sabe. A Duty capturou bandidos que estavam causando problemas perto de Rostok. Pegaram a maioria viva. Iam ser executados, mas convenci a Duty a dar uma chance. Se sobreviverem, vao para a cadeia fora da Zona, melhor que morrer aqui. Nao estao bem armados, so pistolas e espingardas serradas, mas sao seis. Cuidado. Vai la!</text>
	</string>
	<string id="bar_arena_man_job_161">
		<text>Estou pronto.</text>
	</string>
	<string id="bar_arena_man_job_162">
		<text>Nao estou pronto.</text>
	</string>
	<string id="bar_arena_man_job_17">
		<text>Quase na final. Vai lutar contra um stalker de verdade. Esta sozinho, mas tem um FT 200M e exoesqueleto. Se levar um tiro, ja era. Vai ter uma surpresa tambem... Se prepare, vai ser dificil. O vencedor vai para a final. Luta ate a morte, vai!</text>
	</string>
	<string id="bar_arena_man_job_171">
		<text>Estou pronto.</text>
	</string>
	<string id="bar_arena_man_job_172">
		<text>Nao estou pronto.</text>
	</string>
	<string id="bar_arena_man_job_18">
		<text>Parabens, esta na final! Mais uma, ate a morte, cada um por si. Quatro stalkers na arena, profissionais em exoesqueletos com GP-37s. Mas dessa vez e justo, voce tera o mesmo equipamento. Luta ate a morte, sem kit de primeiros socorros ou bandagens. Pronto? Prove que e o melhor, VAI!</text>
	</string>
	<string id="bar_arena_man_job_181">
		<text>Estou pronto.</text>
	</string>
	<string id="bar_arena_man_job_182">
		<text>Nao estou pronto.</text>
	</string>
	<string id="bar_arena_man_start_11">
		<text>E ai! Nova luta para voce.</text>
	</string>
	<string id="bar_arena_man_start_21">
		<text>Tome um drink. A arena nao esta pronta.</text>
	</string>
	<string id="bar_arena_man_start_31">
		<text>Voce virou um profissional!</text>
	</string>
	<string id="bar_arena_man_start_41">
		<text>Voce venceu! Aqui esta sua recompensa.</text>
	</string>
	<string id="bar_arena_man_start_51">
		<text>Nao tem experiencia suficiente para essa luta.</text>
	</string>
	<string id="bar_bar_barman_ecolog_flash_done_0">
		<text>Aqui esta o pendrive do professor Kruglov.</text>
	</string>
	<string id="bar_bar_barman_ecolog_flash_done_21">
		<text>Bom trabalho. A Duty vai agradecer pela informacao. Aqui esta sua recompensa.</text>
	</string>
	<string id="bar_bar_barman_ecolog_flash_done_31">
		<text>Informacao? Do professor Kruglov? Serio? "Sou o professor Kruglov e apago relatorios pela ciencia e humanidade..." Essa e a informacao? Merda... A Duty vai adorar.</text>
	</string>
	<string id="bar_bar_barman_killer_ambush_0">
		<text>Missao cumprida. Aqui esta o PDA do Tyran.</text>
	</string>
	<string id="bar_bar_barman_killer_ambush_1">
		<text>Incrivel, Marcado! Otimo trabalho! Fico feliz, cara. Nao tinha certeza se voce ia conseguir... mas voce sobreviveu e eles nao!</text>
	</string>
	<string id="bar_bar_barman_killer_ambush_2">
		<text>E a minha recompensa?</text>
	</string>
	<string id="bar_bar_barman_killer_ambush_3">
		<text>Aqui esta. Sua recompensa, como prometido.</text>
	</string>
	<string id="bar_bar_barman_veterans_finish_0">
		<text>Aqui esta o PDA do Lucky. Fiz o que pediu.</text>
	</string>
	<string id="bar_bar_barman_veterans_finish_1">
		<text>Legal, Marcado! Otimo trabalho! Fico feliz, cara. Nao tinha certeza se voce ia conseguir... mas voce sobreviveu e eles nao!</text>
	</string>
	<string id="bar_bar_barman_veterans_finish_11">
		<text>E a recompensa?</text>
	</string>
	<string id="bar_bar_barman_veterans_finish_111">
		<text>Voce e um heroi, cara, um heroi de verdade. Toma, isso te fara feliz.</text>
	</string>
	<string id="bar_bar_barmen_jobs_0">
		<text>Tem algum trabalho especial?</text>
	</string>
	<string id="bar_bar_barmen_jobs_111">
		<text>Nao, sem trabalho hoje.</text>
	</string>
	<string id="bar_bar_barmen_jobs_21">
		<text>Vou direto ao ponto. O que preciso fazer?</text>
	</string>
	<string id="bar_bar_barmen_jobs_221">
		<text>Nao, sem trabalho hoje.</text>
	</string>
	<string id="bar_bar_barmen_jobs_2311">
		<text>Tenho uma missao seria. Um grupo de veteranos assassinos apareceu no Territorio Selvagem. A Duty pediu para lidar com eles. A Duty tem provas de que eles matam stalkers solitarios. O problema e que a Duty tem um acordo antigo com eles, mas eles estao passando dos limites. A Duty quer que eles sejam eliminados, sem alarde. Sera dificil, mas a recompensa e alta.</text>
	</string>
	<string id="bar_bar_barmen_jobs_23111">
		<text>Algo mais? E estranho a Duty deixar eles impunes.</text>
	</string>
	<string id="bar_bar_barmen_jobs_231111">
		<text>A Duty preza pela reputacao, por isso precisa de silencio. Mate o lider deles, Lucky, e traga o PDA dele como prova.</text>
	</string>
	<string id="bar_bar_barmen_jobs_2311111">
		<text>Farei isso. Espero nao me arrepender.</text>
	</string>
	<string id="bar_bar_barmen_jobs_23111111">
		<text>Boa decisao, cara. Nao tem do que se arrepender.</text>
	</string>
	<string id="bar_bar_barmen_jobs_2311112">
		<text>Nao, nao quero.</text>
	</string>
	<string id="bar_bar_barmen_jobs_23111121">
		<text>Voce decide, mas lembre-se que e uma chance de ganhar a gratidao da Duty.</text>
	</string>
	<string id="bar_bar_barmen_jobs_24">
		<text>Vou direto ao ponto. O que preciso fazer?</text>
	</string>
	<string id="bar_bar_barmen_jobs_241">
		<text>Mate Tyran, o lider dos Mercs. O grupo dele entrou no Territorio Selvagem e fez base no canteiro de obras. Cuidado, alguns deles armaram emboscadas no caminho. Traga o PDA do Tyran e a recompensa e sua.</text>
	</string>
	<string id="bar_bar_barmen_jobs_2411">
		<text>Farei isso. Espero nao me arrepender.</text>
	</string>
	<string id="bar_bar_barmen_jobs_24111">
		<text>Boa decisao, cara. Nao tem do que se arrepender.</text>
	</string>
	<string id="bar_bar_barmen_jobs_2412">
		<text>Nao, nao quero.</text>
	</string>
	<string id="bar_bar_barmen_jobs_24121">
		<text>Como quiser.</text>
	</string>
	<string id="bar_bar_barmen_jobs_251">
		<text>Nao, sem trabalho hoje.</text>
	</string>
	<string id="bar_bar_barmen_jobs_261">
		<text>Mate Tyran, o lider dos Mercs. O grupo dele entrou no Territorio Selvagem e fez base no canteiro de obras. Cuidado, alguns deles armaram emboscadas no caminho. Traga o PDA do Tyran e a recompensa e sua.</text>
	</string>
	<string id="bar_bar_barmen_jobs_2611">
		<text>Farei isso. Espero nao me arrepender.</text>
	</string>
	<string id="bar_bar_barmen_jobs_26111">
		<text>Boa decisao, cara. Nao tem do que se arrepender.</text>
	</string>
	<string id="bar_bar_barmen_jobs_2612">
		<text>Nao, nao quero.</text>
	</string>
	<string id="bar_bar_barmen_jobs_26121">
		<text>Como quiser.</text>
	</string>
	<string id="bar_bar_barmen_jobs_266">
		<text>Nao, sem trabalho hoje.</text>
	</string>
	<string id="bar_bar_barmen_jobs_271">
		<text>Calma, Marcado. Voce quer mais trabalho, mas nem terminou com os veteranos ainda...</text>
	</string>
	<string id="bar_bar_barmen_jobs_311">
		<text>Nao, nada hoje.</text>
	</string>
	<string id="bar_bar_barmen_jobs_321">
		<text>Tenho uma missao seria. Um grupo de veteranos assassinos apareceu no Territorio Selvagem. A Duty pediu para lidar com eles. A Duty tem provas de que eles matam stalkers solitarios. O problema e que a Duty tem um acordo antigo com eles, mas eles estao passando dos limites. A Duty quer que eles sejam eliminados, sem alarde. Sera dificil, mas a recompensa e alta.</text>
	</string>
	<string id="bar_bar_barmen_jobs_3211">
		<text>Algo mais?</text>
	</string>
	<string id="bar_bar_barmen_jobs_32111">
		<text>A Duty preza pela reputacao, por isso precisa de silencio. Mate o lider deles, Lucky, e traga o PDA dele como prova.</text>
	</string>
	<string id="bar_bar_barmen_jobs_32112">
		<text>Vou fazer.</text>
	</string>
	<string id="bar_bar_barmen_jobs_321121">
		<text>Boa decisao, cara. Nao tem do que se arrepender.</text>
	</string>
	<string id="bar_bar_barmen_jobs_32113">
		<text>Nao, nao quero.</text>
	</string>
	<string id="bar_bar_barmen_jobs_321131">
		<text>Voce decide, mas lembre-se que e uma chance de ganhar a gratidao da Duty.</text>
	</string>
	<string id="bar_bar_barmen_jobs_32121">
		<text>texto padrao</text>
	</string>
	<string id="bar_bar_barmen_jobs_331">
		<text>Mate Tyran, o lider dos Mercs. O grupo dele entrou no Territorio Selvagem e fez base no canteiro de obras. Cuidado, alguns deles armaram emboscadas no caminho. Traga o PDA do Tyran e a recompensa e sua.</text>
	</string>
	<string id="bar_bar_barmen_jobs_3312">
		<text>Vou fazer.</text>
	</string>
	<string id="bar_bar_barmen_jobs_33121">
		<text>Boa decisao, cara. Nao tem do que se arrepender.</text>
	</string>
	<string id="bar_bar_barmen_jobs_3313">
		<text>Nao, nao quero.</text>
	</string>
	<string id="bar_bar_barmen_jobs_33131">
		<text>Como quiser.</text>
	</string>
	<string id="bar_bar_barmen_jobs_341">
		<text>Nao, nada hoje.</text>
	</string>
	<string id="bar_bar_barmen_jobs_351">
		<text>Nao, nada hoje.</text>
	</string>
	<string id="bar_bar_barmen_jobs_361">
		<text>Nao, nada hoje.</text>
	</string>
	<string id="bar_bar_barmen_jobs_371">
		<text>Nao, sem trabalho hoje.</text>
	</string>
	<string id="bar_bar_barmen_jobs_41">
		<text>Ainda nao, quem sabe da proxima vez.</text>
	</string>
	<string id="bar_bar_barmen_jobs_441">
		<text>Tenho um trabalho para um profissional.</text>
	</string>
	<string id="bar_bar_barmen_jobs_442">
		<text>Vou direto ao ponto. O que preciso fazer?</text>
	</string>
	<string id="bar_bar_barmen_jobs_443">
		<text>Mate Tyran, o lider dos Mercs. O grupo dele entrou no Territorio Selvagem e fez base no canteiro de obras. Cuidado, alguns deles armaram emboscadas no caminho. Traga o PDA do Tyran e a recompensa e sua.</text>
	</string>
	<string id="bar_bar_barmen_jobs_4431">
		<text>Farei isso. Espero nao me arrepender.</text>
	</string>
	<string id="bar_bar_barmen_jobs_44311">
		<text>Boa decisao, cara. Nao tem do que se arrepender.</text>
	</string>
	<string id="bar_bar_barmen_jobs_4432">
		<text>Nao, nao quero.</text>
	</string>
	<string id="bar_bar_barmen_jobs_44321">
		<text>Como quiser.</text>
	</string>
	<string id="bar_bar_barmen_jobs_444">
		<text>Nao, nao estou interessado agora.</text>
	</string>
	<string id="bar_bar_barmen_jobs_52">
		<text>Nao, sem trabalho hoje.</text>
	</string>
	<string id="bar_bar_barmen_jobs_531">
		<text>Nao, sem trabalho hoje.</text>
	</string>
	<string id="bar_bar_barmen_jobs_541">
		<text>Nao, sem trabalho hoje.</text>
	</string>
	<string id="bar_bar_barmen_jobs_62">
		<text>Nao, sem trabalho hoje.</text>
	</string>
	<string id="bar_bar_barmen_jobs_72">
		<text>Nao, sem trabalho hoje.</text>
	</string>
	<string id="bar_bar_barmen_start_1111">
		<text>Vamos comecar. Esta pronto?</text>
	</string>
	<string id="bar_bar_barmen_start_1131">
		<text>Hum... De onde voce veio?</text>
	</string>
	<string id="bar_bar_barmen_start_121">
		<text>E ai, Marcado, pegou os documentos do Lab X-16?</text>
	</string>
	<string id="bar_bar_barmen_start_1211">
		<text>Sim. Aqui estao.</text>
	</string>
	<string id="bar_bar_barmen_start_1212">
		<text>Nao.</text>
	</string>
	<string id="bar_bar_barmen_start_12121">
		<text>Droga! Estou me matando aqui, enquanto voce passeia! Pegue esses documentos ou nao chegaremos a lugar nenhum!</text>
	</string>
	<string id="bar_bar_barmen_start_121211">
		<text>OK.</text>
	</string>
	<string id="bar_bar_barmen_start_131">
		<text>Bom, Marcado, so falta lidar com o Desintegrador Psiquico e abrir caminho para o Norte! Pronto para ir agora?</text>
	</string>
	<string id="bar_bar_barmen_start_1312">
		<text>Sim.</text>
	</string>
	<string id="bar_bar_barmen_start_13121">
		<text>OK, Marcado, voce tem o prototipo de protecao, estara seguro das emissoes. Tenho as coordenadas do bunker. Lembre-se, o prototipo nao protege para sempre, chegue ao bunker rapido e desligue o Desintegrador Psiquico. Nao sei o que acontecera depois, mas valera a pena. A estrada para o centro da Zona sera aberta.</text>
	</string>
	<string id="bar_bar_barmen_start_1313">
		<text>Pode ir.</text>
	</string>
	<string id="bar_bar_barmen_start_1314">
		<text>So precisamos chegar nas antenas e desativa-las. Entendeu?</text>
	</string>
	<string id="bar_bar_barmen_start_1315">
		<text>Entendi.</text>
	</string>
	<string id="bar_bar_barmen_start_1316">
		<text>Ah, mais uma coisa! O lider da Duty, marquei ele no mapa, precisa de um voluntario para uma missao nos Armazens Militares. Se tiver interesse, va la. Falarei com os guardas, eles deixarao voce entrar.</text>
	</string>
	<string id="bar_bar_barmen_start_132">
		<text>Nao, nao estou pronto.</text>
	</string>
	<string id="bar_bar_barmen_start_1321">
		<text>Prepare-se, Marcado! A missao nao pode esperar!</text>
	</string>
	<string id="bar_bar_barmen_start_151">
		<text>OK, os documentos do Instituto de Pesquisa Agroprom esclarecem algumas coisas, mas falta informacao para o quadro completo. Um laboratorio chamado Lab X-18 e mencionado, e a descricao bate com as vaults subterraneas no Vale Sombrio. Va la e pegue a informacao. O laboratorio esta fechado, precisa de duas chaves eletronicas para entrar. Darei uma, a outra pegue com Boar no Vale Sombrio.</text>
	</string>
	<string id="bar_bar_barmen_start_1511">
		<text>Pode ir.</text>
	</string>
	<string id="bar_bar_barmen_start_15111">
		<text>Pegue a segunda chave do Lab X-18, entre e recupere os documentos. Use traje de protecao, ou nao chegara ao laboratorio. Vai fazer isso?</text>
	</string>
	<string id="bar_bar_barmen_start_15112">
		<text>Vou tentar.</text>
	</string>
	<string id="bar_bar_barmen_start_15113">
		<text>Otimo! Estarei esperando.</text>
	</string>
	<string id="bar_bar_barmen_start_15114">
		<text>Nao, nao quero fazer agora.</text>
	</string>
	<string id="bar_bar_barmen_start_15115">
		<text>Voce decide, mas lembre-se, e o unico jeito de abrir a estrada para o Norte.</text>
	</string>
	<string id="bar_bar_barmen_start_161">
		<text>O que quer, Marcado?</text>
	</string>
	<string id="bar_bar_barmen_start_162">
		<text>E ai, Marcado! Os tempos mudam, voce nao, ainda carrancudo e distante. Sente-se, tome um drink, quem sabe fica mais simpatico...</text>
	</string>
	<string id="bar_bar_barmen_start_171">
		<text>E ai, Marcado, trouxe os documentos do Lab X-18?</text>
	</string>
	<string id="bar_bar_barmen_start_172">
		<text>Sim. Aqui estao.</text>
	</string>
	<string id="bar_bar_barmen_start_1721">
		<text>A situacao esta mais clara. Como esperado, o Desintegrador Psiquico e obra humana. E um emissor experimental Kaymanov, feito no Lab X-18. Os documentos falam do Lab X-16, onde mandaram componentes. O Lab X-16 fica perto do lago Yantar. Cientistas montaram um laboratorio movel la, talvez ajudem.</text>
	</string>
	<string id="bar_bar_barmen_start_17211">
		<text>Pode ir.</text>
	</string>
	<string id="bar_bar_barmen_start_17212">
		<text>Nao e simples. Chegue aos cientistas, descubra onde fica o Lab X-16 e pegue os documentos que faltam. Topa?</text>
	</string>
	<string id="bar_bar_barmen_start_17213">
		<text>Sim.</text>
	</string>
	<string id="bar_bar_barmen_start_172131">
		<text>Otimo! Estarei esperando.</text>
	</string>
	<string id="bar_bar_barmen_start_17214">
		<text>Nao, nao estou pronto.</text>
	</string>
	<string id="bar_bar_barmen_start_172141">
		<text>Prepare-se logo, Marcado! Isso nao pode esperar.</text>
	</string>
	<string id="bar_bar_barmen_start_173">
		<text>Nao.</text>
	</string>
	<string id="bar_bar_barmen_start_1731">
		<text>Por que esta perdendo tempo? Pegue os documentos ou nao chegaremos a lugar nenhum!</text>
	</string>
	<string id="bar_bar_barmen_start_181">
		<text>O que quer, Marcado?</text>
	</string>
	<string id="bar_bar_barmen_start_182">
		<text>E ai, Marcado! Os tempos mudam, voce nao, ainda carrancudo e distante. Sente-se, tome um drink, quem sabe fica mais simpatico...</text>
	</string>
	<string id="bar_bar_barmen_start_2">
		<text>E ai, Marcado! Trouxe os documentos do Instituto de Pesquisa Agroprom?</text>
	</string>
	<string id="bar_bar_barmen_start_21">
		<text>Nao, ainda nao peguei os documentos do Instituto de Pesquisa Agroprom.</text>
	</string>
	<string id="bar_bar_barmen_start_211">
		<text>Isso nao e bom, Marcado. Voce sabe o quanto precisamos deles, nao sabe? Precisamos muito, acredite. O Desintegrador Psiquico esta bem debaixo do nosso nariz, mas nao sabemos o que e! Pegue os documentos agora, conversamos depois.</text>
	</string>
	<string id="bar_bar_barmen_start_2111">
		<text>Acho que entendo.</text>
	</string>
	<string id="bar_bar_barmen_start_22">
		<text>Aqui estao os documentos do Instituto de Pesquisa Agroprom.</text>
	</string>
	<string id="bar_bar_barmen_start_221">
		<text>Otimo trabalho, Marcado! Finalmente os documentos. Vou analisa-los para ver como chegar ao Norte. Se precisar de dinheiro, lute na Arena. O dono e Arni, marquei as coordenadas dele.</text>
	</string>
	<string id="bar_bar_barmen_start_2211">
		<text>OK.</text>
	</string>
	<string id="bar_bar_barmen_start_22111">
		<text>Escute!</text>
	</string>
	<string id="bar_bar_barmen_start_3">
		<text>O que quer, Marcado?</text>
	</string>
	<string id="bar_bar_barmen_start_4">
		<text>E ai, Marcado! Os tempos mudam, voce nao, ainda carrancudo e distante. Sente-se, tome um drink, quem sabe fica mais simpatico...</text>
	</string>
	<string id="bar_bar_barmen_talk_info_0">
		<text>Quero saber algo.</text>
	</string>
	<string id="bar_bar_barmen_talk_info_1">
		<text>O que e?</text>
	</string>
	<string id="bar_bar_barmen_talk_info_10">
		<text>Obrigado.</text>
	</string>
	<string id="bar_bar_barmen_talk_info_3">
		<text>O que sabe sobre Strelok?</text>
	</string>
	<string id="bar_bar_barmen_talk_info_31">
		<text>Um stalker experiente. Costumava explorar as areas ao norte da Zona. Raramente passava por aqui, mas dizem que ele e seu grupo chegaram ao centro da Zona.</text>
	</string>
	<string id="bar_bar_barmen_talk_info_4">
		<text>O que sabe sobre um stalker chamado Ghost?</text>
	</string>
	<string id="bar_bar_barmen_talk_info_41">
		<text>Era um dos homens de Strelok. Dizem que conseguia se mover sem ser notado. Ouvi falar que eliminou o lider do grupo 'Final Day', um bando perigoso. Parece que Ghost trabalha com cientistas. Se quiser encontra-lo, tente procurar no laboratorio movel perto do lago Yantar.</text>
	</string>
	<string id="bar_bar_barmen_talk_info_51">
		<text>Um stalker aposentado. Vive nos pantanos. Vou marcar sua localizacao no mapa. Ele fazia parte do grupo de Strelok.</text>
	</string>
	<string id="bar_bar_barmen_talk_info_6">
		<text>O que sabe sobre um stalker chamado Fang?</text>
	</string>
	<string id="bar_bar_barmen_talk_info_61">
		<text>Ja ouvi falar de alguem com esse nome. Tinha um leve ceceio ao falar. Era estranho, conversava sozinho, mas parecia inofensivo. Faz muito tempo que nao o vejo no Bar.</text>
	</string>
	<string id="bar_bar_barmen_talk_info_7">
		<text>Fale sobre os laboratorios cientificos moveis.</text>
	</string>
	<string id="bar_bar_barmen_talk_info_71">
		<text>Os cientistas montam esses laboratorios de tempos em tempos. Sao bunkers de metal equipados com tudo o que precisam para sobreviver. Mantemos contato com um deles em Yantar. Os cientistas costumam compartilhar informacoes interessantes, e ajudamos quando possivel. E uma troca justa.</text>
	</string>
	<string id="bar_bar_barmen_talk_info_8">
		<text>O que e o Concessor de Desejos?</text>
	</string>
	<string id="bar_bar_barmen_talk_info_81">
		<text>Boa pergunta... Eu tambem gostaria de saber a resposta. Posso lhe contar a lenda sobre o Concessor de Desejos, e voce decide se acredita. Quer ouvir?</text>
	</string>
	<string id="bar_bar_barmen_talk_info_811">
		<text>Sim, conte-me essa historia.</text>
	</string>
	<string id="bar_bar_barmen_talk_info_8111">
		<text>Dizem que o Monolito pode estar ligado ao surgimento da Zona. Quando tudo aconteceu em 2006, as pessoas foram evacuadas e o Exercito isolou a area. O caos se espalhou, ninguem sabia ao certo o que estava acontecendo. A Zona crescia, e os cientistas pareciam tao confusos quanto qualquer um. Havia medo de que a radiacao chegasse a Europa. Com o tempo, surgiram os primeiros stalkers, buscando fortuna e descobrindo artefatos estranhos.</text>
	</string>
	<string id="bar_bar_barmen_talk_info_81111">
		<text>Continue...</text>
	</string>
	<string id="bar_bar_barmen_talk_info_811111">
		<text>Com o passar dos anos, comecaram a surgir historias sobre o que havia no coracao da Zona, proximo a Usina. Um veterano falou sobre um Monolito capaz de conceder desejos. Muitos acreditaram e arriscaram a vida para encontra-lo. Mas os relatos sobre o primeiro stalker que chegou la foram... perturbadores.</text>
	</string>
	<string id="bar_bar_barmen_talk_info_8111111">
		<text>O que aconteceu com ele?</text>
	</string>
	<string id="bar_bar_barmen_talk_info_81111111">
		<text>Quando a Zona surgiu, muitos ficaram presos e morreram. Alguns, no entanto, sobreviveram. Um desses stalkers conseguiu chegar proximo ao Sarcofago e viu uma luz estranha emanando de dentro. Sem outra opcao, decidiu investigar. Subiu as ruinas e encontrou uma enorme pedra negra – o Monolito. Ele lutou contra o impulso de se aproximar, mas algo em sua mente o chamava. E entao, ele viu coisas que ninguem jamais poderia explicar...</text>
	</string>
	<string id="bar_bar_barmen_talk_info_811111111">
		<text>Interessante...</text>
	</string>
	<string id="bar_bar_barmen_talk_info_811111112">
		<text>Ninguem sabe a verdade, mas dizem que ele fez um desejo – e esse desejo se realizou. O problema e que, ao mesmo tempo, a Zona expandiu-se por mais cinco quilometros. Parece que, para cada desejo atendido, a Zona cresce. Mas isso nao impede stalkers como voce de tentarem a sorte...</text>
	</string>
	<string id="bar_bar_barmen_talk_info_812">
		<text>Por enquanto, estou interessado em outras coisas.</text>
	</string>
	<string id="bar_bar_barmen_talk_info_8121">
		<text>Como quiser. O que mais deseja saber?</text>
	</string>
	<string id="bar_bar_drunk_dolg_start_11">
		<text>Maldicao... Sim, eu bebi demais! Se eu falhar de novo, eles vao me expulsar da Duty... Mas eu nao... eu nao estou me sentindo muito bem agora...</text>
	</string>
	<string id="bar_bar_drunk_dolg_start_111">
		<text>Sinto muito.</text>
	</string>
	<string id="bar_bar_drunk_dolg_start_21">
		<text>Ei, tem novidades? Pelo seu olhar, acho que voce nao matou aquele desgracado. A vida e uma droga... Que tal um drink?</text>
	</string>
	<string id="bar_bar_drunk_dolg_start_31">
		<text>Voce me ajudou! Vamos brindar a Duty... eu acho! E... Oh!</text>
	</string>
	<string id="bar_bar_hunter_quest_finish_0">
		<text>Aqui esta seu rifle.</text>
	</string>
	<string id="bar_bar_hunter_quest_finish_1">
		<text>Voce encontrou meu rifle?! Sem palavras! Muito obrigado! De verdade! Nao sei como retribuir. Pegue isso, nao e muito, mas e tudo que tenho. Ah, uma dica: perto do lugar onde achou meu rifle, ha uma casa abandonada, fechada com tabuas. Da para ver anomalias pelas janelas. Pode haver artefatos la... Mas nao sei como chegar ate eles.</text>
	</string>
	<string id="bar_bar_hunter_quest_start_0">
		<text>Fale.</text>
	</string>
	<string id="bar_bar_hunter_quest_start_1">
		<text>Faco qualquer coisa! Por favor, recupere meu rifle! Perdi onde vivem os Sanguessugas. Aqui estao as coordenadas. Tenha cuidado, essas criaturas sao extremamente perigosas.</text>
	</string>
	<string id="bar_bar_hunter_quest_start_11">
		<text>Vou tentar pega-lo para voce.</text>
	</string>
	<string id="bar_bar_hunter_quest_start_111">
		<text>Nao vou te enganar.</text>
	</string>
	<string id="bar_bar_hunter_quest_start_1111">
		<text>E do seu interesse.</text>
	</string>
	<string id="bar_bar_hunter_quest_start_12">
		<text>Nao. Tenho outras prioridades.</text>
	</string>
	<string id="bar_bar_hunter_quest_start_121">
		<text>Voce decide... mas mude de ideia.</text>
	</string>
	<string id="bar_bar_hunter_quest_start_1212">
		<text>Veremos.</text>
	</string>
	<string id="bar_bar_hunter_start_11">
		<text>Estou com um grande problema! Perdi meu rifle no Territorio Selvagem! Eu ia cacar Sanguessugas, mas quase nao consegui escapar. Se voce encontra-lo, eu pago. Juntei algum dinheiro, e todo seu, so traga meu rifle de volta. E uma heranca de familia, passado de pai para filho... E eu fui estupido o suficiente para perde-lo!</text>
	</string>
	<string id="bar_bar_hunter_start_21">
		<text>E ai! Alguma novidade? Encontrou?</text>
	</string>
	<string id="bar_bar_hunter_start_31">
		<text>Valeu, cara! Nunca vou esquecer sua ajuda!</text>
	</string>
	<string id="bar_bar_osvedomitel_reward_0">
		<text>Wolfhound disse que tem algo para mim.</text>
	</string>
	<string id="bar_bar_osvedomitel_reward_1">
		<text>Claro. Aqui esta um lancador de granadas por ajudar ele com Kruglov, e 1000 em dinheiro. Tambem te darei uma informacao util de graca.</text>
	</string>
	<string id="bar_bar_osvedomitel_reward_2">
		<text>Obrigado.</text>
	</string>
	<string id="bar_bar_osvedomitel_reward_3">
		<text>Voce ajudou a Freedom e fez a escolha certa. Agora seu destino esta ligado a eles, e a Duty esta de olho em voce. Va ate a base militar abandonada e se una a Freedom, eles precisam de bons lutadores. Havera confronto entre os grupos, e quem escolher o lado certo nao se arrependera.</text>
	</string>
	<string id="bar_bar_osvedomitel_start_11">
		<text>Trabalho vendendo informacao. Vendo dados importantes e compro mapas, documentos e registros de laboratorio. Minhas informacoes sao valiosas!</text>
	</string>
	<string id="bar_bar_osvedomitel_start_21">
		<text>Ola, Marcado. Voce ajudou a Freedom e fez a escolha certa. Agora seu destino esta ligado a eles, e a Duty esta de olho em voce. Sugiro que va ate a base militar abandonada e se junte a Freedom, eles precisam de bons lutadores.</text>
	</string>
	<string id="bar_bar_osvedomitel_start_211">
		<text>Vou pensar.</text>
	</string>
	<string id="bar_bar_osvedomitel_start_2111">
		<text>E ai, Marcado, o que te trouxe aqui? Quer comprar informacao ou vender?</text>
	</string>
	<string id="bar_bar_osvedomitel_talk_0">
		<text>Voce tem alguma ligacao com a Freedom?</text>
	</string>
	<string id="bar_bar_osvedomitel_talk_1">
		<text>Nao posso responder agora. Nao sou membro de nenhum grupo.</text>
	</string>
	<string id="bar_bar_osvedomitel_talk_about_freedom_0">
		<text>Me fale sobre a Freedom.</text>
	</string>
	<string id="bar_bar_osvedomitel_talk_about_freedom_1">
		<text>Claro! A Freedom e um dos grupos mais antigos da Zona e o unico que se opoe as tropas do governo e aos pesquisadores. Seus fundadores morreram em um banho de sangue quando o exercito atacou a Zona, mas a tentativa de controlar o local falhou. Ha indicios de que a primeira Zona era uma base secreta de testes militares. Se for verdade, usaram algo poderoso. A Freedom luta para impedir o governo de recuperar o controle desse lugar. Deus sabe o que pode acontecer se testarem armas la de novo, entao eles resistem a todo custo.</text>
	</string>
	<string id="bar_bar_osvedomitel_talk_about_freedom_2">
		<text>E sobre a Duty?</text>
	</string>
	<string id="bar_bar_osvedomitel_talk_about_freedom_3">
		<text>A Duty e controlada pelo governo. O objetivo deles e limpar a Zona de mutantes e eliminar a Freedom. Quando chegar a hora, eles irao atacar e tomar o controle do local.</text>
	</string>
	<string id="bar_bar_osvedomitel_talk_about_freedom_4">
		<text>Obrigado pela informacao.</text>
	</string>
	<string id="bar_bar_osvedomitel_trade_info_0">
		<text>Quero comprar informacoes.</text>
	</string>
	<string id="bar_bar_osvedomitel_trade_info_21">
		<text>Vendo informacoes sobre o grupo do Strelok por 4000 rublos.</text>
	</string>
	<string id="bar_bar_osvedomitel_trade_info_211">
		<text>OK, vou levar. Aqui estao 4000.</text>
	</string>
	<string id="bar_bar_osvedomitel_trade_info_2111">
		<text>O grupo esta no Instituto de Pesquisa Agroprom, em um esconderijo subterraneo. Eles tem informacoes sobre os planos do grupo e uma lista de membros. As coordenadas estao anexadas.</text>
	</string>
	<string id="bar_bar_osvedomitel_trade_info_212">
		<text>Nao, mudei de ideia.</text>
	</string>
	<string id="bar_bar_osvedomitel_trade_info_2121">
		<text>Voce decide. Volte ao Bar quando mudar de ideia, estou sempre aqui.</text>
	</string>
	<string id="bar_bar_osvedomitel_trade_info_31">
		<text>Tenho informacoes sobre um grupo que chegou ao centro da Zona. Custa 2000 rublos.</text>
	</string>
	<string id="bar_bar_osvedomitel_trade_info_311">
		<text>OK, vou comprar. Aqui estao 2000.</text>
	</string>
	<string id="bar_bar_osvedomitel_trade_info_3111">
		<text>Strelok, Ghost e Fang foram ao centro da Zona. Ninguem sabe o que encontraram, mas Strelok desapareceu, e Ghost e Fang voltaram perturbados. Ghost foi para um laboratorio movel perto do Lago Yantar. As coordenadas do acampamento dos cientistas estao anexadas.</text>
	</string>
	<string id="bar_bar_osvedomitel_trade_info_312">
		<text>Nao, mudei de ideia.</text>
	</string>
	<string id="bar_bar_osvedomitel_trade_info_3121">
		<text>Voce decide. Volte ao Bar quando mudar de ideia, estou sempre aqui.</text>
	</string>
	<string id="bar_bar_osvedomitel_trade_info_41">
		<text>Tenho informacoes sobre o segredo do Lago Yantar. Custa 3500 rublos.</text>
	</string>
	<string id="bar_bar_osvedomitel_trade_info_411">
		<text>OK, vou comprar. Aqui estao 3500.</text>
	</string>
	<string id="bar_bar_osvedomitel_trade_info_4111">
		<text>O segredo do Lago Yantar e semelhante ao do Desintegrador Psiquico. Algum tipo de emissao transforma quem entra em contato em zumbi. Os stalkers zumbificados atacam qualquer um por perto. Ha indicios de que a solucao para esse misterio esta no subsolo. Aqui estao as coordenadas do emissor no Lago Yantar e do Desintegrador Psiquico.</text>
	</string>
	<string id="bar_bar_osvedomitel_trade_info_412">
		<text>Nao, mudei de ideia.</text>
	</string>
	<string id="bar_bar_osvedomitel_trade_info_4121">
		<text>Voce decide. Volte ao Bar quando mudar de ideia, estou sempre aqui.</text>
	</string>
	<string id="bar_bar_osvedomitel_trade_info_999">
		<text>Nao tenho informacoes novas no momento.</text>
	</string>
	<string id="bar_bar_visitors_1_start_11">
		<text>...ja era hora de alguem dar um fim no Borov! Se eu soubesse quem foi, pagaria uma bebida.</text>
	</string>
	<string id="bar_bar_visitors_1_start_111">
		<text>Sim, ja era hora.</text>
	</string>
	<string id="bar_bar_visitors_1_start_21">
		<text>...alguem irritou a Freedom: um grupo deles foi destruido no Territorio Selvagem... Quem sera que fez isso?</text>
	</string>
	<string id="bar_bar_visitors_1_start_211">
		<text>Sim, queria saber...</text>
	</string>
	<string id="bar_bar_visitors_1_start_31">
		<text>...finalmente alguem acabou com os Sanguessugas no Territorio Selvagem... O que a Duty estava fazendo?</text>
	</string>
	<string id="bar_bar_visitors_1_start_311">
		<text>O que a Duty estava fazendo? Lutando contra a Freedom, o que mais?</text>
	</string>
	<string id="bar_bar_visitors_1_start_41">
		<text>Ouvi que alguem eliminou o lider da Freedom. Eles vao ter problemas. A Duty vai pressiona-los...</text>
	</string>
	<string id="bar_bar_visitors_1_start_411">
		<text>Esperamos que sim.</text>
	</string>
	<string id="bar_bar_visitors_1_start_51">
		<text>Voce eliminou os veteranos? Bom trabalho! Seis stalkers desapareceram nesta area... suspeitavamos deles. Ainda bem que foram eliminados.</text>
	</string>
	<string id="bar_bar_visitors_1_start_511">
		<text>Sim, muitos queriam que os veteranos fossem "apagados".</text>
	</string>
	<string id="bar_bar_visitors_1_start_61">
		<text>Voce desligou as emissoes em Yantar? Impressionante... Sorte sua, fico feliz que alguem lidou com isso! Muitos morreram la... mas agora os cientistas vao descobrir o que era. Talvez possamos lidar com o Desintegrador agora...</text>
	</string>
	<string id="bar_bar_visitors_1_start_611">
		<text>Quero acreditar que o Desintegrador pode ser desativado.</text>
	</string>
	<string id="bar_bar_visitors_1_start_71">
		<text>O que quer? Nao ve que estou descansando?</text>
	</string>
	<string id="bar_bar_visitors_1_start_711">
		<text>Novidades?</text>
	</string>
	<string id="bar_bar_visitors_1_start_7111">
		<text>Ouvi que Strelok voltou. Ele tem o equipamento para chegar a Maquina... Esta escondido, muitos o perseguem. Alguns abertamente, outros nas sombras. Dizem que Duty e Freedom estao na caca... cada um com seus motivos.</text>
	</string>
	<string id="bar_bar_visitors_1_start_71111">
		<text>Strelok esta certo em se esconder.</text>
	</string>
	<string id="bar_bar_visitors_10_start_71">
		<text>O que quer?</text>
	</string>
	<string id="bar_bar_visitors_10_start_711">
		<text>Pode me dar um conselho para um novato?</text>
	</string>
	<string id="bar_bar_visitors_10_start_7111">
		<text>Conselho? Ouca. Ao norte, perto do Desintegrador Psiquico, Freedom montou seu quartel-general em uma base militar antiga. Sao niilistas, anarquistas e criminosos. Sabotam grupos de pesquisa, atacam unidades do exercito e lutam contra a Duty. As lutas viraram guerra. Nao se envolva com eles. So aceitam malucos com preco pela cabeca. Ha-ha-ha. Acredita nisso?</text>
	</string>
	<string id="bar_bar_visitors_10_start_71111">
		<text>Obrigado pelo conselho.</text>
	</string>
	<string id="bar_bar_visitors_12_start_71">
		<text>O que quer?</text>
	</string>
	<string id="bar_bar_visitors_12_start_711">
		<text>Pode me dar um conselho para um novato?</text>
	</string>
	<string id="bar_bar_visitors_12_start_7111">
		<text>Havia um grupo liderado por Strelok. A Zona tem lendas sobre ele... boas e ruins, mas poucos conhecem a verdade. Eles queriam entender a Zona, descobrir o que a criou. O governo os perseguia, mas nunca os encontrava. Um dia, Strelok encontrou algo importante e foi ao centro da Zona com alguns homens. Metade morreu no caminho. O resto conseguiu passar... Ninguem sabe o que aconteceu la. Parece que foram pegos. Os outros tambem foram capturados e mortos... Acho que nao sobrou ninguem. Historia triste, nao acha?</text>
	</string>
	<string id="bar_bar_visitors_12_start_71111">
		<text>Sim... alguem nao quer que a Zona seja compreendida...</text>
	</string>
	<string id="bar_bar_visitors_13_start_71">
		<text>O que quer?</text>
	</string>
	<string id="bar_bar_visitors_13_start_711">
		<text>Pode me dar um conselho para um novato?</text>
	</string>
	<string id="bar_bar_visitors_13_start_7111">
		<text>Mercenarios sao como Freedom, so que piores. Freedom tem uma causa, mas esses fazem tudo por dinheiro. Alguem precisa elimina-los antes que levem algo perigoso da Zona para o mundo! Estao na Cidade Morta, com atiradores em cada predio alto. Nao gostam de estranhos.</text>
	</string>
	<string id="bar_bar_visitors_13_start_71111">
		<text>Entendo. Cuidado na Cidade Morta.</text>
	</string>
	<string id="bar_bar_visitors_14_start_71">
		<text>O que quer?</text>
	</string>
	<string id="bar_bar_visitors_14_start_711">
		<text>Pode me dar um conselho para um novato?</text>
	</string>
	<string id="bar_bar_visitors_14_start_7111">
		<text>Se ainda nao foi a Arena, recomendo. E um bom jeito de ganhar dinheiro e mostrar do que e capaz. Nem todos lutam contra mutantes, o que e uma pena! Assim que juntar dinheiro para uma armadura, vou la.</text>
	</string>
	<string id="bar_bar_visitors_14_start_81">
		<text>O que quer?</text>
	</string>
	<string id="bar_bar_visitors_14_start_82">
		<text>Voce e Baldy? Preciso falar com voce.</text>
	</string>
	<string id="bar_bar_visitors_14_start_83">
		<text>Sou eu. O que voce quer?</text>
	</string>
	<string id="bar_bar_visitors_14_start_84">
		<text>Spotty foi resgatado da Floresta Vermelha, mas Hunchback nao sobreviveu.</text>
	</string>
	<string id="bar_bar_visitors_14_start_85">
		<text>Droga...</text>
	</string>
	<string id="bar_bar_visitors_14_start_86">
		<text>Spotty esta debilitado, a mente dele esta confusa. Pode falar com ele? Precisamos da programacao do Desintegrador.</text>
	</string>
	<string id="bar_bar_visitors_14_start_87">
		<text>Nao! Nao me peca isso. Hunchback morreu por minha causa, Spotty tambem. Eu os abandonei, fugi! Nao consigo encarar Spotty!</text>
	</string>
	<string id="bar_bar_visitors_14_start_88">
		<text>Calma. Me conte o que aconteceu.</text>
	</string>
	<string id="bar_bar_visitors_14_start_89">
		<text>Nos tres seguiamos para o Norte. Nao sabiamos quando as emissoes do Desintegrador eram mais fracas, mas Spotty descobriu... de alguma forma... No meio do caminho, o Desintegrador foi ativado. Spotty desmaiou e rolou encosta abaixo. Entrei em panico e quis voltar. Hunchback insistiu que precisavamos resgatar Spotty... Eu disse "Voce enlouqueceu? Nao ha como carrega-lo!" Ele ignorou e desceu para salva-lo... outra onda veio. Quando percebi, ja estava na base militar... Achei que os dois tinham ficado la... mas Hunchback conseguiu tira-lo e nao conseguiu escapar...</text>
	</string>
	<string id="bar_bar_visitors_14_start_90">
		<text>Entendi, Baldy. Acalme-se. Obrigado por contar. Eu falarei com Spotty.</text>
	</string>
	<string id="bar_bar_visitors_14_start_91">
		<text>Desculpe. Nao quero falar sobre isso... Preciso de outro drink.</text>
	</string>
	<string id="bar_bar_visitors_2_start_71">
		<text>O que voce quer?</text>
	</string>
	<string id="bar_bar_visitors_2_start_711">
		<text>Alguma novidade?</text>
	</string>
	<string id="bar_bar_visitors_2_start_7111">
		<text>Havia um cara... voz estranha, andava curvado, chamado Hunchback. Ele era estranho... falava sozinho e com animais... mas era esperto. Desapareceu no centro com Strelok... dizem que Strelok voltou.</text>
	</string>
	<string id="bar_bar_visitors_2_start_71111">
		<text>Onde ele esta agora?</text>
	</string>
	<string id="bar_bar_visitors_3_start_71">
		<text>O que voce quer?</text>
	</string>
	<string id="bar_bar_visitors_3_start_711">
		<text>Alguma novidade?</text>
	</string>
	<string id="bar_bar_visitors_3_start_7111">
		<text>O Territorio Selvagem esta infestado de sanguessugas! Elas saem a noite. Dizem que ha algo valioso na fabrica, essencial para alguem. A Duty enviou homens la, mas todos morreram. Gritos foram ouvidos a quilometros.</text>
	</string>
	<string id="bar_bar_visitors_3_start_71111">
		<text>Obrigado pela informacao.</text>
	</string>
	<string id="bar_bar_visitors_4_start_71">
		<text>O que voce quer?</text>
	</string>
	<string id="bar_bar_visitors_4_start_711">
		<text>O que ouviu?</text>
	</string>
	<string id="bar_bar_visitors_4_start_7111">
		<text>Se seguir pelo Lago Yantar, chegara ao acampamento dos cientistas. Eles fazem pesquisas ali... Chegaram de helicoptero e recebem suprimentos. Bom lugar. Compram artefatos e sempre tem trabalho.</text>
	</string>
	<string id="bar_bar_visitors_4_start_71111">
		<text>Obrigado pela informacao.</text>
	</string>
	<string id="bar_bar_visitors_5_start_71">
		<text>O que voce quer?</text>
	</string>
	<string id="bar_bar_visitors_5_start_711">
		<text>O que ouviu?</text>
	</string>
	<string id="bar_bar_visitors_5_start_7111">
		<text>Ninguem passa pelo ferro-velho de veiculos por causa do Desintegrador Psiquico. Viram um stalker atravessar a fronteira invisivel, cair, levantar e ir ate o centro do ferro-velho. Nunca mais foi visto...</text>
	</string>
	<string id="bar_bar_visitors_5_start_71111">
		<text>Interessante...</text>
	</string>
	<string id="bar_bar_visitors_6_start_71">
		<text>O que voce quer?</text>
	</string>
	<string id="bar_bar_visitors_6_start_711">
		<text>O que ouviu?</text>
	</string>
	<string id="bar_bar_visitors_6_start_7111">
		<text>Stalkers desaparecidos as vezes retornam. Assustador: resmungam e procuram armas... Um deles apareceu no posto da Duty, todo mundo olhou. Alguem o reconheceu... olhos vermelhos, ferido... gemia como um animal, andava em circulos. A Duty o acolheu, mas ele morreu depois. Algo esta acontecendo na Zona, mas o que?</text>
	</string>
	<string id="bar_bar_visitors_6_start_71111">
		<text>Eu tambem quero descobrir.</text>
	</string>
	<string id="bar_bar_visitors_7_start_71">
		<text>O que voce quer?</text>
	</string>
	<string id="bar_bar_visitors_7_start_711">
		<text>O que ouviu?</text>
	</string>
	<string id="bar_bar_visitors_7_start_7111">
		<text>O Lago Yantar esta cheio de zumbis. Eles vagam e atacam qualquer um. Se avistar um, corra. Muitos ex-stalkers estao la... Morreram no lago, e isso foi tudo que restou deles.</text>
	</string>
	<string id="bar_bar_visitors_7_start_71111">
		<text>Nao quero me juntar a eles.</text>
	</string>
	<string id="bar_bar_visitors_8_start_71">
		<text>O que voce quer?</text>
	</string>
	<string id="bar_bar_visitors_8_start_711">
		<text>O que ouviu?</text>
	</string>
	<string id="bar_bar_visitors_8_start_7111">
		<text>Comerciantes dizem que ha um tesouro de artefatos no centro da Zona, quem passar enriquece. Acho que ha mais. Comerciantes pensam em seus interesses, mas ha rumores. Algo melhor que artefatos la, algo alienigena ou de outra dimensao! Chamam de Maquina de realizar desejos. Ouvi uma lenda de um stalker que passou. Toda vez que alguem deseja, a Zona cresce, ninguem a faz desaparecer. Acho que quem chega la nao se importa com mais ninguem.</text>
	</string>
	<string id="bar_bar_visitors_8_start_71111">
		<text>Isso e perturbador.</text>
	</string>
	<string id="bar_bar_visitors_9_start_71">
		<text>O que quer?</text>
	</string>
	<string id="bar_bar_visitors_9_start_711">
		<text>O que ouviu?</text>
	</string>
	<string id="bar_bar_visitors_9_start_7111">
		<text>Quem acredita no Monolito e insano. Insistem, mas ninguem sabe o que ha no centro da Zona. Cristal invisivel que caiu dos ceus... ha-ha-ha! Acho que um laboratorio secreto explodiu, stalkers trabalhavam em alguns. Nao da para bombardear a Zona. Radiacao espalharia, metade da Europa devastada. "Alguem" enlouqueceu, matam stalkers normais sem motivo. O que acha? Fanaticos malditos.</text>
	</string>
	<string id="bar_bar_visitors_9_start_71111">
		<text>Algo a considerar.</text>
	</string>
	<string id="bar_dolg_base_guard_acces_0">
		<text>Quero me juntar a Duty. O que preciso fazer?</text>
	</string>
	<string id="bar_dolg_base_guard_acces_1">
		<text>Pague 1000 rublos. Recebera um passe. Leve ate Voronin no bunker, ele fara um teste.</text>
	</string>
	<string id="bar_dolg_base_guard_acces_11">
		<text>Aqui esta o dinheiro.</text>
	</string>
	<string id="bar_dolg_base_guard_acces_111">
		<text>Certo, aqui esta seu passe. Va ver Petrenko, o administrador. Marquei no mapa.</text>
	</string>
	<string id="bar_dolg_base_guard_acces_12">
		<text>Mudei de ideia.</text>
	</string>
	<string id="bar_dolg_base_guard_acces_121">
		<text>Voce decide. Ate mais.</text>
	</string>
	<string id="bar_dolg_base_guard_acces_21">
		<text>Freedom nao tem lugar na Zona, devem ser eliminados. Se interessado, fale com Barkeep. Estou ocupado.</text>
	</string>
	<string id="bar_dolg_base_guard_acces_31">
		<text>Pague 1000 rublos, recebera um passe. Leve ate o administrador da Duty, ele fara testes.</text>
	</string>
	<string id="bar_dolg_base_guard_acces_311">
		<text>Aqui esta o dinheiro.</text>
	</string>
	<string id="bar_dolg_base_guard_acces_3111">
		<text>Certo, aqui esta seu passe. Va ver Petrenko, o administrador. Marquei no mapa.</text>
	</string>
	<string id="bar_dolg_base_guard_acces_312">
		<text>Mudei de ideia.</text>
	</string>
	<string id="bar_dolg_base_guard_acces_3121">
		<text>Voce decide. Ate mais.</text>
	</string>
	<string id="bar_dolg_base_guard_rules_0">
		<text>Barkeep disse que a lideranca tem missoes para mim.</text>
	</string>
	<string id="bar_dolg_base_guard_rules_1">
		<text>Sim, mas antes de entrar, ouca as regras. Sao simples. Primeiro: proibido atirar em nosso territorio. Quebre a regra duas vezes, sera eliminado. Fuja, e nao podera mais entrar. Aja com calma, sem problemas.</text>
	</string>
	<string id="bar_dolg_base_guard_rules_2">
		<text>Entendi. Algo mais?</text>
	</string>
	<string id="bar_dolg_base_guard_rules_3">
		<text>Isso basta. Pode passar.</text>
	</string>
	<string id="bar_dolg_base_guard_rules_4">
		<text>Entendi. Mais alguma coisa?</text>
	</string>
	<string id="bar_dolg_base_guard_rules_5">
		<text>Isso e tudo. Se quiser se juntar a Duty, fique a vontade. Precisamos de homens preparados, mas aviso: primeiro, trabalhos perigosos. Nao precisamos de covardes, todos sao testados.</text>
	</string>
	<string id="bar_dolg_base_guard_start_11">
		<text>Pare! Estranhos nao entram na base da Duty!</text>
	</string>
	<string id="bar_dolg_base_guard_start_21">
		<text>O que esta esperando? Siga em frente.</text>
	</string>
	<string id="bar_dolg_base_guard_start_31">
		<text>Va em frente, irmao. Lembre-se: a missao da Duty e purificar.</text>
	</string>
	<string id="bar_dolg_base_guard_talk_0">
		<text>Por que estranhos nao podem entrar?</text>
	</string>
	<string id="bar_dolg_base_guard_talk_1">
		<text>De onde voce veio? Ha uma guerra acontecendo. Lutamos contra a Freedom! Temos escaramucas no Territorio Selvagem.</text>
	</string>
	<string id="bar_dolg_base_guard_talk_2">
		<text>Guerra com a Freedom? Por que?</text>
	</string>
	<string id="bar_dolg_base_guard_talk_3">
		<text>Freedom nao tem lugar na Zona, devem ser eliminados. Se quiser mais detalhes, fale com Barkeep. Estou ocupado.</text>
	</string>
	<string id="bar_dolg_guard_bunker_start_11">
		<text>Pare! Apenas membros entram! Sem passe especial, sem entrada. Se quiser, fale com Coronel Petrenko. A area administrativa fica do outro lado do patio.</text>
	</string>
	<string id="bar_dolg_guard_bunker_start_21">
		<text>O que esta esperando? Siga em frente.</text>
	</string>
	<string id="bar_dolg_guard_bunker_start_31">
		<text>Va em frente. Lembre-se: a missao da Duty e purificar.</text>
	</string>
	<string id="bar_dolg_ivancov_start_11">
		<text>O que voce quer?</text>
	</string>
	<string id="bar_dolg_ivancov_start_21">
		<text>Estou ouvindo.</text>
	</string>
	<string id="bar_dolg_ivancov_start_31">
		<text>Ola, companheiro.</text>
	</string>
	<string id="bar_dolg_leader_job_0">
		<text>O que posso fazer pela Duty?</text>
	</string>
	<string id="bar_dolg_leader_job_1">
		<text>Boa pergunta, Marcado, e ha uma boa resposta: mate anarquistas da Freedom. Recompensa por cada PDA deles, pode ser promovido. Leve os PDAs a Petrenko, ele da recompensas.</text>
	</string>
	<string id="bar_dolg_leader_join_0">
		<text>Barkeep disse que tem missao para mim nos armazens militares...</text>
	</string>
	<string id="bar_dolg_leader_join_1">
		<text>Peco que faca algo, pessoalmente, entende? Guerra territorial com Freedom, precisamos de armas mais poderosas. Freedom tem lancadores de granadas Bulldog 6. Roube um, recompensamos generosamente. Nao esta em nossa faccao, ganhe confianca da Freedom, pegue um Bulldog 6.</text>
	</string>
	<string id="bar_dolg_leader_join_11">
		<text>Continue.</text>
	</string>
	<string id="bar_dolg_leader_join_111">
		<text>Carrego a localizacao da base da Freedom. Encontre o Chef. Ele e da Freedom. Sabe onde os RG-6 ficam. Gosta de bebida, leve vodka. E ai?</text>
	</string>
	<string id="bar_dolg_leader_join_1111">
		<text>OK, vou roubar um Bulldog 6 da Freedom.</text>
	</string>
	<string id="bar_dolg_leader_join_11111">
		<text>Mais uma coisa. Coronel Skull e seus homens atacaram a base da Freedom sem autorizacao. Eles que se virem... suicidas. Nao se envolva na luta deles. Pegue o Bulldog 6, nada mais importa.</text>
	</string>
	<string id="bar_dolg_leader_join_1112">
		<text>Nao estou pronto para isso.</text>
	</string>
	<string id="bar_dolg_leader_join_11121">
		<text>Voce decide.</text>
	</string>
	<string id="bar_dolg_leader_prisyaga_0">
		<text>Estou pronto para fazer o juramento.</text>
	</string>
	<string id="bar_dolg_leader_prisyaga_1">
		<text>Bom homem! Repita: "Eu, stalker Marcado, juro defender os objetivos e ideais da Duty."</text>
	</string>
	<string id="bar_dolg_leader_prisyaga_2">
		<text>Eu, stalker Marcado, juro defender os objetivos e ideais da Duty.</text>
	</string>
	<string id="bar_dolg_leader_prisyaga_3">
		<text>Proteger a Terra dos perigos da Zona, procurar e destruir tudo que ela gera dentro e fora de suas fronteiras.</text>
	</string>
	<string id="bar_dolg_leader_prisyaga_4">
		<text>Proteger a Terra dos perigos da Zona, procurar e destruir tudo que ela gera dentro e fora de suas fronteiras.</text>
	</string>
	<string id="bar_dolg_leader_prisyaga_5">
		<text>Lutar contra inconformistas, sejam stalkers ou grupos.</text>
	</string>
	<string id="bar_dolg_leader_prisyaga_6">
		<text>Lutar contra inconformistas, sejam stalkers ou grupos.</text>
	</string>
	<string id="bar_dolg_leader_prisyaga_7">
		<text>Dar minha vida pela justica e ordem na Terra!</text>
	</string>
	<string id="bar_dolg_leader_prisyaga_8">
		<text>Dar minha vida pela justica e ordem na Terra!</text>
	</string>
	<string id="bar_dolg_leader_prisyaga_9">
		<text>Parabens! Voce e membro da Duty.</text>
	</string>
	<string id="bar_dolg_leader_quest_rg6_finish_0">
		<text>Completei a missao. Trouxe o Bulldog 6.</text>
	</string>
	<string id="bar_dolg_leader_quest_rg6_finish_1">
		<text>Bom trabalho, stalker. Era o que precisavamos. Marcado, cumpriu meu pedido, pegue este traje. Acho que vai gostar.</text>
	</string>
	<string id="bar_dolg_leader_start_11">
		<text>Estou ouvindo.</text>
	</string>
	<string id="bar_dolg_leader_start_21">
		<text>O que te traz aqui, irmao?</text>
	</string>
	<string id="bar_dolg_leader_start_31">
		<text>Trouxe o Bulldog 6?</text>
	</string>
	<string id="bar_dolg_leader_start_311">
		<text>Sim, aqui esta o Bulldog 6.</text>
	</string>
	<string id="bar_dolg_leader_start_3111">
		<text>Bom trabalho, stalker. Era o que precisavamos. Marcado, cumpriu meu pedido, pegue este traje. Acho que vai gostar.</text>
	</string>
	<string id="bar_dolg_leader_start_41">
		<text>O que te trouxe aqui, irmao?</text>
	</string>
	<string id="bar_dolg_leader_start_51">
		<text>Guerra com Freedom chegando ao fim, Marcado. Voce lutou pela causa, agora quero terminar a guerra. Mate o lider da Freedom.</text>
	</string>
	<string id="bar_dolg_leader_start_81">
		<text>O que te traz aqui, irmao? Matou o lider dos anarquistas da Freedom, grupo desmoronou. Guerra nao acabou, mas resultado e certo. Suas conquistas sao grandes, nao serao esquecidas.</text>
	</string>
	<string id="bar_dolg_newbie_start_11">
		<text>Ola, stalker. Junte-se a Duty! Precisamos de combatentes bons! Entrei recentemente, olha o uniforme legal!</text>
	</string>
	<string id="bar_dolg_newbie_start_21">
		<text>Ola, Marcado. Feliz que esta conosco. Duty precisara de combatentes bons em breve.</text>
	</string>
	<string id="bar_dolg_novice_start_2">
		<text>Ei, colega stalker.</text>
	</string>
	<string id="bar_dolg_novice_start_3">
		<text>Fale sobre Duty.</text>
	</string>
	<string id="bar_dolg_novice_start_31">
		<text>Estamos aqui desde o inicio. Primeiro grupo era de membros sobreviventes de unidades especiais enviadas a Zona para descobrir o que a fez aparecer. Nos encontramos em circunstancias dificeis. Metade da unidade morreu, sobreviventes juraram que nao sairiam daqui ate entenderem o que acontece na Zona... ate derrota-la.</text>
	</string>
	<string id="bar_dolg_novice_start_4">
		<text>Fale sobre Freedom.</text>
	</string>
	<string id="bar_dolg_novice_start_41">
		<text>Bandidos que nao entendem que a Zona e ulcera na Terra. Querem espalha-la pelo mundo, um pedaco em cada casa. Farao qualquer coisa, mal posso esperar para acabar com isso.</text>
	</string>
	<string id="bar_dolg_novice_start_5">
		<text>Querem derrotar a Zona?</text>
	</string>
	<string id="bar_dolg_novice_start_51">
		<text>Sim, conseguimos em grande medida. Limpezas destroem enxames de mutantes a caminho do centro da Zona.</text>
	</string>
	<string id="bar_dolg_novice_start_6">
		<text>Obrigado.</text>
	</string>
	<string id="bar_dolg_petrenko_start_11">
		<text>Estou ouvindo.</text>
	</string>
	<string id="bar_dolg_petrenko_start_21">
		<text>Como posso ajudar?</text>
	</string>
	<string id="bar_dolg_petrenko_start_31">
		<text>Ola irmao! O que te traz aqui?</text>
	</string>
	<string id="bar_dolg_veteran_start_2">
		<text>O que quer?</text>
	</string>
	<string id="bar_dolg_zastava_11">
		<text>Pode ir, continue andando. O que esta olhando?</text>
	</string>
	<string id="bar_dolg_zastava_21">
		<text>Ei cara! Feliz que ainda nao foi comido por mutantes.</text>
	</string>
	<string id="bar_dolg_zastava_about_zastava_0">
		<text>Massacre no posto avancado. O que aconteceu?</text>
	</string>
	<string id="bar_dolg_zastava_about_zastava_1">
		<text>Ultima onda de mutantes antes da explosao. Fica quieto por tres ou quatro dias, depois outra onda. Se nao fosse por nos, nao haveria Bar, nem Duty; somos a ultima barreira contra esses mutantes loucos. Muitos dos nossos morreram aqui.</text>
	</string>
	<string id="bar_dolg_zastava_talk_0">
		<text>Quero saber algo.</text>
	</string>
	<string id="bar_dolg_zastava_talk_1">
		<text>O que quer saber?</text>
	</string>
	<string id="bar_dolg_zastava_talk_2">
		<text>Primeira vez aqui. Conte sobre este lugar.</text>
	</string>
	<string id="bar_dolg_zastava_talk_21">
		<text>Antes do acidente em 86, area industrial. Como ve, sobrou pouco... No porao do hangar, bar 100 Rads. Administrado pelo comerciante que e barman. Quer negociar, conversar, missao ou noticias, esse e o lugar. Ha a Arena, lute e ganhe dinheiro. Base da Duty perto da Arena. Quer se juntar a Duty, va la, eles dirao com quem falar. Area protegida pela Duty, comporte-se, armas embainhadas. Atirar, patrulha "acalma" rapido.</text>
	</string>
	<string id="bar_dolg_zastava_talk_211">
		<text>Disse que ha um bar aqui. Onde fica?</text>
	</string>
	<string id="bar_dolg_zastava_talk_2111">
		<text>No porao atras do hangar... marco no mapa.</text>
	</string>
	<string id="bar_dolg_zastava_talk_21111">
		<text>Obrigado pela informacao.</text>
	</string>
	<string id="bar_dolg_zastava_talk_212">
		<text>Disse que a base da Duty fica aqui. Como chego la?</text>
	</string>
	<string id="bar_dolg_zastava_talk_2121">
		<text>Perto da Arena. Marquei no mapa.</text>
	</string>
	<string id="bar_dolg_zastava_talk_21211">
		<text>Obrigado pela informacao.</text>
	</string>
	<string id="bar_dolg_zastava_talk_213">
		<text>Disse que ha uma Arena aqui? Onde fica?</text>
	</string>
	<string id="bar_dolg_zastava_talk_2131">
		<text>Saia do hangar com o telhado quebrado, estara na frente. Marco no mapa.</text>
	</string>
	<string id="bar_dolg_zastava_talk_21311">
		<text>Obrigado pela informacao.</text>
	</string>
	<string id="bar_dolg_zastava_talk_214">
		<text>Obrigado pela informacao.</text>
	</string>
	<string id="bar_dolg_zavskald_reward_0">
		<text>Estou aqui a negocios.</text>
	</string>
	<string id="bar_dolg_zavskald_reward_1">
		<text>Imagino que queira algo de mim.</text>
	</string>
	<string id="bar_dolg_zavskald_reward_11">
		<text>Derrubei um javali no caminho para ca. Dizem que e valioso.</text>
	</string>
	<string id="bar_dolg_zavskald_reward_111">
		<text>Ouvi que atirou em Borov. Merece dinheiro e arma decente. Faca justica a sua nova arma!</text>
	</string>
	<string id="bar_dolg_zavskald_reward_1111">
		<text>Nao se preocupe com isso.</text>
	</string>
	<string id="bar_dolg_zavskald_reward_12">
		<text>Tive um "bate-papo" com Tyran da Freedom. Ele entendeu o erro e prometeu se comportar. Tenho quase certeza que nao quebra a palavra, mortos nao mentem.</text>
	</string>
	<string id="bar_dolg_zavskald_reward_121">
		<text>Tyran era uma dor de cabeca! Feliz que o eliminou. Aqui sua recompensa, um S14 Thunder, nossa arma de marca.</text>
	</string>
	<string id="bar_dolg_zavskald_reward_1211">
		<text>Nada mal. Farei mais do mesmo. Ate logo.</text>
	</string>
	<string id="bar_dolg_zavskald_reward_13">
		<text>Voronin nao te disse nada?</text>
	</string>
	<string id="bar_dolg_zavskald_reward_131">
		<text>Uau, parabens! Matar o lider da Freedom e grande conquista. Queria ser tao durao quanto voce.</text>
	</string>
	<string id="bar_dolg_zavskald_reward_1311">
		<text>Faca exercicio, coma legumes e escute sua mae. Obrigado pelo equipamento. Estou indo.</text>
	</string>
	<string id="bar_ecolog_crush_professor_give_info_dp_0">
		<text>Quero saber algo.</text>
	</string>
	<string id="bar_ecolog_crush_professor_give_info_dp_1">
		<text>O que quer saber?</text>
	</string>
	<string id="bar_ecolog_crush_professor_give_info_dp_11">
		<text>Quem sao voces e como vieram parar aqui?</text>
	</string>
	<string id="bar_ecolog_crush_professor_give_info_dp_111">
		<text>Meu nome e Kruglov. Sou professor de biologia, estudo a Zona. Ontem, encontrei um animal de interesse, Antropomorphus Dendromutantus Vulgaris. Encontro e documento novas especies de animais mutantes, suas caracteristicas e peculiaridades. Informacao estudada e transferida para o mundo exterior. Parte vai para o Barkeep. Minhas descobertas salvaram vidas de stalkers. Transportava resultados da pesquisa para o laboratorio perto do Lago Yantar, helicoptero atacado.</text>
	</string>
	<string id="bar_ecolog_crush_professor_give_info_dp_12">
		<text>Fale sobre a Zona.</text>
	</string>
	<string id="bar_ecolog_crush_professor_give_info_dp_121">
		<text>A Zona e um presente para a humanidade. Existencia normal impossivel devido a radiacao e mutantes agressivos. Perigosos, mas de valor cientifico. A Zona e um experimento natural, um tesouro para cientistas! Conhecimento da humanidade aumentado pelo estudo da Zona. Tecnologia, medicina, novas plantas, biotecnologia, curas para doencas incuraveis... tudo! Resolvemos o problema alimentar do planeta. Se pessoas nao interferissem, a ciencia levaria a humanidade a uma nova Era de Ouro!</text>
	</string>
	<string id="bar_ecolog_crush_professor_give_info_dp_1211">
		<text>Duty pensa o contrario, nem Freedom quer ajuda-los.</text>
	</string>
	<string id="bar_ecolog_crush_professor_give_info_dp_12111">
		<text>Voces nao compreendem o quadro geral. Problemas do "aqui e agora" mais importantes que o futuro da humanidade!</text>
	</string>
	<string id="bar_ecolog_crush_professor_give_info_dp_1212">
		<text>Talvez haja utilidade em estudar a Zona.</text>
	</string>
	<string id="bar_ecolog_crush_professor_give_info_dp_12121">
		<text>Voce entende isso? Maravilhoso, ha quem nao seja de mente estreita. Sempre disse para olhar o conjunto de questoes de uma perspectiva mais ampla, distanciar das medidas humanas simples. Mesmo que a Zona tenha prejudicado a humanidade, ainda pode ser util!</text>
	</string>
	<string id="bar_ecolog_crush_professor_give_info_dp_13">
		<text>Por que Mercs procuram essa informacao?</text>
	</string>
	<string id="bar_ecolog_crush_professor_give_info_dp_131">
		<text>Espero que nao ofenda, mas stalkers sao como criancas. Afetados pelas descobertas. Lendas sobre Monolito que realiza desejos. Piada! Criancas brincam com armas de verdade e causam morte. Pessoas infantis se irritam com quem nao compartilha tudo, incluindo informacoes que nao sao para elas. Nao ha limites no uso da forca. Atiram sem pensar e matam quem estuda a Zona. Acreditam que a informacao abrira o caminho para o centro da Zona. Tolos, tolos perigosos e ingenuos!</text>
	</string>
	<string id="bar_ecolog_crush_professor_give_info_dp_14">
		<text>Procuro o Lab X-16. Poderia me dizer onde fica?</text>
	</string>
	<string id="bar_ecolog_crush_professor_give_info_dp_141">
		<text>Lab X-16? Hmm... Sakharov mencionou algo parecido, mas nao lembro. Pergunte a ele... No laboratorio movel perto do Lago Yantar.</text>
	</string>
	<string id="bar_ecolog_crush_professor_give_info_dp_15">
		<text>Infelizmente, tenho que ir. Boa sorte.</text>
	</string>
	<string id="bar_ecolog_crush_professor_start_101">
		<text>Marcado, pare-os ou nos matarao!</text>
	</string>
	<string id="bar_ecolog_crush_professor_start_1011">
		<text>Fique tranquilo. Lidaremos com eles.</text>
	</string>
	<string id="bar_ecolog_crush_professor_start_10111">
		<text>OK.</text>
	</string>
	<string id="bar_ecolog_crush_professor_start_1012">
		<text>Vamos nos mover. Tentaremos abrir caminho...</text>
	</string>
	<string id="bar_ecolog_crush_professor_start_10121">
		<text>Vamos nos apressar.</text>
	</string>
	<string id="bar_ecolog_crush_professor_start_11">
		<text>Stalker, imploro! Voltavamos de Yantar, Mercs derrubaram nosso helicoptero. Procuram informacoes, mas nos matarao. Ajude-me a chegar ao lago, conto tudo sobre o Desintegrador Psiquico. Barkeep pagara bem.</text>
	</string>
	<string id="bar_ecolog_crush_professor_start_111">
		<text>OK.</text>
	</string>
	<string id="bar_ecolog_crush_professor_start_1111">
		<text>Obrigado, stalker. Nao sou lutador, mas sei o caminho, lidero e voce da cobertura.</text>
	</string>
	<string id="bar_ecolog_crush_professor_start_112">
		<text>Nao. Tente sair sozinho.</text>
	</string>
	<string id="bar_ecolog_crush_professor_start_1121">
		<text>Nao. Certeza que nao quer dizer isso. Nao saio sozinho. Se mudar de ideia, estarei aqui... se viver.</text>
	</string>
	<string id="bar_ecolog_crush_professor_start_21">
		<text>Apresse-se, temos que sair daqui rapido.</text>
	</string>
	<string id="bar_ecolog_crush_professor_start_31">
		<text>Ufa! Chegamos em seguranca? Finalmente! Obrigado pela ajuda. Em divida, mas aceite este pendrive. Resultados da ultima expedicao. Barkeep pagaria bem.</text>
	</string>
	<string id="bar_ecolog_crush_professor_start_311">
		<text>Sim, estamos aqui.</text>
	</string>
	<string id="bar_ecolog_crush_professor_start_3111">
		<text>Marcado, visite nosso laboratorio movel, daremos um traje cientifico.</text>
	</string>
	<string id="bar_ecolog_crush_professor_start_31111">
		<text>Veremos.</text>
	</string>
	<string id="bar_ecolog_crush_professor_start_41">
		<text>Ola, stalker. Expresso minha gratidao em nome da ciencia global!</text>
	</string>
	<string id="bar_ecolog_crush_professor_start_51">
		<text>Marcado, pare-os ou nos matarao!</text>
	</string>
	<string id="bar_ecolog_crush_professor_start_511">
		<text>Fique tranquilo. Lidaremos com eles.</text>
	</string>
	<string id="bar_ecolog_crush_professor_start_5111">
		<text>OK.</text>
	</string>
	<string id="bar_ecolog_crush_professor_start_512">
		<text>Vamos nos mover. Tentaremos abrir caminho...</text>
	</string>
	<string id="bar_ecolog_crush_professor_start_5121">
		<text>Vamos la.</text>
	</string>
	<string id="bar_ecolog_crush_professor_start_61">
		<text>Marcado, pare-os ou nos matarao!</text>
	</string>
	<string id="bar_ecolog_crush_professor_start_611">
		<text>Fique tranquilo. Lidaremos com eles.</text>
	</string>
	<string id="bar_ecolog_crush_professor_start_6111">
		<text>OK, vou esperar aqui.</text>
	</string>
	<string id="bar_ecolog_crush_professor_start_612">
		<text>Vamos nos mover. Tentaremos abrir caminho...</text>
	</string>
	<string id="bar_ecolog_crush_professor_start_6121">
		<text>OK, vamos nos apressar.</text>
	</string>
	<string id="bar_ecolog_crush_professor_start_71">
		<text>Cuidado com o Queimador, Marcado. Meu traje protege, mas evite-o.</text>
	</string>
	<string id="bar_ecolog_crush_professor_start_711">
		<text>Obrigado pelo conselho.</text>
	</string>
	<string id="bar_ecolog_crush_professor_start_91">
		<text>Apresse-se, Marcado. Nao e hora de conversar.</text>
	</string>
	<string id="bar_ecolog_dialog_11">
		<text>Stalker, fale com o professor Kruglov, ajude-o a sair.</text>
	</string>
	<string id="bar_ecolog_dialog_21">
		<text>Acabou. Mataram Kruglov!</text>
	</string>
</string_table>