<?xml version="1.0" encoding="windows-1251" ?>
<string_table>
	<string id="dm_general_action_info">
		<text>O que voce quer aqui?</text>
	</string>
	<string id="dm_general_cool_info">
		<text>Tem alguma novidade?</text>
	</string>
	<string id="dm_general_cool_info_no_more">
		<text>Acabou, nao sei de mais nada.</text>
	</string>
	<string id="dm_general_help_bandage">
		<text>Aqui, pegue um curativo.</text>
	</string>
	<string id="dm_general_help_medkit">
		<text>Aqui, pegue um kit medico.</text>
	</string>
	<string id="dm_general_trade_info">
		<text>Quer informacao? Isso custa dinheiro.</text>
	</string>
	<string id="dm_general_trade_info_caption">
		<text>Tenho isto para oferecer:</text>
	</string>
	<string id="dm_general_trade_info_hasno">
		<text>Nada para negociar.</text>
	</string>
	<string id="dm_general_trade_info_nothing">
		<text>Talvez depois.</text>
	</string>
</string_table>