<?xml version="1.0" encoding="windows-1251" ?>
<string_table>
	<string id="actor">
		<text>Loner</text>
	</string>
	<string id="actor_dolg">
		<text>Duty</text>
	</string>
	<string id="actor_freedom">
		<text>Freedom</text>
	</string>
	<string id="arena_enemy">
		<text>Merc</text>
	</string>
	<string id="bad">
		<text>Ruim</text>
	</string>
	<string id="bandit">
		<text>Bandido</text>
	</string>
	<string id="dolg">
		<text>Duty</text>
	</string>
	<string id="ecolog">
		<text>Ecologista</text>
	</string>
	<string id="enemy">
		<text>Inimigo</text>
	</string>
	<string id="excellent">
		<text>Excelente</text>
	</string>
	<string id="exo_outfit_name_m1">
		<text>Exoesqueleto PNB-4UZ</text>
	</string>
	<string id="experienced">
		<text>Experiente</text>
	</string>
	<string id="Found_PDA">
		<text>PDA Encontrado</text>
	</string>
	<string id="freedom">
		<text>Freedom</text>
	</string>
	<string id="friendly">
		<text>Amigo</text>
	</string>
	<string id="good">
		<text>Bom</text>
	</string>
	<string id="indifferent">
		<text>Neutro</text>
	</string>
	<string id="killer">
		<text>Merc</text>
	</string>
	<string id="l01_escape">
		<text>Cordon</text>
	</string>
	<string id="l02_garbage">
		<text>Lixao</text>
	</string>
	<string id="l03_agroprom">
		<text>Instituto de Pesquisa Agroprom</text>
	</string>
	<string id="l04_darkvalley">
		<text>Vale Sombrio</text>
	</string>
	<string id="l05_bar">
		<text>Bar</text>
	</string>
	<string id="l06_rostok">
		<text>Territorio Selvagem</text>
	</string>
	<string id="l07_military">
		<text>Armazens Militares</text>
	</string>
	<string id="l08_yantar">
		<text>Yantar</text>
	</string>
	<string id="l10_radar">
		<text>Floresta Vermelha</text>
	</string>
	<string id="l11_pripyat">
		<text>Pripyat</text>
	</string>
	<string id="l12_stancia">
		<text>Usina Nuclear de Chernobyl</text>
	</string>
	<string id="l12_stancia_2">
		<text>Usina Nuclear de Chernobyl</text>
	</string>
	<string id="master">
		<text>Especialista</text>
	</string>
	<string id="military">
		<text>Militar</text>
	</string>
	<string id="monolith">
		<text>Monolith</text>
	</string>
	<string id="neutral">
		<text>Neutro</text>
	</string>
	<string id="novice">
		<text>Novato</text>
	</string>
	<string id="st_no_active_task">
		<text>Sem missao ativa</text>
	</string>
	<string id="st_time_till_surge">
		<text>Tempo ate a explosao</text>
	</string>
	<string id="stalker">
		<text>Loner</text>
	</string>
	<string id="terrible">
		<text>Terrivel</text>
	</string>
	<string id="trader">
		<text>Comerciante</text>
	</string>
	<string id="ui_st_community">
		<text>Grupo</text>
	</string>
	<string id="ui_st_price">
		<text>Preco</text>
	</string>
	<string id="ui_st_rank">
		<text>Ranking</text>
	</string>
	<string id="ui_st_relation">
		<text>Atitude</text>
	</string>
	<string id="ui_st_reputation">
		<text>Reputacao</text>
	</string>
	<string id="very_bad">
		<text>Muito ruim</text>
	</string>
	<string id="very_good">
		<text>Muito bom</text>
	</string>
	<string id="veteran">
		<text>Veterano</text>
	</string>
	<string id="zombied">
		<text>Zumbificado</text>
	</string>
	<string id="Btn_Cancel">
		<text>Cancelar</text>
	</string>
	<string id="Btn_No">
		<text>Nao</text>
	</string>
	<string id="Btn_OK">
		<text>OK</text>
	</string>
	<string id="Btn_Yes">
		<text>Sim</text>
	</string>
	<string id="global_map">
		<text>Mapa da Zona</text>
	</string>
	<string id="st_autosave">
		<text>Salvamento automatico</text>
	</string>
	<string id="st_game_over">
		<text>Fim de jogo</text>
	</string>
	<string id="st_item_used">
		<text>Item usado</text>
	</string>
	<string id="st_not_enough_money">
		<text>Dinheiro insuficiente</text>
	</string>
	<string id="st_not_enough_money_npc">
		<text>O NPC nao tem dinheiro suficiente</text>
	</string>
	<string id="ui_st_opponent_items">
		<text>Itens para comprar</text>
	</string>
	<string id="st_search_treasure">
		<text>Procurar no esconderijo ($$ACTION_USE$$)</text>
	</string>
	<string id="inventory_item_use">
		<text>Pegar item ($$ACTION_USE$$)</text>
	</string>
	<string id="ui_mm_check_updates">
		<text>Atualizacoes do jogo</text>
	</string>
	<string id="ui_mm_alternative">
		<text>Alternativa</text>
	</string>
	<string id="ui_inv_health">
		<text>Vida</text>
	</string>
	<string id="ui_inv_radiation">
		<text>Radiacao</text>
	</string>
	<string id="ui_inv_satiety">
		<text>Fome</text>
	</string>
	<string id="ui_inv_power">
		<text>Resistencia</text>
	</string>
	<string id="ui_inv_bleeding">
		<text>Sangrando</text>
	</string>
	<string id="st_mp_say_to_all">
		<text>Dizer a todos</text>
	</string>
	<string id="st_mp_say_to_team">
		<text>Dizer a equipe</text>
	</string>
	<string id="st_knife">
		<text>Faca</text>
	</string>
	<string id="st_mp_disabled_voting">
		<text>Votacao desabilitada neste servidor</text>
	</string>
	<string id="st_mp_no_current_voting">
		<text>Sem votacoes ativas</text>
	</string>
	<string id="st_mp_ready">
		<text>Pronto</text>
	</string>
	<string id="st_mp_voting_succeed">
		<text>Votacao realizada com sucesso!</text>
	</string>
	<string id="st_mp_voting_failed">
		<text>Votacao falhou!</text>
	</string>
	<string id="l03u_agr_underground">
		<text>Agroprom Subsolo</text>
	</string>
	<string id="l04u_labx18">
		<text>Laboratorio X-18</text>
	</string>
	<string id="l08u_brainlab">
		<text>Laboratorio X-16</text>
	</string>
	<string id="l10u_bunker">
		<text>Laboratorio X-10</text>
	</string>
	<string id="l12u_sarcofag">
		<text>Sarcofago</text>
	</string>
	<string id="l12u_control_monolith">
		<text>Controle do Monolito</text>
	</string>
</string_table>