<?xml version="1.0" encoding="windows-1251" ?>
<string_table>
	<string id="item test1">
		<text>Esta e uma string de teste de ITEM</text>
	</string>
	<string id="item test2">
		<text>Esta e outra string de teste de ITEM</text>
	</string>
	<string id="item_case_esc_desc">
		<text>Maleta a prova de fogo com documentos.</text>
	</string>
	<string id="item_decoder_desc">
		<text>Arrombador electronico poderoso. Estranho, nao parece ser um instrumento comum para ladroes. Na verdade, parece ter sido feito para uma fechadura electronica especifica e nao pode ser usado em outras.</text>
	</string>
	<string id="item_decoder_name">
		<text>Decodificador</text>
	</string>
	<string id="item_detector_yantar_desc">
		<text>Detector de emissoes Psi.</text>
	</string>
	<string id="item_detector_yantar_name">
		<text>Sensor PP-4a</text>
	</string>
	<string id="item_doc_x16_desc">
		<text>Arquivo plastico com documentos. Voce precisaria de um diploma em biologia para entender alguma coisa do que esta escrito.</text>
	</string>
	<string id="item_doc_x16_name">
		<text>Documentos do Lab X-16</text>
	</string>
	<string id="item_doc_x18_desc">
		<text>Uma pilha de documentos cientificos. Termos, formulas e varios diagramas.</text>
	</string>
	<string id="item_doc_x18p1_name">
		<text>Documentos do Lab X-18, parte 1</text>
	</string>
	<string id="item_doc_x18p2_name">
		<text>Documentos do Lab X-18, parte 2</text>
	</string>
	<string id="item_doc_x18p3_name">
		<text>Documentos do Lab X-18, parte 3</text>
	</string>
	<string id="item_doc_x18p4_name">
		<text>Documentos do Lab X-18, parte 4</text>
	</string>
	<string id="item_doc_x18p5_name">
		<text>Documentos do Lab X-18, parte 5</text>
	</string>
	<string id="item_docs_hiden_pri_desc">
		<text>Manuscrito encadernado em couro, escrito pelo proprio Strelok. Judando pelos titulos, pode revelar alguns dos segredos da Zona.</text>
	</string>
	<string id="item_docs_hiden_pri_name">
		<text>Documentos do esconderijo secreto em Pripyat</text>
	</string>
	<string id="item_dynamite_esc_desc">
		<text>Uma caixa de madeira com a palavra "Explosivos" escrita em varias linguas.</text>
	</string>
	<string id="item_dynamite_esc_name">
		<text>Caixa de explosivos</text>
	</string>
	<string id="item_flash_crazy_mil_desc">
		<text>Pendrive - uma maneira conveniente de armazenar e transferir informacoes.</text>
	</string>
	<string id="item_flash_crazy_mil_name">
		<text>Pendrive do stalker louco</text>
	</string>
	<string id="item_flash_eco_rost_desc">
		<text>Pendrive - uma maneira conveniente de armazenar e transferir informacoes.</text>
	</string>
	<string id="item_flash_eco_rost_name">
		<text>Pendrive do Professor Kruglov</text>
	</string>
	<string id="item_flash_esc_desc">
		<text>Pendrive - uma maneira conveniente de armazenar e transferir informacoes.</text>
	</string>
	<string id="item_flash_esc_name">
		<text>Pendrive do stalker prisioneiro</text>
	</string>
	<string id="item_flash_gslinger_agro_desc">
		<text>Pendrive - uma maneira conveniente de armazenar e transferir informacoes.</text>
	</string>
	<string id="item_flash_gslinger_agro_name">
		<text>Pendrive do Strelok</text>
	</string>
	<string id="item_key_x18_desc">
		<text>Chave electronica para o Lab subterraneo X-18.</text>
	</string>
	<string id="item_key_x18_name">
		<text>Chave do Borov</text>
	</string>
	<string id="item_krot_flash">
		<text>Pendrive do Mole</text>
	</string>
	<string id="item_PDA_lucky_desc">
		<text>Assistente digital pessoal. Indispensavel na Zona.</text>
	</string>
	<string id="item_PDA_lucky_name">
		<text>PDA do Lucky</text>
	</string>
	<string id="item_PDA_tiran_desc">
		<text>Assistente digital pessoal. Indispensavel na Zona.</text>
	</string>
	<string id="item_PDA_tiran_name">
		<text>PDA de Tyran</text>
	</string>
	<string id="item_quest_case_02_desc">
		<text>Uma maleta a prova de fogo com documentos.</text>
	</string>
	<string id="item_quest_case_02_name">
		<text>Documentos militares</text>
	</string>
	<string id="item_case_esc_name">
		<text>Documentos do posto avancado</text>
	</string>
	<string id="yan_bad_psy_helmet_desc">
		<text>Prototipo desenvolvido por cientistas para proteger contra emissoes psi. Nao ajustado.</text>
	</string>
	<string id="yan_bad_psy_helmet_name">
		<text>Capacete psi nao ajustado</text>
	</string>
	<string id="yan_good_psy_helmet_desc">
		<text>Prototipo funcional desenvolvido por cientistas para proteger contra emissoes psi.</text>
	</string>
	<string id="yan_good_psy_helmet_name">
		<text>Capacete psi funcional</text>
	</string>
</string_table>