	<string id="mil_blockpost_job">
		<text>Ajude no posto avancado da Barreira do Freedom.</text>
	</string>
	<string id="mil_courier">
		<text>Delator.</text>
	</string>
	<string id="mil_courier_job">
		<text>Lide com o delator.</text>
	</string>
	<string id="mil_courier_phase1">
		<text>Chegue ao sitio.</text>
	</string>
	<string id="mil_courier_phase2">
		<text>Espere ate o delator trazer seu agente.</text>
	</string>
	<string id="mil_courier_phase3">
		<text>Livre-se do delator.</text>
	</string>
	<string id="mil_courier_phase4">
		<text>Livre-se do agente.</text>
	</string>
	<string id="mil_courier_phase5">
		<text>Relate a Lukash sobre a missao.</text>
	</string>
	<string id="mil_crazy">
		<text>Stalker louco.</text>
	</string>
	<string id="mil_dolg">
		<text>Facao Duty.</text>
	</string>
	<string id="mil_dolg_assault_freedom">
		<text>Ajude a faccao Duty a eliminar Lukash.</text>
	</string>
	<string id="mil_kill_lukash">
		<text>Mate Lukash.</text>
	</string>
	<string id="mil_dolg_assault_support">
		<text>Livre-se do sniper.</text>
	</string>
	<string id="mil_dolg_return_to_khutor">
		<text>Volte ao sitio do Duty e receba minha recompensa.</text>
	</string>
	<string id="mil_dolg_return_to_skull">
		<text>Volte para Skull.</text>
	</string>
	<string id="mil_fblockpost_commander">
		<text>Comandante do posto avancado Cap.</text>
	</string>
	<string id="mil_fblockpost_phase2">
		<text>Ajude a destruir o esquadrao de choque da Monolith.</text>
	</string>
	<string id="mil_fblockpost_phase3">
		<text>Fale com o comandante do posto avancado da Barreira.</text>
	</string>
	<string id="mil_find_cook">
		<text>Encontre o cozinheiro na base do Freedom.</text>
	</string>
	<string id="mil_freedom_rg6_task">
		<text>Obtenha um Bulldog 6 do Freedom.</text>
	</string>
	<string id="mil_go_max">
		<text>Relate a Max.</text>
	</string>
	<string id="mil_go_to_miser_task">
		<text>Va para a base do Freedom para ver Skinflint e pegar uma recompensa.</text>
	</string>
	<string id="mil_go_to_miser_task_main">
		<text>Receba uma recompensa por matar os sanguessugas.</text>
	</string>
	<string id="mil_hunters_phase1">
		<text>Encontre Murk na vila.</text>
	</string>
	<string id="mil_hunters_phase2">
		<text>Mate os sanguessugas.</text>
	</string>
	<string id="mil_hunters_phase3">
		<text>Volte para Skinflint para pegar o artefato.</text>
	</string>
	<string id="mil_hunters_task">
		<text>Mate os sanguessugas na vila.</text>
	</string>
	<string id="mil_kill_controller">
		<text>Mate os sanguessugas.</text>
	</string>
	<string id="mil_kill_controller_main">
		<text>Mate os sanguessugas.</text>
	</string>
	<string id="mil_kill_dolg">
		<text>Destrua o esquadrao do Duty.</text>
	</string>
	<string id="mil_lukash">
		<text>Lukash.</text>
	</string>
	<string id="mil_max">
		<text>Max.</text>
	</string>
	<string id="mil_put_flash_to_max">
		<text>Entregue o pendrive a Max.</text>
	</string>
	<string id="mil_kill_sniper">
		<text>Mate o sniper da torre.</text>
	</string>
	<string id="mil_quest_report_dolg">
		<text>Relatorio sobre a missao para a equipe Duty.</text>
	</string>
	<string id="mil_return_lukash">
		<text>Voltar para Lukash.</text>
	</string>
	<string id="mil_return_to_ugrumy">
		<text>Relatar para Murk sobre a missao.</text>
	</string>
	<string id="mil_return_to_voronin">
		<text>Levar o Bulldog 6 para o General Voronin.</text>
	</string>
	<string id="mil_rg6">
		<text>Encontrar o Bulldog 6.</text>
	</string>
	<string id="mil_secret">
		<text>Armazenamento dos Bandidos.</text>
	</string>
	<string id="mil_sniper">
		<text>Sniper.</text>
	</string>
	<string id="mil_mad_job">
		<text>Pegar o pendrive do sniper maluco.</text>
	</string>
	<string id="mil_talk_cook">
		<text>Falar com o Chef.</text>
	</string>
	<string id="mil_talk_with_cap">
		<text>Falar com Cap, o comandante do posto de Freedom.</text>
	</string>
	<string id="mil_test_task_phase1">
		<text>Entrar no restritor 1.</text>
	</string>
	<string id="mil_test_task_phase2">
		<text>Entrar no restritor 2.</text>
	</string>
	<string id="mil_test_task_phase3">
		<text>Levantar o Bulldog 6 para o ar se a missao for concluida, ou TRs 301 no caso de fracassada.</text>
	</string>
	<string id="mil_test_task_title">
		<text>Missao de teste.</text>
	</string>
	<string id="mil_ugrumy">
		<text>Murk.</text>
	</string>
	<string id="mil_lukash_job">
		<text>Destruir a companhia Duty.</text>
	</string>