	<string id="gar_car_graveyard_quest">
		<text>Atenda ao pedido de ajuda</text>
	</string>
	<string id="gar_defend_garbage">
		<text>Afaste o ataque dos bandidos</text>
	</string>
	<string id="gar_dialog_hellcar">
		<text>Ofereca sua ajuda ao lider do esquadrao neutro</text>
	</string>
	<string id="gar_dialog_hellcar_1">
		<text>Ofereca sua ajuda a Bes</text>
	</string>
	<string id="gar_hellcar_alive">
		<text>Converse com Bes</text>
	</string>
	<string id="gar_help_dymon">
		<text>Afaste o ataque dos bandidos</text>
	</string>
	<string id="gar_help_tunnel_newbie">
		<text>Ajude o novato no Lixao</text>
	</string>
	<string id="gar_kill_bandits">
		<text>Afaste o ataque dos bandidos</text>
	</string>
	<string id="gar_kill_boars">
		<text>Ajude o posto de controle do Duty</text>
	</string>
	<string id="gar_kill_boars_1">
		<text>Mate os javalis</text>
	</string>
	<string id="gar_kill_boars_2">
		<text>Converse com o comandante do Duty</text>
	</string>
	<string id="gar_kill_boars_descr">
		<text>Duty: "Oi, aqui fala a faccao Duty do Lixao. Uma onda de mutantes esta vindo do Vale Sombrio em direcao ao Bar. Matamos tres deles, mas o resto dos caras recuou. Acredito que vao voltar a qualquer momento com reforcos. Somos poucos e um cano extra nao faria mal. Se voce nos ajudar a destruir os reforcos deles, retribuiremos o favor."</text>
	</string>
	<string id="gar_kill_boars_main">
		<text>Missao para chegar ao Bar</text>
	</string>
	<string id="garbage_meet_stalker_1">
		<text>Descubra mais sobre Strelok com Seriy</text>
	</string>
	<string id="graveyard_raid_text">
		<text>Bes: "A escoria dos bandidos esta tentando tomar o controle do Lixao. Tivemos uma briga aqui ha meia hora. Matamos tres deles. O resto recuou, mas tenho a sensacao de que vao voltar a qualquer momento com reforcos. Estamos em menor numero e um cano extra seria bem-vindo. Se voce nos ajudar a destruir os reforcos, retribuirei o favor."</text>
	</string>
	<string id="help_for_neitrals_text">
		<text>Houve um tiroteio no cemiterio de veiculos abandonados entre forcas neutras e bandidos. Os neutros conseguiram repelir os bandidos, mas estao pedindo ajuda</text>
	</string>