	<string id="agr_find_ghost">
		<text>Descubra o que aconteceu com Ghost</text>
	</string>
	<string id="agr_gunslinger_cache">
		<text>Esconderijo de Strelok</text>
	</string>
	<string id="agr_help_krot">
		<text>Ajude Mole</text>
	</string>
	<string id="agr_help_krot_0">
		<text>Ajudar Mole a enfrentar os soldados</text>
	</string>
	<string id="agr_help_krot_1">
		<text>Elimine os soldados</text>
	</string>
	<string id="agr_help_krot_2">
		<text>Salve Mole</text>
	</string>
	<string id="agr_help_stalkers">
		<text>Ajude os stalkers</text>
	</string>
	<string id="agr_help_stalkers_0">
		<text>Ajudar os stalkers a enfrentar os soldados</text>
	</string>
	<string id="agr_help_stalkers_1">
		<text>Elimine os soldados</text>
	</string>
	<string id="agr_help_stalkers_2">
		<text>Ajudar os stalkers a enfrentar os soldados</text>
	</string>
	<string id="agr_krot">
		<text>Encontre os stalkers</text>
	</string>
	<string id="agr_meet_krot_band">
		<text>Obtenha informacao sobre Strelok</text>
	</string>
	<string id="agr_meet_krot_band_0">
		<text>Obtenha informacao de Mole</text>
	</string>
	<string id="agr_meet_krot_band_1">
		<text>Encontre o grupo de Mole</text>
	</string>
	<string id="agr_meet_krot_band_2">
		<text>Pegue informacao de Mole</text>
	</string>
	<string id="agroprom_find_gunslinger_cache">
		<text>Encontre o esconderijo do grupo de Strelok</text>
	</string>
	<string id="agroprom_find_gunslinger_cache_0">
		<text>Encontre o esconderijo do grupo de Strelok</text>
	</string>
	<string id="agroprom_find_gunslinger_cache_1">
		<text>Encontre o esconderijo</text>
	</string>
	<string id="agroprom_find_gunslinger_cache_2">
		<text>Encontre informacao sobre Strelok no esconderijo</text>
	</string>
	<string id="agroprom_find_gunslinger_cache_3">
		<text>Encontre a saida do Agroprom Subsolo</text>
	</string>
	<string id="agroprom_find_stalker_phantom">
		<text>Encontre Ghost</text>
	</string>
	<string id="agroprom_find_stalker_phantom_0">
		<text>Ghost sabe onde Strelok esta</text>
	</string>
	<string id="agroprom_get_military_documents">
		<text>Encontre os documentos dos militares</text>
	</string>
	<string id="agroprom_get_military_documents_0">
		<text>Instituto de Pesquisa Agroprom</text>
	</string>
	<string id="agroprom_get_military_documents_1">
		<text>Roube os documentos dos militares</text>
	</string>
	<string id="agroprom_get_military_documents_2">
		<text>Leve os documentos para o Barkeep</text>
	</string>