	<string id="agr_captains_chamber_hint">
		<text>Arsenal do capitao</text>
	</string>
	<string id="agr_collector_entrance_hint">
		<text>Entrada para as catacumbas</text>
	</string>
	<string id="agr_factory_hint">
		<text>Fabrica</text>
	</string>
	<string id="agr_find_gunslinger_cache_hint">
		<text>Encontre o esconderijo de Strelok nas catacumbas</text>
	</string>
	<string id="agr_give_case_to_barman_hint">
		<text>Entregue os documentos ao Barman</text>
	</string>
	<string id="agr_help_krot_hint">
		<text>Ajude Mole</text>
	</string>
	<string id="agr_help_stalkers_hint">
		<text>Ajude os Stalkers</text>
	</string>
	<string id="agr_meet_krot_hint">
		<text>Encontre Mole</text>
	</string>
	<string id="agr_nii_hint">
		<text>Instituto de Pesquisa Agroprom. Base militar</text>
	</string>
	<string id="agr_swamp_hint">
		<text>Refugio seguro</text>
	</string>
	<string id="agr_take_case_hint">
		<text>Roube os documentos</text>
	</string>
	<string id="agr_take_krots_info_hint">
		<text>Obtenha informacoes sobre o esconderijo com Mole</text>
	</string>
	<string id="agr_zaz_hint">
		<text>Zaporozhets</text>
	</string>