	<string id="rad_barman_spam">
		<text>Marcado!? Voce esta vivo!? Otimo! Entao voce conseguiu desligar o Desintegrador Psiquico, nao? Todos estao tentando chegar ao centro da Zona atravessando Prypiat. Ninguem sabe o que ha la... talvez um tesouro de artefatos ou quem sabe algo que realize todos os desejos.\n Ha um grupo de veteranos se preparando para ir la agora mesmo. Se voce se apressar, pode conseguir chegar a tempo de se juntar a eles. Vou avisa-los que voce esta vindo, assim eles vao esperar por voce.</text>
	</string>
	<string id="tips_bun_komand">
		<text>Equipes um e dois - verifiquem o primeiro andar, equipe tres - salao principal, equipes quatro e cinco - verifiquem o segundo andar.</text>
	</string>
	<string id="tips_rad_sos_suicide">
		<text>...me ajude, estou morrendo...</text>
	</string>
	<string id="tips_rad_switcher_press">
		<text>Para desligar a maquina, pressione ($$ACTION_USE$$)</text>
	</string>