<?xml version="1.0" encoding="windows-1251" ?>
<string_table>
	<string id="bar_rostok">
		<text>Territorio Selvagem - Rostok</text>
	</string>
	<string id="car_character_use">
		<text>Abrir a porta ($$ACTION_USE$$)</text>
	</string>
	<string id="character_use">
		<text>Conversar ($$ACTION_USE$$)</text>
	</string>
	<string id="dead_character_use_or_drag">
		<text>Revistar corpo ($$ACTION_USE$$) \n Arrastar corpo (SHIFT+$$ACTION_USE$$)</text>
	</string>
	<string id="dead_character_use">
		<text>Revistar corpo ($$ACTION_USE$$)</text>
	</string>
	<string id="general_complete_task">
		<text>Missao concluida:</text>
	</string>
	<string id="general_fail_task">
		<text>Missao fracassada:</text>
	</string>
	<string id="general_help">
		<text>Rapido, preciso de um kit medico! Estou morrendo aqui!</text>
	</string>
	<string id="general_in_item">
		<text>Item recebido:</text>
	</string>
	<string id="general_in_money">
		<text>Dinheiro recebido:</text>
	</string>
	<string id="general_new_diary">
		<text>Nova entrada no diario.</text>
	</string>
	<string id="general_new_encyclopedy">
		<text>Novo artigo na enciclopedia.</text>
	</string>
	<string id="general_new_task">
		<text>Nova missao:</text>
	</string>
	<string id="general_out_item">
		<text>Item perdido:</text>
	</string>
	<string id="general_out_money">
		<text>Dinheiro perdido:</text>
	</string>
	<string id="general_update_task">
		<text>Missao atualizada:</text>
	</string>
	<string id="physic_shell_use">
		<text>Mover objeto ($$ACTION_USE$$)</text>
	</string>
	<string id="st_codelock">
		<text>Fechadura numerica ($$ACTION_USE$$)</text>
	</string>
	<string id="to_aes">
		<text>Para Usina Nuclear de Chernobyl</text>
	</string>
	<string id="to_agroprom">
		<text>Para o Instituto de Pesquisa Agroprom</text>
	</string>
	<string id="to_agroprom_underground">
		<text>Para o Agroprom Subsolo</text>
	</string>
	<string id="to_bar">
		<text>Para Rostok</text>
	</string>
	<string id="to_darkvalley">
		<text>Para o Vale Sombrio</text>
	</string>
	<string id="to_escape">
		<text>Para o Cordon</text>
	</string>
	<string id="to_garbage">
		<text>Para o Lixao</text>
	</string>
	<string id="to_military">
		<text>Para o Armazens militares</text>
	</string>
	<string id="to_pripyat">
		<text>Para Pripyat</text>
	</string>
	<string id="to_radar">
		<text>Para o Desintegrador Psiquico</text>
	</string>
	<string id="to_rostok">
		<text>Para o Territorio Selvagem</text>
	</string>
	<string id="to_yantar">
		<text>Para Yantar</text>
	</string>
	<string id="st_helmet_countdown">
		<text>Desativacao da protecao</text>
	</string>
	<string id="st_psy_danger">
		<text>Nivel critico de emissao psiquica. Deixe a area perigosa imediatamente.</text>
	</string>
	<string id="st_radiation_danger">
		<text>Nivel perigoso de radiacao. Protecao necessaria para prosseguir.</text>
	</string>
	<string id="st_found_new_pda">
		<text>Informacao encontrada:</text>
	</string>
</string_table>