	<string id="bar_bring_hunter_rifle">
		<text>Devolva o rifle para a familia do cacador</text>
	</string>
	<string id="bar_bring_PDA_lucky">
		<text>Leve o PDA do lider para o Barkeep</text>
	</string>
	<string id="bar_crazy_veterans_quest">
		<text>Elimine os veteranos malucos</text>
	</string>
	<string id="bar_dolg_base_rules">
		<text>Registre-se com o comandante da guarda Duty</text>
	</string>
	<string id="bar_dolg_base_rules_fin">
		<text>Volte para o Barkeep</text>
	</string>
	<string id="bar_dolg_base_rules_talk">
		<text>Encontre o comandante da guarda Duty e registre-se</text>
	</string>
	<string id="bar_dolg_bring_rg6">
		<text>Consiga um Bulldog 6 para o General Voronin</text>
	</string>
	<string id="bar_dolg_community_quest">
		<text>Junte-se a faccao Duty</text>
	</string>
	<string id="bar_dolg_community_quest_prisyaga">
		<text>Jure lealdade</text>
	</string>
	<string id="bar_dolg_community_quest_recomendation">
		<text>Consiga uma recomendacao do Capitao Ivantsov</text>
	</string>
	<string id="bar_dolg_community_quest_vernost">
		<text>Prove sua lealdade ao Duty</text>
	</string>
	<string id="bar_dolg_find_cook">
		<text>Ganhe a confianca do cozinheiro da Freedom e descubra onde o Bulldog 6 esta guardado</text>
	</string>
	<string id="bar_dolg_find_rg6">
		<text>Infiltre-se na base da Freedom, encontre e roube um Bulldog 6</text>
	</string>
	<string id="bar_dolg_info_gain">
		<text>Encontre a informacao interceptada sobre o Lab X-18</text>
	</string>
	<string id="bar_dolg_kill_tiran">
		<text>Elimine Tyran, o lider da equipe</text>
	</string>
	<string id="bar_dolg_return_info">
		<text>Leve a informacao sobre o Lab X-18 para o General Voronin</text>
	</string>
	<string id="bar_dolg_return_rg6">
		<text>Leve o Bulldog 6 para o General Voronin</text>
	</string>
	<string id="bar_dolg_rg6_quest">
		<text>Missao necessaria para entrar no Duty</text>
	</string>
	<string id="bar_dolg_svoboda_ambush_quest">
		<text>Elimine os Mercs</text>
	</string>
	<string id="bar_dolg_svoboda_ambush_return">
		<text>De as faixas para o General Voronin</text>
	</string>
	<string id="bar_dolg_tiran_PDA">
		<text>Pegue o PDA do Tyran</text>
	</string>
	<string id="bar_hunter_find_rifle">
		<text>Encontre o rifle da familia</text>
	</string>
	<string id="bar_hunter_return_rifle">
		<text>Devolva o rifle para o cacador no Bar</text>
	</string>
	<string id="bar_hunter_rifle">
		<text>Encontre o rifle da familia</text>
	</string>
	<string id="bar_kill_crazy_veterans">
		<text>Elimine o lider dos veteranos</text>
	</string>
	<string id="bar_kill_crazy_veterans_PDA">
		<text>Pegue o PDA do lider deles</text>
	</string>
	<string id="bar_kill_veterans">
		<text>Destruia o acampamento dos veteranos malucos</text>
	</string>
	<string id="bar_radar_deactivate">
		<text>Desative o Desintegrador Psiquico</text>
	</string>
	<string id="bar_resque_information">
		<text>Encontre Kruglov</text>
	</string>
	<string id="bar_resque_information_2">
		<text>Leve Kruglov para Yantar</text>
	</string>
	<string id="bar_resque_scientific_follow">
		<text>Leve Kruglov ate a saida para Yantar</text>
	</string>
	<string id="bar_resque_scientific_information">
		<text>...</text>
	</string>
	<string id="bar_resque_scientific_information_bring">
		<text>Fale com Kruglov</text>
	</string>
	<string id="bar_resque_scientific_information_get">
		<text>Converse com Kruglov</text>
	</string>
	<string id="bar_resque_scientific_information_get_2">
		<text>Fale com o professor Kruglov</text>
	</string>
	<string id="bar_x16_documents">
		<text>Encontre os documentos no Lab X-16</text>
	</string>
	<string id="bring_x16_documents">
		<text>Leve os documentos para o Barkeep</text>
	</string>
	<string id="deactivate_radar_now">
		<text>Desative a maquina</text>
	</string>
	<string id="find_and_deactivate_radar">
		<text>Encontre a entrada para o bunker de controle</text>
	</string>
	<string id="get_to_antennas">
		<text>Chegue ate as antenas</text>
	</string>
	<string id="Kruglov_research">
		<text>Pesquisa de Kruglov</text>
	</string>
	<string id="look_for_x16_lab">
		<text>Encontre os documentos do Lab X-16</text>
	</string>
	<string id="wpn-winchester_m1">
		<text>Combat Chaser</text>
	</string>
	<string id="x16_yantar">
		<text>Fale com os cientistas</text>
	</string>