	<string id="pripyat_task_objective_1">
		<text>Siga o grupo de stalkers</text>
	</string>
	<string id="pripyat_task_objective_2">
		<text>Encontre o caminho para a Usina Nuclear de Chernobyl</text>
	</string>
	<string id="pripyat_task_title">
		<text>Encontre o grupo de stalkers</text>
	</string>
	<string id="rad_antenna">
		<text>Antenas</text>
	</string>
	<string id="rad_get_to_aes">
		<text>Chegue na usina</text>
	</string>
	<string id="rad_get_to_aes_0">
		<text>Entre na usina</text>
	</string>
	<string id="rad_get_to_aes_1">
		<text>Encontre a entrada para o sarcofago</text>
	</string>