	<string id="tips_agr_krot_sos">
		<text>Socorro! Se alguem puder me ouvir! Os militares nos encurralaram na fabrica!</text>
	</string>
	<string id="tips_agr_krot_sos1">
		<text>Os bandidos me pegaram no patio. Socorro!</text>
	</string>
	<string id="tips_agr_krot_sos2">
		<text>Todos os meus homens estao mortos!</text>
	</string>
	<string id="tips_agr_stalker_help_1">
		<text>.....</text>
	</string>
	<string id="tips_agr_stalker_help_2">
		<text>.....</text>
	</string>
	<string id="tips_agr_trader_documents">
		<text>Sai daqui, Marcado. Voce nao vai passar pelos desgracados do exercito sem lutar. Falei de voce pro Barkeep. Ele vai fazer um acordo com Duty e eles vao te deixar passar.</text>
	</string>
	<string id="tips_captain_name">
		<text>Capitao Maximenko</text>
	</string>
	<string id="ghost_tips">
		<text>Strelok, tenho mais noticias. Fang morreu. Nao consegui te encontrar. Pena que voce foi pro centro sozinho. Foi sua escolha, no entanto. Sei onde te procurar e quem perguntar. Ghost.</text>
	</string>