<?xml version="1.0" encoding="windows-1251" ?>
<string_table>
	<string id="btr-70">
		<text>BTR-70</text>
	</string>
	<string id="enc_vehicles_btr-70">
		<text>Veiculo blindado de transporte de pessoal.</text>
	</string>
	<string id="enc_vehicles_kamaz">
		<text>Caminhao sovietico usado frequentemente nas estradas.</text>
	</string>
	<string id="enc_vehicles_mi-24">
		<text>Helicoptero de assalto militar, utilizado em missao de combate.</text>
	</string>
	<string id="enc_vehicles_niva">
		<text>Veiculo off-road, ideal para explorar terrenos irregulares.</text>
	</string>
	<string id="enc_vehicles_uaz">
		<text>Jipe utilizado pelas forcas armadas sovieticas.</text>
	</string>
	<string id="enc_vehicles_zaporozh">
		<text>Carro compacto de origem sovietica.</text>
	</string>
	<string id="Kamaz">
		<text>Caminhao Kamaz</text>
	</string>
	<string id="mi-24">
		<text>Helicoptero Mi-24</text>
	</string>
	<string id="Niva">
		<text>Niva</text>
	</string>
	<string id="Uaz">
		<text>UAZ</text>
	</string>
	<string id="Vehicles">
		<text>Veiculos</text>
	</string>
	<string id="Zaporozh">
		<text>Zaporozhets</text>
	</string>
</string_table>