	<string id="general_ecolog_tip_1">
		<text>O que aconteceu? Ele esta morto? Volte imediatamente!</text>
	</string>
	<string id="general_ecolog_tip_2">
		<text>O que aconteceu? Ele esta morto? Pegue as amostras e volte imediatamente!</text>
	</string>
	<string id="storyline_ghost_tip">
		<text>Gravacao de audio do Ghost.</text>
	</string>
	<string id="storyline_vasilyev_tip">
		<text>Gravacao de audio do Vasiliev.</text>
	</string>
	<string id="tips_labx16switcher_press">
		<text>Para desligar a maquina milagrosa, pressione ($$ACTION_USE$$).</text>
	</string>
	<string id="yan_saharov_message">
		<text>Bom trabalho, Marcado, voce conseguiu. E extremamente importante que estudemos a maquina no Lab X-16. Tente desligar ela para podermos examinar.</text>
	</string>
	<string id="yan_saharov_message_2">
		<text>Escute, esse prototipo nao vai te proteger de emissoes poderosas por muito tempo. Eu esperava por isso, por isso, toda vez que uma emissao for detectada, um temporizador sera ativado. Quando o tempo acabar, o prototipo nao vai mais te proteger, entao fique esperto e observe o tempo.</text>
	</string>
	<string id="yan_saharov_message_3">
		<text>Excelente trabalho, Marcado. A emissao foi desligada e voce ainda esta vivo. Preciso te avisar, no entanto. Chamamos alguns helicopteros militares para limpar a area de zumbis. Melhor nao ficar vagando por ai, a menos que seja realmente necessario. Ah, e a proposito, apareca no nosso bunker de vez em quando, certo?</text>
	</string>