<?xml version="1.0" encoding="windows-1251" ?>
<string_table>
	<string id="Antirad">
		<text>Medicamentos para reduzir os efeitos da radiacao</text>
	</string>
	<string id="Arm-heavy">
		<text>Equipamento de protecao pesado para stalker</text>
	</string>
	<string id="Arm-light">
		<text>Equipamento de protecao leve para stalker</text>
	</string>
	<string id="Arm-medium">
		<text>Equipamento de protecao medio para stalker</text>
	</string>
	<string id="bandage">
		<text>Curativos para curar ferimentos</text>
	</string>
	<string id="Binocul">
		<text>Binoculares para observacao a longa distancia</text>
	</string>
	<string id="Bread">
		<text>Pao</text>
	</string>
	<string id="cit_deadcity_maps_desc">
		<text>Mapa detalhado da Cidade Morta, incluindo a localizacao dos Mercs</text>
	</string>
	<string id="cit_deadcity_maps_name">
		<text>Mapa da Cidade Morta</text>
	</string>
	<string id="cit_doctors_key_desc">
		<text>Chave do medico para acessar um esconderijo secreto em Pripyat</text>
	</string>
	<string id="cit_doctors_key_short_desc">
		<text>Chave do medico</text>
	</string>
	<string id="Conserva">
		<text>Comida enlatada</text>
	</string>
	<string id="Detect1">
		<text>Detector de anomalias (DA-2)</text>
	</string>
	<string id="Devic">
		<text>Instrumentos e equipamentos diversos</text>
	</string>
	<string id="device-PDA">
		<text>PDA - Assistente digital pessoal</text>
	</string>
	<string id="device-torch">
		<text>Lanterna</text>
	</string>
	<string id="enc_equipment_armors_arm-heavy">
		<text>Traje de protecao. Peso: 18kg. Protege contra Agua-viva, Fuz queimado, diversas anomalias e danos fisicos. Inclui placas biometalicas no torso e costas. Vem com capacete plastico reforcado e dois cilindros de oxigenio. Nota: O traje se desgasta com o tempo e pode se tornar inutilizavel.</text>
	</string>
	<string id="enc_equipment_armors_arm-light">
		<text>Traje de protecao. Peso: 8kg. Protege contra anomalias fracas e danos fisicos. Inclui mascara de oxigenio. Nota: O traje se desgasta com o tempo e pode se tornar inutilizavel.</text>
	</string>
	<string id="enc_equipment_armors_arm-medium">
		<text>Traje de protecao. Peso: 12kg. Protege contra Agua-viva, Fuz queimado, muitas anomalias e danos fisicos. Inclui capacete hermetico e cilindro de oxigenio. Nota: O traje se desgasta com o tempo e pode se tornar inutilizavel.</text>
	</string>
	<string id="enc_equipment_armors_sci2">
		<text>Traje S.C.A.P.E. vermelho com capacete hermetico. Peso: 11kg. Protege contra fogo, acido, gas toxico, anomalias, Fuz queimado e danos fisicos. Inclui dois cilindros de oxigenio. Nota: O traje se desgasta com o tempo e pode se tornar inutilizavel.</text>
	</string>
	<string id="enc_equipment_devic_binocul1">
		<text>Binoculares militares de campo</text>
	</string>
	<string id="enc_equipment_devic_detect1">
		<text>Dispositivo para detectar anomalias e distorcoes. Alerta sonoro ao detectar uma anomalia. Deve ser preso ao cinto e ligado para funcionar corretamente.</text>
	</string>
	<string id="enc_equipment_devic_device-PDA1">
		<text>PDA - Assistente digital pessoal essencial na Zona.</text>
	</string>
	<string id="enc_equipment_devic_device-torch1">
		<text>Lanterna potente, ideal para areas com pouca iluminacao.</text>
	</string>
	<string id="enc_equipment_devic_device-torch1_m1">
		<text>Lanterna potente. Tempo de recarga reduzido devido a um transformador modernizado.</text>
	</string>
	<string id="enc_equipment_energydrink">
		<text>Bebida energetica com cafeina, taurina e vitaminas. Ideal para recuperar energias rapidamente!</text>
	</string>
	<string id="enc_equipment_food_bread1">
		<text>Pao nao contaminado. Aparentemente e seguro, apesar de nao se saber quem o assou na Zona.</text>
	</string>
	<string id="enc_equipment_food_conserva1">
		<text>Comida enlatada de um armazem militar saqueado. O prazo de validade ainda nao expirou.</text>
	</string>
	<string id="enc_equipment_food_kolbasa1">
		<text>Salsicha diet feita de frango e soja. Comum como refeicao principal dos stalkers devido a falta de outras opcoes.</text>
	</string>
	<string id="enc_equipment_food_vodka1">
		<text>Vodka fabricada pela GSC. Reduz os efeitos da radiacao, mas deve ser consumida com moderacao.</text>
	</string>
	<string id="enc_equipment_medi_antirad1">
		<text>Reduz os efeitos da radiacao.</text>
	</string>
	<string id="enc_equipment_medi_bandage1">
		<text>Curativos para estancar sangramentos.</text>
	</string>
	<string id="enc_equipment_medi_medkit1">
		<text>Kit medico multiuso para tratar diversos tipos de ferimentos, como cortes, queimaduras, envenenamentos, entre outros.</text>
	</string>
	<string id="enc_equipment_medi_medkit2">
		<text>Kit medico especializado para tratar danos fisicos e perda de sangue. Inclui coagulante sanguineo, antibioticos, imunologicos e analgesicos.</text>
	</string>
	<string id="enc_equipment_medi_medkit3">
		<text>Kit medico projetado para a Zona. Inclui materiais para curar feridas e eliminar radionucleotideos do corpo. Previne doencas por radiacao e reduz a dose acumulada de radiacao.</text>
	</string>
	<string id="energy_drink_name">
		<text>Bebida energetica</text>
	</string>
	<string id="energy_drink_short_name">
		<text>Energetico</text>
	</string>
	<string id="Equipment">
		<text>Equipamentos e alimentos</text>
	</string>
	<string id="Food">
		<text>Alimentos</text>
	</string>
	<string id="Kolbasa">
		<text>Salsicha diet</text>
	</string>
	<string id="Medi">
		<text>Medicamentos</text>
	</string>
	<string id="Medkit">
		<text>Kit medico</text>
	</string>
	<string id="Medkit_army">
		<text>Kit de primeiros socorros militar</text>
	</string>
	<string id="Medkit_scientific">
		<text>Kit de primeiros socorros cientifico</text>
	</string>
	<string id="Sci2">
		<text>Equipamento Cientifico EXP-4</text>
	</string>
	<string id="Vodka">
		<text>Vodka dos Cossacos</text>
	</string>
	<string id="st_detector">
		<text>Detector de anomalias</text>
	</string>
	<string id="st_detector_descr">
		<text>Utilizado para detectar zonas anormais e focos de contaminacao radioativa.</text>
	</string>
	<string id="st_grenade_gd5">
		<text>Granada de fumaca</text>
	</string>
</string_table>