	<string id="gar_actor_looser">
		<text>Voce e uma porcaria, Marcado. Totalmente inutil! Nao espere gratidao, nao ha nada para te agradecer!</text>
	</string>
	<string id="gar_actor_normal">
		<text>Nada mal, stalker! Voce matou alguns mutantes, mas nao e tao rapido no gatilho, nao e? Se quiser passar, vai ter que pagar um pouco.</text>
	</string>
	<string id="gar_actor_winner">
		<text>Excelente, Marcado, voce realmente nos ajudou ali. Acho que isso ja e pagamento o suficiente pelo seu passe. Vai para o Bar.</text>
	</string>
	<string id="gar_direction_fire">
		<text>Deixe-os se aproximarem, assim ninguem conseguira escapar. Eu atiro primeiro, voce segue meu exemplo.</text>
	</string>
	<string id="gar_dolg_blokpost_warning">
		<text>Voce esta em territorio Duty, stalker. Lutas nao sao toleradas aqui.</text>
	</string>
	<string id="gar_dolg_monster_rush">
		<text>Atencao! Este e o posto de controle Duty. Uma horda de mutantes esta vindo do Vale Sombrio em direcao ao Bar. Quem ajudar a parar os monstros nao vai se arrepender.</text>
	</string>
	<string id="gar_dolg_warning">
		<text>Voce esta em territorio Duty, stalker. Comece a bagunca e vai ter que comer com um canudo pelo resto da sua vida.</text>
	</string>
	<string id="gar_hellcar_victory">
		<text>Bom trabalho, pessoal, pegamos todos. Voces, rapazes, podem descansar agora. Voce, stalker, venha aqui. Vamos conversar.</text>
	</string>
	<string id="tips_gar_hellcar_alarm">
		<text>Pessoal, este e o comandante de um grupo neutro. Expulsamos os bandidos do parque de veiculos abandonados, mas eles provavelmente vao tentar retomar o local. Estamos com poucos homens, entao, se quiser ajudar, guardamos um lugar para voce.</text>
	</string>