<?xml version="1.0" encoding="windows-1251" ?>
<string_table>
	<string id="svoboda_outfit_name_m1">
		<text>Kombez Freedom M2</text>
	</string>
	<string id="team_1_desc">
		<text>Os anarquistas da Zona. Eles acreditam que a Zona e um refugio de liberdade, onde as leis, regras e tradicoes do mundo exterior nao se aplicam. O lema deles e "Faca o que quiser e deixe os outros fazerem o mesmo". Eles tentam evitar que o governo controle a Zona, e lutam contra os Mercs. Os membros da Freedom usam principalmente armas sovieticas e russas.</text>
	</string>
	<string id="team_1_name">
		<text>Faccao Freedom (Stalkers livres)</text>
	</string>
	<string id="team_2_desc">
		<text>Vagabundos e facinorosos de todo o mundo, nada os impede. O lema deles e "Pecunia non olet - O dinheiro nao tem cheiro". Eles sabem que existem artefatos aqui, e por isso o dinheiro vai aparecer. Os Mercs usam principalmente armas ocidentais.</text>
	</string>
	<string id="team_2_name">
		<text>Faccao Merc (Cacadores de recompensas)</text>
	</string>
</string_table>