<?xml version="1.0" encoding="windows-1251" ?>
<string_table>
	<string id="mp_art_destroyed">
		<text>Artefato destruido.</text>
	</string>
	<string id="mp_art_spowned">
		<text>Artefato apareceu. Leve para a base para pontuar.</text>
	</string>
	<string id="mp_artefacts">
		<text>Artefatos</text>
	</string>
	<string id="mp_artefacts_upcase">
		<text>ARTEFATOS</text>
	</string>
	<string id="mp_auto_select">
		<text>Selecao automatica</text>
	</string>
	<string id="mp_back">
		<text>Voltar</text>
	</string>
	<string id="mp_ban">
		<text>Banir</text>
	</string>
	<string id="mp_by_anomaly">
		<text>por anomalia</text>
	</string>
	<string id="mp_cancel">
		<text>Cancelar</text>
	</string>
	<string id="mp_change_map">
		<text>Mudar mapa</text>
	</string>
	<string id="mp_change_weather">
		<text>Mudar clima</text>
	</string>
	<string id="mp_chat">
		<text>Chat</text>
	</string>
	<string id="mp_connected">
		<text>conectado</text>
	</string>
	<string id="mp_deaths">
		<text>mortes</text>
	</string>
	<string id="mp_description">
		<text>Descricao</text>
	</string>
	<string id="mp_disconnected">
		<text>desconectado</text>
	</string>
	<string id="mp_enter_text">
		<text>Digite o texto para o voto</text>
	</string>
	<string id="mp_entered_game">
		<text>entrou no jogo</text>
	</string>
	<string id="mp_first_eye">
		<text>(Visao em primeira pessoa)</text>
	</string>
	<string id="mp_frags">
		<text>frags</text>
	</string>
	<string id="mp_frags_upcase">
		<text>FRAGS</text>
	</string>
	<string id="mp_free_fly">
		<text>(Camera livre)</text>
	</string>
	<string id="mp_free_look">
		<text>(Visao em terceira pessoa)</text>
	</string>
	<string id="mp_from">
		<text>com</text>
	</string>
	<string id="mp_go">
		<text>VAI!</text>
	</string>
	<string id="mp_has_drop_art">
		<text>deixou %s Artefato</text>
	</string>
	<string id="mp_has_tak_art">
		<text>pegou %s Artefato</text>
	</string>
	<string id="mp_headhuntrs">
		<text>Mercenarios</text>
	</string>
	<string id="mp_is_now">
		<text>agora esta</text>
	</string>
	<string id="mp_joined">
		<text>entrou</text>
	</string>
	<string id="mp_kick">
		<text>Expulsar</text>
	</string>
	<string id="mp_look_at">
		<text>(Visao livre)</text>
	</string>
	<string id="mp_map_desc">
		<text>Descricao do mapa</text>
	</string>
	<string id="mp_match_started">
		<text>Partida iniciada!</text>
	</string>
	<string id="mp_modes">
		<text>Modos</text>
	</string>
	<string id="mp_name">
		<text>nome</text>
	</string>
	<string id="mp_next">
		<text>Proximo</text>
	</string>
	<string id="mp_no_voted">
		<text>Nao votou</text>
	</string>
	<string id="mp_ping">
		<text>ping</text>
	</string>
	<string id="mp_player_wins">
		<text>Jogador %s venceu a partida!</text>
	</string>
	<string id="mp_players">
		<text>Jogadores</text>
	</string>
	<string id="mp_press_fire2spectator">
		<text>Pressione Fogo para mudar para modo Espectador</text>
	</string>
	<string id="mp_press_jump2pay_spaw">
		<text>Pressione Pular para comprar respawn instantaneo</text>
	</string>
	<string id="mp_press_jump2select_skin">
		<text>Pressione Pular para selecionar skin</text>
	</string>
	<string id="mp_press_jump2select_team">
		<text>Pressione Pular para selecionar equipes</text>
	</string>
	<string id="mp_press_jump2spawn">
		<text>Pressione Pular para nascer</text>
	</string>
	<string id="mp_press_jump2start">
		<text>Pressione Pular para comecar</text>
	</string>
	<string id="mp_press_to_buy">
		<text>Pressione ($$ACTION_BUY_MENU$$) para acessar menu de compras</text>
	</string>
	<string id="mp_press_yes2pay">
		<text>Voce tem %d$. Pode respawnar por %d$. Clique em Sim para pagar.</text>
	</string>
	<string id="mp_ready">
		<text>Pronto...</text>
	</string>
	<string id="mp_restart">
		<text>Reiniciar</text>
	</string>
	<string id="mp_restart_fast">
		<text>Reiniciar rapido</text>
	</string>
	<string id="mp_scores">
		<text>marcou um ponto</text>
	</string>
	<string id="mp_select_ban">
		<text>Selecione o jogador para banir por voto</text>
	</string>
	<string id="mp_select_category">
		<text>Selecione a categoria de voto</text>
	</string>
	<string id="mp_select_kick">
		<text>Selecione o jogador para expulsar por voto</text>
	</string>
	<string id="mp_select_kick_player">
		<text>Selecione jogador para expulsar por voto</text>
	</string>
	<string id="mp_select_map">
		<text>Selecione mapa para votar</text>
	</string>
	<string id="mp_skin_selection">
		<text>Selecao de skin</text>
	</string>
	<string id="mp_spectator">
		<text>Espectador</text>
	</string>
	<string id="mp_spectators">
		<text>ESPECTADORES</text>
	</string>
	<string id="mp_status">
		<text>status</text>
	</string>
	<string id="mp_switched_to">
		<text>mudou para</text>
	</string>
	<string id="mp_team_free_stalkers">
		<text>Freedom</text>
	</string>
	<string id="mp_team_selection">
		<text>Selecao de equipe</text>
	</string>
	<string id="mp_team_wins">
		<text>Equipe %s VENCEU!</text>
	</string>
	<string id="mp_text">
		<text>Texto</text>
	</string>
	<string id="mp_time2respawn">
		<text>Tempo ate respawn</text>
	</string>
	<string id="mp_time2start">
		<text>Tempo ate comecar:</text>
	</string>
	<string id="mp_timeleft">
		<text>Tempo restante: %d:%d; Acordado %.2f</text>
	</string>
	<string id="mp_vote_no">
		<text>Nao</text>
	</string>
	<string id="mp_vote_yes">
		<text>Sim</text>
	</string>
	<string id="mp_voted">
		<text>votou</text>
	</string>
	<string id="mp_voted_no">
		<text>contra</text>
	</string>
	<string id="mp_voted_yes">
		<text>a favor</text>
	</string>
	<string id="mp_voting_broken">
		<text>Votacao cancelada pelo servidor!</text>
	</string>
	<string id="mp_voting_started">
		<text>Votacao '%s' iniciada por %s.</text>
	</string>
	<string id="mp_voting_started_msg">
		<text>Votacao iniciada!</text>
	</string>
	<string id="mp_weather_clear">
		<text>Ceu limpo</text>
	</string>
	<string id="mp_weather_cloudy">
		<text>Nublado</text>
	</string>
	<string id="mp_weather_night">
		<text>Noite</text>
	</string>
	<string id="mp_weather_rain">
		<text>Chuvoso</text>
	</string>
	<string id="mp_with_backstab">
		<text>Facada nas costas!!!</text>
	</string>
	<string id="mp_with_headshot">
		<text>Headshot!!!</text>
	</string>
	<string id="mp_your_rank">
		<text>Seu ranking agora e</text>
	</string>
	<string id="ui_st_description">
		<text>Descricao</text>
	</string>
	<string id="ui_st_team1_name">
		<text>Freedom</text>
	</string>
	<string id="ui_st_team2_name">
		<text>Mercenarios</text>
	</string>
	<string id="af_neutral">
		<text>Artefato</text>
	</string>
	<string id="self">
		<text>Voce</text>
	</string>
	<string id="friend">
		<text>Aliado</text>
	</string>
	<string id="team_base_1">
		<text>Base Freedom</text>
	</string>
	<string id="team_base_2">
		<text>Base Mercenarios</text>
	</string>
	<string id="mp_si_no">
		<text>Nao</text>
	</string>
	<string id="mp_si_yes">
		<text>Sim</text>
	</string>
	<string id="mp_si_min">
		<text>min</text>
	</string>
	<string id="mp_si_sec">
		<text>seg</text>
	</string>
	<string id="mp_si_maprotation">
		<text>Rotacao de Mapas</text>
	</string>
	<string id="mp_si_voting">
		<text>Votacao</text>
	</string>
	<string id="mp_si_enabled">
		<text>Ativado</text>
	</string>
	<string id="mp_si_disabled">
		<text>Desativado</text>
	</string>
	<string id="mp_si_spectatormodes">
		<text>Modos de Espectador:</text>
	</string>
	<string id="mp_si_servername">
		<text>Nome do Servidor:</text>
	</string>
	<string id="mp_si_version">
		<text>Versao:</text>
	</string>
	<string id="mp_si_free_fly">
		<text>- Voo Livre</text>
	</string>
	<string id="mp_si_first_eye">
		<text>- Primeira Pessoa</text>
	</string>
	<string id="mp_si_look_at">
		<text>- Terceira Pessoa</text>
	</string>
	<string id="mp_si_free_look">
		<text>- Olhar Livre</text>
	</string>
	<string id="mp_si_team_only">
		<text>- Somente Time</text>
	</string>
	<string id="mp_si_fraglimit">
		<text>Limite de Frags</text>
	</string>
	<string id="mp_si_time_limit">
		<text>Limite de Tempo</text>
	</string>
	<string id="mp_si_invinsibility_indicators">
		<text>- Indicadores</text>
	</string>
	<string id="mp_si_invinsibility_time">
		<text>- Tempo</text>
	</string>
		<string id="mp_si_invinsibility">
		<text>Invisibilidade:</text>
	</string>
	<string id="mp_si_anomalies">
		<text>Anomalias</text>
	</string>
	<string id="mp_si_anomalies_period">
		<text>Periodo de Anomalias</text>
	</string>
	<string id="mp_si_infinite">
		<text>Infinito</text>
	</string>
	<string id="mp_si_forcerespawn">
		<text>Respawn Forcado</text>
	</string>
	<string id="mp_si_warmuptime">
		<text>Tempo de Aquecimento</text>
	</string>
	<string id="mp_si_autoteam_balance">
		<text>Balanceamento Automatico de Time</text>
	</string>
	<string id="mp_si_autoteam_swap">
		<text>Troca Automatica de Time</text>
	</string>
	<string id="mp_si_friendly_indicators">
		<text>Indicadores de Aliados</text>
	</string>
	<string id="mp_si_friendly_names">
		<text>Nomes de Aliados</text>
	</string>
	<string id="mp_si_friendly_fire">
		<text>Fogo Amigo</text>
	</string>
	<string id="mp_si_artefacts">
		<text>Artefatos:</text>
	</string>
	<string id="mp_si_afcount">
		<text>- Contagem</text>
	</string>
	<string id="mp_si_afstaytime">
		<text>- Tempo de Permanencia</text>
	</string>
	<string id="mp_si_afrespawntime">
		<text>- Tempo de Respawn</text>
	</string>
	<string id="mp_si_players_respawn">
		<text>Respawn</text>
	</string>
	<string id="mp_si_artefact_captured">
		<text>Artefato capturado</text>
	</string>
	<string id="mp_si_any_time">
		<text>A qualquer momento</text>
	</string>
	<string id="mp_si_shielded_bases">
		<text>Bases Blindadas</text>
	</string>
	<string id="mp_si_return_players">
		<text>Jogadores retornados para as bases</text>
	</string>
	<string id="mp_si_afbearer_cant_sprint">
		<text>Sem sprint com artefato</text>
	</string>
</string_table>