<?xml version="1.0" encoding="windows-1251" ?>
<string_table>
	<string id="bar_rostok">
		<text>Wild Territory - Rostok</text>
	</string>
	<string id="car_character_use">
		<text>Open the door ($$ACTION_USE$$)</text>
	</string>
	<string id="character_use">
		<text>Talk ($$ACTION_USE$$)</text>
	</string>
	<string id="dead_character_use_or_drag">
		<text>Search body ($$ACTION_USE$$) \n Drag body (SHIFT+$$ACTION_USE$$)</text>
	</string>
	<string id="dead_character_use">
		<text>Search body ($$ACTION_USE$$)</text>
	</string>
	<string id="general_complete_task">
		<text>Task complete:</text>
	</string>
	<string id="general_fail_task">
		<text>Task failed:</text>
	</string>
	<string id="general_help">
		<text>Quick, I need a medkit! I'm dying here!</text>
	</string>
	<string id="general_in_item">
		<text>Item received:</text>
	</string>
	<string id="general_in_money">
		<text>Money received:</text>
	</string>
	<string id="general_new_diary">
		<text>New journal entry.</text>
	</string>
	<string id="general_new_encyclopedy">
		<text>New encyclopedia article.</text>
	</string>
	<string id="general_new_task">
		<text>New task:</text>
	</string>
	<string id="general_out_item">
		<text>Item lost:</text>
	</string>
	<string id="general_out_money">
		<text>Money lost:</text>
	</string>
	<string id="general_update_task">
		<text>Task updated:</text>
	</string>
	<string id="physic_shell_use">
		<text>Move object ($$ACTION_USE$$)</text>
	</string>
	<string id="st_codelock">
		<text>Combination lock ($$ACTION_USE$$)</text>
	</string>
	<string id="to_aes">
		<text>To Chernobyl NPP</text>
	</string>
	<string id="to_agroprom">
		<text>To Agroprom</text>
	</string>
	<string id="to_agroprom_underground">
		<text>To the catacombs</text>
	</string>
	<string id="to_bar">
		<text>To Rostok</text>
	</string>
	<string id="to_darkvalley">
		<text>To the Dark Valley</text>
	</string>
	<string id="to_escape">
		<text>To the Cordon</text>
	</string>
	<string id="to_garbage">
		<text>To the Garbage</text>
	</string>
	<string id="to_military">
		<text>To the warehouses</text>
	</string>
	<string id="to_pripyat">
		<text>To Pripyat</text>
	</string>
	<string id="to_radar">
		<text>To the Brain Scorcher</text>
	</string>
	<string id="to_rostok">
		<text>To the Wild Territory</text>
	</string>
	<string id="to_yantar">
		<text>To Yantar</text>
	</string>
	<string id="st_helmet_countdown">
		<text>Protection shutdown</text>
	</string>
	<string id="st_psy_danger">
		<text>Critical psi-emission level. Leave the dangerous zone immediately.</text>
	</string>
	<string id="st_radiation_danger">
		<text>Hazardous radiation level. Protection required to pass.</text>
	</string>
	<string id="st_found_new_pda">
		<text>Found information:</text>
	</string>
</string_table>
