<?xml version="1.0" encoding="windows-1251" ?>
<string_table>
	<string id="actor_btn_hint">
		<text>Center on actor</text>
	</string>
	<string id="add_spot_btn_hint">
		<text>Add new marker</text>
	</string>
	<string id="Contacts">
		<text>Contacts</text>
	</string>
	<string id="Encyclopedia">
		<text>Encyclopedia</text>
	</string>
	<string id="global_map_btn_hint">
		<text>To map of the Zone</text>
	</string>
	<string id="level_changer_invitation">
		<text>Move to next level?</text>
	</string>
	<string id="Name">
		<text>Name</text>
	</string>
	<string id="pda_btn_accomplished">
		<text>Completed</text>
	</string>
	<string id="pda_btn_accomplished_hint">
		<text>Show completed tasks</text>
	</string>
	<string id="pda_btn_active">
		<text>Active</text>
	</string>
	<string id="pda_btn_active_hint">
		<text>Show active tasks</text>
	</string>
	<string id="pda_btn_contacts">
		<text>Contacts</text>
	</string>
	<string id="pda_btn_contacts_hint">
		<text>Show stalker contact list</text>
	</string>
	<string id="pda_btn_diary">
		<text>Diary</text>
	</string>
	<string id="pda_btn_diary_hint">
		<text>Show player's diary</text>
	</string>
	<string id="pda_btn_encyclopedia">
		<text>Encyclopedia</text>
	</string>
	<string id="pda_btn_encyclopedia_hint">
		<text>Show the Zone encyclopedia</text>
	</string>
	<string id="pda_btn_failed">
		<text>Failed</text>
	</string>
	<string id="pda_btn_failed_hint">
		<text>Show failed tasks</text>
	</string>
	<string id="pda_btn_info">
		<text>Information</text>
	</string>
	<string id="pda_btn_journal">
		<text>Log</text>
	</string>
	<string id="pda_btn_journal_hint">
		<text>Show player's entries</text>
	</string>
	<string id="pda_btn_map">
		<text>Map</text>
	</string>
	<string id="pda_btn_map_hint">
		<text>Show map of the Zone</text>
	</string>
	<string id="pda_btn_news">
		<text>Message history</text>
	</string>
	<string id="pda_btn_news_hint">
		<text>Show message history</text>
	</string>
	<string id="pda_btn_off_hint">
		<text>Turn off</text>
	</string>
	<string id="pda_btn_own">
		<text>My own</text>
	</string>
	<string id="pda_btn_own_hint">
		<text>Show my markers on the map</text>
	</string>
	<string id="pda_btn_quests">
		<text>Tasks</text>
	</string>
	<string id="pda_btn_quests_hint">
		<text>Show quest information</text>
	</string>
	<string id="pda_btn_ranking">
		<text>Ranking</text>
	</string>
	<string id="pda_btn_ranking_hint">
		<text>Show top stalker rankings</text>
	</string>
	<string id="pda_btn_reputation">
		<text>Reputation</text>
	</string>
	<string id="pda_btn_statistics">
		<text>Statistics</text>
	</string>
	<string id="pda_btn_statistics_hint">
		<text>Show progress statistics</text>
	</string>
	<string id="pda_edit_user_task_btn_hint">
		<text>Edit description</text>
	</string>
	<string id="pda_remove_btn_hint">
		<text>Delete marker</text>
	</string>
	<string id="pda_show_descr_btn_hint">
		<text>Go</text>
	</string>
	<string id="pda_show_location_btn_hint">
		<text>Show markers on the map</text>
	</string>
	<string id="pda_show_pointer_btn_hint">
		<text>Activate marker</text>
	</string>
	<string id="pda_switch_description_btn_hint">
		<text>Toggle map/text</text>
	</string>
	<string id="Rank">
		<text>Rank</text>
	</string>
	<string id="remove_spot_btn_hint">
		<text>Delete marker</text>
	</string>
	<string id="st_detail_list_for_artefacts">
		<text>Won artifacts</text>
	</string>
	<string id="st_detail_list_for_community_relations">
		<text>Relations with factions</text>
	</string>
	<string id="st_detail_list_for_monsterkills">
		<text>Killed mutants</text>
	</string>
	<string id="st_detail_list_for_quests">
		<text>Completed quests</text>
	</string>
	<string id="st_detail_list_for_stalkerkills">
		<text>Killed stalkers</text>
	</string>
	<string id="st_map_actor">
		<text>This is you</text>
	</string>
	<string id="st_news">
		<text>News</text>
	</string>
	<string id="st_pda_artefacts">
		<text>Artifacts</text>
	</string>
	<string id="st_pda_detail_info">
		<text>Detailed information</text>
	</string>
	<string id="st_pda_monster_kills">
		<text>Killed mutants</text>
	</string>
	<string id="st_pda_player_statistic">
		<text>Player stats</text>
	</string>
	<string id="st_pda_quest_complete">
		<text>Completed quests</text>
	</string>
	<string id="st_pda_stalker_kills">
		<text>Killed stalkers</text>
	</string>
	<string id="st_pda_statistic_reputation">
		<text>Reputation:</text>
	</string>
	<string id="st_pda_statistic_score">
		<text>Statistics</text>
	</string>
	<string id="st_pda_task_detail_information">
		<text>Detailed task information</text>
	</string>
	<string id="st_pda_top20">
		<text>Top 20 stalkers</text>
	</string>
	<string id="st_pda_total">
		<text>Total</text>
	</string>
	<string id="st_tip">
		<text>Message</text>
	</string>
	<string id="svoboda_outfit_description_m1">
		<text>Metal wire mesh is integrated into the suit for protection from electric and magnetic fields. The set also includes an instrument for night vision.</text>
	</string>
	<string id="Tasks">
		<text>Tasks</text>
	</string>
	<string id="Time">
		<text>Time</text>
	</string>
	<string id="zoom_in_btn_hint">
		<text>Zoom in</text>
	</string>
	<string id="zoom_out_btn_hint">
		<text>Zoom out</text>
	</string>
</string_table>
