<?xml version="1.0" encoding="windows-1251" ?>
<string_table>
	<string id="speech_attack">
		<text>Ataquem!</text>
	</string>
	<string id="speech_covermeartifact">
		<text>Vou pegar o artefato! Me cubram.</text>
	</string>
	<string id="speech_followme">
		<text>Me sigam!</text>
	</string>
	<string id="speech_guardartifact">
		<text>Guardem o artefato. Ainda nao ataquem!</text>
	</string>
	<string id="speech_holdingpos">
		<text>Estou mantendo a posicao</text>
	</string>
	<string id="speech_holdpos">
		<text>Mantenham a posicao!</text>
	</string>
	<string id="speech_icoverartifact">
		<text>Vao pegar o artefato! Eu cubro voces.</text>
	</string>
	<string id="speech_needhelp">
		<text>Preciso de ajuda</text>
	</string>
	<string id="speech_needmoney">
		<text>Sem dinheiro, comprem algum equipamento</text>
	</string>
	<string id="speech_no">
		<text>Nao</text>
	</string>
	<string id="speech_noenemy">
		<text>Ninguem por perto</text>
	</string>
	<string id="speech_report">
		<text>Relatorio da situacao!</text>
	</string>
	<string id="speech_retreat">
		<text>Recuar!</text>
	</string>
	<string id="speech_roger">
		<text>Entendido</text>
	</string>
	<string id="speech_silence">
		<text>Silencio, todos!</text>
	</string>
	<string id="speech_sticktogether">
		<text>Fiquem juntos</text>
	</string>
	<string id="speech_takeartifact">
		<text>Vao pegar o artefato!</text>
	</string>
</string_table>
