	<string id="about_enciclopedia">
		<text>Esta e a enciclopedia. A medida que voce avanca no jogo, informacoes sobre o mundo ao seu redor serao adicionadas aqui, classificadas por topico.</text>
	</string>
	<string id="about_pda">
		<text>Sobre a enciclopedia</text>
	</string>
	<string id="Bandit's flash">
		<text>PDA do bandido da fabrica</text>
	</string>
	<string id="blokpost_case_text">
		<text>Comerciante: entre no posto avancado do exercito e roube a pasta contendo o relatorio da expedicao militar a parte norte da Zona.</text>
	</string>
	<string id="Dead novice's flash">
		<text>PDA do novato morto</text>
	</string>
	<string id="defend_lager_text">
		<text>Fanatico: Ajude-nos a nos defender dos Mercs que ordenaram que os novatos limpassem o acampamento. O plano e o seguinte. Todos se escondem, para que o acampamento pareca deserto, deixamos os Mercs entrarem no acampamento e atacamos sob as ordens do capitao.</text>
	</string>
	<string id="doctor_meet">
		<text>PDA do Guia</text>
	</string>
	<string id="doctor_meet_2">
		<text>Encontro com Doutor</text>
	</string>
	<string id="doctor_meet_quest_text">
		<text>Doutor: Estarei esperando por um homem que vem de Strelok no esconderijo usado por Strelok e seus homens. Se ele for um dos nossos, conhecera o lugar.</text>
	</string>
	<string id="doctor_meet_text">
		<text>OK, vou me encontrar com o homem de Fantasma. Estarei esperando por ele no esconderijo de Strelok. Se ele for um dos nossos, sabera onde me procurar. Doutor.</text>
	</string>
	<string id="esc_flash_task_descr">
		<text>Comerciante: "...meus caras estavam voltando de uma missao e desapareceram. Um deles - chamado Esperto - estava me trazendo algumas informacoes... E todos desapareceram muito perto porque perderam a ponte. Nao sei o que pensar. De qualquer forma: encontre Esperto, morto ou vivo, desde que ele tenha o pendrive. Traga-o para mim. Esperto era um dos homens de Lobo - e Lobo esta aqui no acampamento. Pergunte a ele, ele provavelmente sabe de alguma coisa. Ele o ajudara com armas e equipamentos."</text>
	</string>
	<string id="esc_fox_info">
		<text>Seriy para Raposo: um amigo quer que eu ajude um grupo de stalkers que desenterraram o esconderijo de Strelok. Vou para o hangar no Lixao com meus rapazes. E la que voce pode me encontrar.</text>
	</string>
	<string id="esc_kolyan_lost">
		<text>Ontem um irmao foi explorar o moinho abandonado e nao ouvimos falar dele desde entao. Precisamos ir la e ver onde ele desapareceu.</text>
	</string>
	<string id="factory_dynamit_text">
		<text>Lobo: traga a dinamite roubada pelos bandidos na fabrica. Para ajuda-lo, ha batedores sob a ponte, va ate eles e diga "Ola do submundo" - essa e a senha. Lidere-os para a batalha.</text>
	</string>
	<string id="factory_trader_text">
		<text>Lobo: limpe os bandidos na fabrica com a ajuda de meus batedores atras da ponte, depois volte e relate.</text>
	</string>
	<string id="Flash dead stalker">
		<text>PDA do stalker morto</text>
	</string>
	<string id="gunslinger_clan_cache">
		<text>...acordei na toca de um cara, nao me lembro de nada. So tenho um PDA comigo com a foto de outro cara. Ha apenas uma mensagem no PDA - mate Strelok.</text>
	</string>
	<string id="help_to_fox">
		<text>Comerciante: Raposo voltou de sua incursao e esta pedindo ajuda. Talvez ele saiba algo sobre Strelok.</text>
	</string>
	<string id="meet_seryi_text">
		<text>Raposo: Seriy esta sentado no hangar no Lixao, ele sabe mais sobre Strelok.</text>
	</string>
	<string id="military_case_text">
		<text>Comerciante: roube o relatorio da expedicao dos militares no Instituto de Pesquisa Agroprom, leve-o para o bar 100 Rads e entregue-o para Bartender.</text>
	</string>
	<string id="Seryi flash">
		<text>PDA de Raposo</text>
	</string>
	<string id="storyline_fox_flash_info">
		<text>Diario de Tolik. O comerciante nos enviou para espionar os militares no Instituto de Pesquisa Agroprom. Cheguei la e atirei em todos, bandidos e militares. Desenterrei algumas coisas interessantes, estou codificando o resto texto confuso que parece uma cifra</text>
	</string>
	<string id="storyline_seryi_info">
		<text>Seriy para Raposo: um cara que conheco pediu para encontrar um grupo de stalkers que farejaram o esconderijo de Strelok. Estarei no Lixao, apareca se quiser.</text>
	</string>
	<string id="Tolik flash">
		<text>PDA de Tolik</text>
	</string>
	<string id="tutorial_artefact_find">
		<text>Comerciante: ha um campo de anomalia Redemoinho por perto. Ha um artefato em seu centro. Pegue-o.</text>
	</string>
	<string id="tutorial_moving_anomaly_text">
		<text>Ha uma anomalia muito estranha aqui. Parece que esta se movendo. Vou tentar calcular seus tempos de movimento e caminho, porque nao tenho dinheiro para pagar aos soldados pela passagem.</text>
	</string>
	<string id="tutorial_secret_place">
		<text>Deixei um pequeno esconderijo na fazenda abandonada. Tem comida e municao. Estou muito fraco para carrega-lo agora. Nao tenho certeza se consigo chegar ao acampamento.</text>
	</string>
