	<string id="cit_doctor_meet_conclusion">
		<text>Encontro com o Doutor</text>
	</string>
	<string id="cit_doctor_meet_conclusion_txt">
		<text>Nao sei o que dizer... Devo ficar feliz ou triste? Descobri que sou o Atirador. Um Atirador que perdeu a memoria em uma das ultimas passagens que levam ao centro da Zona. Um Atirador que perdeu todos os seus amigos, exceto o Doutor. Um Atirador que descobriu algo que o fez ser seguido. O que eu descobri? Proxima pergunta. O Doutor conseguiu salvar a chave e a localizacao do esconderijo secreto do nosso grupo em Prypiat. Ele esta localizado em um dos quartos do antigo hotel no centro. Ele diz que deve haver algo la que lancara alguma luz sobre o "Concessor de Desejos" ou Monolito. Ele sabe apenas uma coisa: apos a penultima expedicao de reconhecimento a Usina Nuclear de Chernobyl, continuei dizendo que havia algo suspeito com o Monolito. Bem, Monolito, vamos tentar lidar com voce. Quem e voce e o que e voce?</text>
	</string>
	<string id="cit_doctor_task_0_art">
		<text>Doutor: Quando nos encontramos pela ultima vez, voce me deixou a chave do esconderijo secreto em Prypiat e o diagrama que mostrava como encontra-lo... Consegui salva-los... os Mercs nao os encontraram... Aqui... Talvez voce encontre algo mais la... E voce tambem continuou murmurando que havia algo suspeito com o Monolito... Isso e certo...</text>
	</string>
