<?xml version="1.0" encoding="windows-1251" ?>
<string_table>
	<string id="cit_doctor_escape_dialog_0">
		<text>Preciso de respostas para varias perguntas.</text>
	</string>
	<string id="cit_doctor_escape_dialog_1">
		<text>Pergunte, vou tentar ajudar.</text>
	</string>
	<string id="cit_doctor_escape_dialog_11">
		<text>Onde estao minhas coisas?</text>
	</string>
	<string id="cit_doctor_escape_dialog_111">
		<text>O lider geralmente guarda todas as coisas confiscadas. O quarto dele fica no ultimo andar. Minhas coisas foram levadas para la quando me pegaram.</text>
	</string>
	<string id="cit_doctor_escape_dialog_1111">
		<text>Obrigado!</text>
	</string>
	<string id="cit_doctor_escape_dialog_12">
		<text>Como posso sair daqui?</text>
	</string>
	<string id="cit_doctor_escape_dialog_121">
		<text>Quando eles estavam me levando por ai, notei uma grade de esgoto embaixo da escada no primeiro andar... Se voce conseguisse abrir a cela, seria possivel sair daqui usando esse esgoto... E melhor ir para o oeste e entao voce pode usar o tunel para chegar a Liberdade.</text>
	</string>
	<string id="cit_doctor_escape_dialog_1211">
		<text>Obrigado pela informacao.</text>
	</string>
	<string id="cit_doctor_escape_dialog_14">
		<text>Quem nos capturou?</text>
	</string>
	<string id="cit_doctor_escape_dialog_141">
		<text>Estamos sendo mantidos pelos Mercs. Ninguem sabe ao certo quem eles sao, mas ha rumores de que trabalham em conjunto com servicos de inteligencia estrangeiros. A localizacao desta base e ultrassecreta - ninguem sabe como entrar na Cidade Morta. Muitas pessoas estao muito interessadas nessas informacoes, especialmente a Liberdade e o Dever.</text>
	</string>
	<string id="cit_doctor_escape_dialog_1411">
		<text>Continue.</text>
	</string>
	<string id="cit_doctor_escape_dialog_14111">
		<text>Se voce conseguir um mapa da Cidade Morta, um ataque bem-sucedido sera possivel. Os Mercs ou os bandidos provavelmente tem um. Voce poderia tentar conseguir.</text>
	</string>
	<string id="cit_doctor_escape_dialog_141111">
		<text>Obrigado pela informacao.</text>
	</string>
	<string id="cit_doctor_escape_dialog_15">
		<text>O que voce sabe sobre este lugar?</text>
	</string>
	<string id="cit_doctor_escape_dialog_151">
		<text>A cidade esta dividida em duas secoes. Estamos do lado dos Mercs. Ao sul, alem da praca, e onde os bandidos estao. Eles estao entrincheirados no predio da escola a sudoeste da cidade. Entre as bases, ha um predio de cinco andares em ruinas e alguns relativamente intactos. Se a merda bater no ventilador, voce pode esperar la. Ha tambem algumas garagens e algumas pequenas casas ao redor dessa area. Ha um par de predios de cinco andares e uma duzia de garagens do lado dos bandidos tambem. O antigo predio do conselho municipal fica do outro lado da praca.</text>
	</string>
	<string id="cit_doctor_escape_dialog_1511">
		<text>Obrigado pela informacao.</text>
	</string>
	<string id="cit_doctor_escape_dialog_16">
		<text>Quem esta no comando aqui?</text>
	</string>
	<string id="cit_doctor_escape_dialog_161">
		<text>Um cara realmente desagradavel chamado Dushman. Eu o vi carregando uma pasta com alguns documentos algumas vezes. Acho que ha algo interessante la dentro.</text>
	</string>
	<string id="cit_doctor_escape_dialog_1611">
		<text>Obrigado pela informacao.</text>
	</string>
	<string id="cit_doctor_escape_dialog_17">
		<text>Nao, nada.</text>
	</string>
	<string id="cit_doctor_hello_dialog_11">
		<text>Strelok! Onde diabos voce esteve??? Nao vejo voce nem os caras desde o ultimo ataque! Eu estava ficando preocupado!</text>
	</string>
	<string id="cit_doctor_hello_dialog_21">
		<text>Entao, voce esta se sentindo melhor? Pensando claramente?</text>
	</string>
	<string id="cit_doctor_main_dialog_0">
		<text>Strelok???</text>
	</string>
	<string id="cit_doctor_main_dialog_1">
		<text>Sim, voce e Strelok! Quem mais voce seria? Eu sou Doutor, voce nao me reconhece? O que aconteceu com voce, amigo? Voce nao parece bem. Nos entramos na Zona juntos por 2 anos. Voce realmente nao se lembra de mim?</text>
	</string>
	<string id="cit_doctor_main_dialog_11">
		<text>Nao, eu nao me lembro.</text>
	</string>
	<string id="cit_doctor_main_dialog_2">
		<text>Voce nao se lembra??? Strelok, o que...? Voce nao esta brincando, esta? Cara... E os caras, nossos caras? Presa, Fantasma? Voce se lembra deles, nao lembra?</text>
	</string>
	<string id="cit_doctor_main_dialog_21">
		<text>Nao me lembro de Presa, e Fantasma esta morto - encontrei o corpo dele em Yantar.</text>
	</string>
	<string id="cit_doctor_main_dialog_3">
		<text>Fantasma!!?!?! Morto??!!! Droga, como isso pode acontecer?! Eles... eles eram os melhores. O que aconteceu com voce?</text>
	</string>
	<string id="cit_doctor_main_dialog_31">
		<text>Nao sei o que aconteceu, nao me lembro.</text>
	</string>
	<string id="cit_doctor_main_dialog_4">
		<text>Espere, preciso me acalmar. Isso e uma noticia de merda, cara. Acho que esta tudo ligado a sua ultima viagem a Zona. Quando nos vimos pela ultima vez, voce me deixou a chave do esconderijo em Prypiat e o mapa de como encontra-lo. Consegui guarda-lo - escondi dos Mercs. Aqui, pegue, esconda bem. Talvez voce encontre algo la. Voce estava dizendo que havia algum truque com o Monolito. Mas eu nao entendi do que se tratava, e voce tambem nao.</text>
	</string>
	<string id="cit_doctor_main_dialog_41">
		<text>Entendo. Onde estamos? Nao me lembro de como cheguei aqui.</text>
	</string>
	<string id="cit_doctor_main_dialog_5">
		<text>Estamos na Cidade Morta! No acampamento dos Mercs.</text>
	</string>
	<string id="cit_doctor_main_dialog_6">
		<text>Estamos na Cidade Morta!.. No acampamento dos Mercs...</text>
	</string>
	<string id="quest_cit_reward_0">
		<text>A proposito, tenho informacoes sobre os Mercs. Interessado?</text>
	</string>
	<string id="quest_cit_reward_1">
		<text>Depende da informacao.</text>
	</string>
	<string id="quest_cit_reward_11">
		<text>Tenho um mapa que detalha a localizacao da base deles, postos de guarda, a maneira de entrar sem ser notado e muito mais.</text>
	</string>
	<string id="quest_cit_reward_111">
		<text>Parece valioso. Te dou 3000 por ele.</text>
	</string>
	<string id="quest_cit_reward_1111">
		<text>Fechado. Aqui esta.</text>
	</string>
	<string id="quest_cit_reward_11111">
		<text>Otimo! Aqui esta sua recompensa. Em breve, os stalkers discutirao se os Mercs sequer existiram!</text>
	</string>
	<string id="quest_cit_reward_1112">
		<text>Nao, isso nao e suficiente.</text>
	</string>
	<string id="quest_cit_reward_11121">
		<text>Como quiser, nao vou te dar mais nada.</text>
	</string>
	<string id="quest_cit_reward_13">
		<text>Nada que valha a pena. Apenas a fofoca de sempre. Desculpe.</text>
	</string>
	<string id="quest_cit_reward_131">
		<text>Se voce descobrir algo mais especifico, volte. Eu te pago.</text>
	</string>
</string_table>
