<?xml version="1.0" encoding="windows-1251" ?>
<string_table>
	<string id="agr_factory_krot_start_0">
		<text>Obrigado pela sua ajuda, stalker! Se voce nao tivesse aparecido, eu ja estaria morto.</text>
	</string>
	<string id="agr_factory_krot_start_10001">
		<text>Estou procurando informacoes sobre Strelok, talvez voce saiba de alguma coisa?</text>
	</string>
	<string id="agr_factory_krot_start_10002">
		<text>Como faco para entrar no porao?</text>
	</string>
	<string id="agr_factory_krot_start_15001">
		<text>O esconderijo secreto de Strelok?</text>
	</string>
	<string id="agr_factory_krot_start_15002">
		<text>Obrigado pela informacao.</text>
	</string>
	<string id="agr_factory_krot_start_1501">
		<text>Sim, ouvi falar disso. Dizem ate que ele costumava "trabalhar" por essas bandas e o esconderijo de Strelok fica nos poroes locais. Ha boatos de que a base do grupo dele tambem era aqui.</text>
	</string>
	<string id="agr_factory_krot_start_1502">
		<text>Esta e uma das muitas saidas que o levarao aos poroes interligados. Uma vez la dentro, voce esta por sua conta - nao tenho um mapa e a rede de poroes e enorme e confusa.</text>
	</string>
	<string id="agr_factory_krot_start_2">
		<text>Estou procurando informacoes sobre Strelok. Seriy me disse que voce sabe alguma coisa sobre ele.</text>
	</string>
	<string id="agr_factory_krot_start_30001">
		<text>Obrigado.</text>
	</string>
	<string id="agr_factory_krot_start_3001">
		<text>Sim, nos tambem procuramos, mas nao encontramos. Vou te enviar algumas informacoes sobre isso. E tudo o que temos sobre o esconderijo.</text>
	</string>
	<string id="agr_factory_stalker_about_0">
		<text>O que esta acontecendo aqui?</text>
	</string>
	<string id="agr_factory_stalker_about_1">
		<text>Estamos lutando, ou mais especificamente, acampando como patos sentados. Fale com Toupeira se quiser saber mais - ele e o lider.</text>
	</string>
	<string id="agr_factory_stalker_start_0">
		<text>Cara, essa foi uma luta e tanto - voce nao desejaria algo assim nem para o seu pior inimigo. Aqueles soldados do exercito estao ficando bem arrogantes!</text>
	</string>
	<string id="agr_krot_about_agroprom_0">
		<text>Onde fica o Instituto de Pesquisa Agroprom?</text>
	</string>
	<string id="agr_krot_about_agroprom_10">
		<text>Nao muito longe daqui. Siga a estrada para o oeste e voce chegara aos portoes do Instituto.</text>
	</string>
	<string id="agr_krot_about_agroprom_100">
		<text>Ouvi dizer que os militares montaram uma base la, certo?</text>
	</string>
	<string id="agr_krot_about_agroprom_120">
		<text>Obrigado pela informacao.</text>
	</string>
	<string id="agr_krot_about_agroprom_20">
		<text>Sim, ha uma base militar. Nao tenho certeza de quantos deles existem exatamente, mas e pelo menos um pelotao. Eles estao bem armados e voce nao tem chance de passar - eles vao te derrubar antes que voce possa dizer "ola, camaradas". A melhor maneira de entrar e durante a noite, porque a base e bem guardada durante o dia - eles tem postos de controle em todos os lugares e, de qualquer forma, ouvi dizer que um soldado desertor dessa base esta escondido nos pantanos. Se voce puder encontra-lo, tenho certeza de que podera extrair algumas informacoes uteis dele.</text>
	</string>
	<string id="agr_krot_actor_hasnot_met_seriy_0">
		<text>O que esta acontecendo?</text>
	</string>
	<string id="agr_krot_actor_hasnot_met_seriy_100">
		<text>Eu e meus rapazes encontramos uma pequena area agradavel cheia de artefatos, mas aqueles bastardos do exercito nos atacaram por algum motivo. Nao sei o que diabos eles queriam de nos...</text>
	</string>
	<string id="agr_krot_actor_hasnot_met_seriy_200">
		<text>Sim, ouvi falar dele. Acho que ele costumava "ganhar a vida" nesta area - e um lugar muito bom, na verdade. Ele foi embora ha muito tempo; nao sei quando foi exatamente e nao tenho ideia de para onde ele foi. Isso e tudo o que posso te dizer.</text>
	</string>
	<string id="agr_krot_actor_hasnot_met_seriy_2000">
		<text>Voce nao estava esperando aqui sem motivo, estava? Caso contrario, por que as Forcas Especiais apareceriam aqui?</text>
	</string>
	<string id="agr_krot_actor_hasnot_met_seriy_250">
		<text>OK, eu sei algo sobre Strelok.</text>
	</string>
	<string id="agr_krot_actor_hasnot_met_seriy_2500">
		<text>Serio? Eu realmente preciso saber disso!</text>
	</string>
	<string id="agr_krot_actor_hasnot_met_seriy_3500">
		<text>Se voce mentiu para mim, vou te encontrar e terminar o que os soldados nao conseguiram!</text>
	</string>
	<string id="agr_krot_actor_hasnot_met_seriy_400">
		<text>Nao estou mentindo. Sei que ninguem confia em ninguem aqui, entao voce tem pouca escolha.</text>
	</string>
	<string id="agr_krot_actor_met_seriy_100">
		<text>Seriy? Bem, OK, ouca. Dizem que Strelok costumava rondar por aqui. Alem disso, seu esconderijo esta em algum lugar por aqui embaixo da terra. Ouvi dizer que seu grupo ate tem sua base aqui. Nos tambem procuramos o esconderijo, mas nao encontramos porcaria nenhuma. Vou te dar as informacoes sobre o esconderijo, talvez voce tenha mais sorte. Isso e tudo o que temos sobre o esconderijo.</text>
	</string>
	<string id="agr_krot_actor_met_seriy_2000">
		<text>O que mais voce sabe?</text>
	</string>
	<string id="agr_krot_actor_met_seriy_250">
		<text>I don't know anything else. I told you everything I knew and now you have to work it out on your own. Good luck to you.</text>
	</string>
	<string id="agr_krot_help_0">
		<text>Ajude-me, stalker!!!</text>
	</string>
	<string id="agr_krot_help_10">
		<text>OK.</text>
	</string>
	<string id="agr_ratcatcher_start_0">
		<text>Nao atire, cara!</text>
	</string>
	<string id="agr_stalker_esc_0">
		<text>O que voce esta fazendo?</text>
	</string>
	<string id="agr_stalker_esc_20">
		<text>Estou voltando da fabrica, que fica um pouco mais adiante na estrada. Nao sei como, mas o exercito descobriu sobre o nosso grupo. Nao esperei que eles aparecessem e sai o mais rapido que pude. Espero que nossos rapazes tenham saido de la, porque senao nao estarao vivos por muito mais tempo - voce mesmo viu os helicopteros.</text>
	</string>
	<string id="agr_stalker_esc_300">
		<text>Entendo, obrigado.</text>
	</string>
	<string id="agr_stalker_esc_400">
		<text>Entendo, obrigado.</text>
	</string>
	<string id="agr_stalker_talk_about_ratcatcher_0">
		<text>Tenho algumas perguntas.</text>
	</string>
	<string id="agr_stalker_talk_about_ratcatcher_10">
		<text>O que voce quer saber?</text>
	</string>
	<string id="agr_stalker_talk_about_ratcatcher_1000">
		<text>Algo interessante na area?</text>
	</string>
	<string id="agr_stalker_talk_about_ratcatcher_120">
		<text>De quanto voce precisa?</text>
	</string>
	<string id="agr_stalker_talk_about_ratcatcher_130">
		<text>Aqui, pegue o dinheiro. Agora me diga onde fica.</text>
	</string>
	<string id="agr_stalker_talk_about_ratcatcher_131">
		<text>Vaza daqui!</text>
	</string>
	<string id="agr_stalker_talk_about_ratcatcher_140">
		<text>Obrigado.</text>
	</string>
	<string id="agr_stalker_talk_about_ratcatcher_20">
		<text>Sim, existem alguns lugares, mas voce tera que compartilhar um pouco de sua riqueza, amigo.</text>
	</string>
	<string id="agr_stalker_talk_about_ratcatcher_21">
		<text>Costumava ser bem tranquilo, mas agora o exercito ficou todo animado e comecou a matar todo mundo. Eles expulsaram os bandidos recentemente e ouvi dizer que alguns conseguiram escapar para as catacumbas.</text>
	</string>
	<string id="agr_stalker_talk_about_ratcatcher_30">
		<text>Trinta, fechado?</text>
	</string>
	<string id="agr_stalker_talk_about_ratcatcher_40">
		<text>A saida do tunel ferroviario fica proxima. E razoavelmente seguro no beco sem saida. Pelo menos ninguem foi comido enquanto dormia... ainda. Alem disso, a noroeste da fabrica, voce encontrara um pantano com uma carroca dentro. Mas tenha cuidado, ha uma quantidade enorme de radiacao ao redor dela, entao e melhor aborda-la pelo lado oeste. Ah, e mais uma coisa: um soldado foi visto la. Ele provavelmente e da base militar no Instituto. O pobre bastardo provavelmente esta louco - ele esta la ha alguns dias e duvido que sobreviva muito mais tempo sozinho.</text>
	</string>
	<string id="agr_stalker_talk_about_ratcatcher_9999">
		<text>Tchau!</text>
	</string>
	<string id="agr_stalker_talk_about_ratcatcher1_0">
		<text>Algo interessante acontecendo aqui?</text>
	</string>
	<string id="agr_stalker_talk_about_ratcatcher1_1">
		<text>Voce conhece o Ratoeiro? A informacao vai te custar 30.</text>
	</string>
	<string id="agr_stalker_talk_about_ratcatcher1_11">
		<text>Fechado.</text>
	</string>
	<string id="agr_stalker_talk_about_ratcatcher1_111">
		<text>Temos um heroi local por aqui chamado Ratoeiro. Ele mora nos pantanos. O homem criou tantos ratos nos coletores que eles logo comerao aqueles bastardos do exercito.</text>
	</string>
	<string id="agr_stalker_talk_about_ratcatcher1_1111">
		<text>Otimo. Obrigado.</text>
	</string>
	<string id="agr_stalker_talk_about_ratcatcher1_1112">
		<text>Conte-me mais sobre os coletores.</text>
	</string>
	<string id="agr_stalker_talk_about_ratcatcher1_11121">
		<text>Coletores sao seus esgotos fedorentos padrao que levam o lixo do Instituto e o despejam no reservatorio de agua mais proximo.</text>
	</string>
	<string id="agr_stalker_talk_about_ratcatcher1_111211">
		<text>Otimo. Ate logo e cuide-se.</text>
	</string>
	<string id="agr_stalker_talk_about_ratcatcher1_12">
		<text>Eu ja sei disso. Obrigado.</text>
	</string>
	<string id="agr_stalker_talk_about_ratcatcher1_121">
		<text>Nao tenho mais nada para te contar.</text>
	</string>
	<string id="agr_stalker_talk_about_ratcatcher1_13">
		<text>Nao tenho dinheiro suficiente.</text>
	</string>
	<string id="agr_stalker_talk_about_ratcatcher1_14">
		<text>Nao estou interessado.</text>
	</string>
	<string id="agr_stalker_talk_about_ratcatcher1_3">
		<text>Algo interessante acontecendo aqui?</text>
	</string>
	<string id="agr_stalker_talk_about_ratcatcher1_31">
		<text>Nada. Absolutamente nada.</text>
	</string>
	<string id="agr_stalker_talk_about_ratcatcher1_311">
		<text>Entendo. Tchau!</text>
	</string>
	<string id="agr_stalker_talk_level_0">
		<text>Fale-me sobre este lugar.</text>
	</string>
	<string id="agr_stalker_talk_level_1">
		<text>Esta e a area ao redor do Instituto de Pesquisa Agroprom. O Instituto em si fica a sudoeste. A fabrica, que servia como instalacao de producao tecnica do Instituto, fica ao norte. Os edificios foram abandonados ha muito tempo e nao ha nada para ser encontrado la, mas o exercito tem procurado la muito ativamente recentemente.</text>
	</string>
	<string id="agr_stalker_talk_level_2">
		<text>Conte-me mais sobre o Instituto.</text>
	</string>
	<string id="agr_stalker_talk_level_21">
		<text>Existem muitas lendas sobre o Instituto. Antes do acidente em 1986, a unica coisa aqui era o Instituto de Selecao e Genetica de Culturas. A area onde a fabrica esta agora era usada para campos de cultivo experimentais. Apos o acidente, eles fecharam o Instituto e queimaram os campos. Entao eles se lembraram dele, pintaram o predio de branco, colocaram uma cerca ao redor e construiram alguns quarteis. Nao sei o que eles faziam no Instituto, mas eles nao tinham falta de financiamento, com certeza.</text>
	</string>
	<string id="agr_stalker_talk_level_3">
		<text>Conte-me mais sobre a fabrica.</text>
	</string>
	<string id="agr_stalker_talk_level_31">
		<text>A fabrica foi construida no final dos anos 80. Disseram que seria usada para construir e testar maquinas que pudessem tratar o solo afetado pela radiacao. Que eu saiba, ninguem nunca viu uma unica maquina sair daquela fabrica. Esta totalmente vazia agora, o que a torna um local favorito para os stalkers. Ouvi dizer que o lugar e bem seguro, desde que voce evite os cantos escuros.</text>
	</string>
	<string id="agr_stalker_talk_level_4">
		<text>Obrigado.</text>
	</string>
	<string id="agr_swamp_ratcatcher_talks_0">
		<text>O que voce esta fazendo?</text>
	</string>
	<string id="agr_swamp_ratcatcher_talks_10">
		<text>Estou me escondendo aqui, nao quero problemas.</text>
	</string>
	<string id="agr_swamp_ratcatcher_talks_100">
		<text>De quem voce esta se escondendo?</text>
	</string>
	<string id="agr_swamp_ratcatcher_talks_120">
		<text>Catacumbas?</text>
	</string>
	<string id="agr_swamp_ratcatcher_talks_130">
		<text>Voce sabe onde eles guardam os documentos no Instituto?</text>
	</string>
	<string id="agr_swamp_ratcatcher_talks_140">
		<text>O que voce vai fazer agora?</text>
	</string>
	<string id="agr_swamp_ratcatcher_talks_141">
		<text>O que voce vai fazer agora?</text>
	</string>
	<string id="agr_swamp_ratcatcher_talks_20">
		<text>Sou da unidade de reconhecimento. Eles nos enviaram para as catacumbas para ver o que esta acontecendo abaixo da base. E um inferno la embaixo, estou te dizendo. Eu fui o unico a sair de la... todos os outros provavelmente estao mortos agora. Nao quero voltar para a base - aqueles bastardos estao sempre nos usando para tapar todos os buracos nesta maldita Zona.</text>
	</string>
	<string id="agr_swamp_ratcatcher_talks_30">
		<text>Tuneis subterraneos. Eles vao do Instituto para a area ao redor dele - vou te mostrar as entradas. Nao tenho mapas das catacumbas em si.</text>
	</string>
	<string id="agr_swamp_ratcatcher_talks_40">
		<text>No QG. Fica no terceiro andar do Instituto. E la que eles guardam aqueles malditos papeis. Mas e uma missao chegar la. Durante o dia, a area esta repleta de patrulhas, mas nao tanto a noite. Vou te dizer isso de graca: se voce quiser entrar, tera que passar pelas catacumbas - voce nao tem chance no portao.</text>
	</string>
	<string id="agr_swamp_ratcatcher_talks_50">
		<text>Hmm. Eu nao sei. Sou um desertor de acordo com o codigo militar e preciso sair da Zona de alguma forma. Quando chegamos aqui, havia um Zaporozhets na garagem que quase funcionava. Eu o trouxe de volta a vida em meia hora, mas aquele maldito capitao o pegou para si, alegando que deveria te-lo de acordo com o codigo. Ele o dirigiu por esta estrada e o jogou na chuva perto do portao. Se eu pudesse pegar aquele carro - fugir e muito mais seguro sobre rodas!</text>
	</string>
	<string id="agr_swamp_ratcatcher_talks1_0">
		<text>Ola.</text>
	</string>
	<string id="agr_swamp_ratcatcher_talks1_01">
		<text>E ai?</text>
	</string>
	<string id="agr_swamp_ratcatcher_talks1_011">
		<text>Fale-me sobre o coletor. Como faco para entrar? Onde ficam as saidas e entradas?</text>
	</string>
	<string id="agr_swamp_ratcatcher_talks1_0111">
		<text>E perigoso dentro do coletor. Existem seis entradas e duas delas ficam na area ao redor do Instituto, onde os militares montaram uma base. Essa area e patrulhada e o capitao mantem o cronograma da patrulha em seu arsenal.</text>
	</string>
	<string id="agr_swamp_ratcatcher_talks1_01111">
		<text>Como voce sabe de tudo isso?</text>
	</string>
	<string id="agr_swamp_ratcatcher_talks1_011111">
		<text>Os ratos me contaram.</text>
	</string>
	<string id="agr_swamp_ratcatcher_talks1_0111111">
		<text>Entendo. Tchau! Boa sorte para voce.</text>
	</string>
	<string id="agr_swamp_ratcatcher_talks1_012">
		<text>Nada. Ate logo.</text>
	</string>
	<string id="agr_swamp_ratcatcher_talks1_013">
		<text>Quem e voce?</text>
	</string>
	<string id="agr_swamp_ratcatcher_talks1_0134">
		<text>Eu moro aqui, se e que voce pode chamar isso de vida. Crio ratos no coletor para irritar os militares do Instituto.</text>
	</string>
	<string id="agr_swamp_ratcatcher_talks1_0135">
		<text>Eu sou o Ratoeiro.</text>
	</string>
	<string id="agr_swamp_ratcatcher_talks1_01351">
		<text>O que voce esta fazendo neste pantano?</text>
	</string>
	<string id="agr_swamp_ratcatcher_talks1_123">
		<text>Oh... entendi.... bem, eu sou de outra historia. Ha-ha-ha...</text>
	</string>
</string_table>
