	<string id="agr_captains_chamber_hint">
		<text>Arsenal do capitao</text>
	</string>
	<string id="agr_collector_entrance_hint">
		<text>Entrada das catacumbas</text>
	</string>
	<string id="agr_factory_hint">
		<text>Fabrica</text>
	</string>
	<string id="agr_find_gunslinger_cache_hint">
		<text>Encontre o esconderijo secreto de Strelok nas catacumbas</text>
	</string>
	<string id="agr_give_case_to_barman_hint">
		<text>De os documentos para o Bartender</text>
	</string>
	<string id="agr_help_krot_hint">
		<text>Salvar Toupeira</text>
	</string>
	<string id="agr_help_stalkers_hint">
		<text>Salvar os stalkers</text>
	</string>
	<string id="agr_meet_krot_hint">
		<text>Encontrar Toupeira</text>
	</string>
	<string id="agr_nii_hint">
		<text>Instituto de Pesquisa Agroprom. Base militar</text>
	</string>
	<string id="agr_swamp_hint">
		<text>Lugar seguro</text>
	</string>
	<string id="agr_take_case_hint">
		<text>Roube os documentos</text>
	</string>
	<string id="agr_take_krots_info_hint">
		<text>Obtenha informacoes sobre o esconderijo de Toupeira</text>
	</string>
	<string id="agr_zaz_hint">
		<text>Zaporozhets</text>
	</string>
