	<string id="esc_bandits_on_factory">
		<text>Mate os bandidos na fabrica</text>
	</string>
	<string id="esc_bandits_on_factory_0">
		<text>Mate os bandidos entrincheirados na fabrica.</text>
	</string>
	<string id="esc_bandits_on_factory_1">
		<text>Mate todos os bandidos na fabrica</text>
	</string>
	<string id="esc_bandits_on_factory_2">
		<text>Fale com o comerciante</text>
	</string>
	<string id="esc_bandits_on_factory_3">
		<text>Fale com Lobo</text>
	</string>
	<string id="esc_blockpost_case_to_trader">
		<text>Roube a caixa do posto avancado do exercito</text>
	</string>
	<string id="esc_blockpost_case_to_trader_0">
		<text>Roube a caixa com documentos importantes do posto avancado do exercito.</text>
	</string>
	<string id="esc_blockpost_case_to_trader_1">
		<text>Roube a caixa do posto avancado do exercito</text>
	</string>
	<string id="esc_blockpost_case_to_trader_2">
		<text>Leve a caixa para o comerciante</text>
	</string>
	<string id="esc_defend_lager">
		<text>Proteja o acampamento de novatos dos Mercs</text>
	</string>
	<string id="esc_defend_lager_from_killers_0">
		<text>Proteja o acampamento de novatos dos Mercs.</text>
	</string>
	<string id="esc_defend_lager_from_killers_1">
		<text>Destrua os Mercs.</text>
	</string>
	<string id="esc_defend_lager_from_killers_2">
		<text>Fale com o comandante dos novatos</text>
	</string>
	<string id="esc_dinamit_to_volk">
		<text>Mate os bandidos no estacionamento</text>
	</string>
	<string id="esc_dinamit_to_volk_0">
		<text>Mate os bandidos no estacionamento e relate a Lobo.</text>
	</string>
	<string id="esc_dinamit_to_volk_1">
		<text>Encontre-se com o pessoal de Lobo</text>
	</string>
	<string id="esc_dinamit_to_volk_2">
		<text>Mate todos os bandidos</text>
	</string>
	<string id="esc_dinamit_to_volk_3">
		<text>Fale com Lobo</text>
	</string>
	<string id="esc_help_wounded_from_raid">
		<text>Aprenda algo sobre Strelok com Raposo</text>
	</string>
	<string id="esc_help_wounded_from_raid_0">
		<text>Ajude o stalker ferido</text>
	</string>
	<string id="esc_help_wounded_from_raid_1">
		<text>Ajude Raposo</text>
	</string>
	<string id="esc_help_wounded_from_raid_2">
		<text>Obtenha informacoes sobre Strelok</text>
	</string>
	<string id="esc_wounded_to_trader_gift">
		<text>Entregue o pacote ao comerciante.</text>
	</string>
	<string id="esc_wounded_to_trader_gift_0">
		<text>Entregue o pacote ao comerciante. Ele podera ajuda-lo.</text>
	</string>
	<string id="garbage_meet_stalker">
		<text>Encontre-se com Seriy.</text>
	</string>
	<string id="garbage_meet_stalker_0">
		<text>Encontre-se com Seriy no Lixao.</text>
	</string>
	<string id="meet_with_doctor">
		<text>Encontre-se com Doutor.</text>
	</string>
	<string id="meet_with_doctor_1">
		<text>Encontre-se com Doutor.</text>
	</string>
	<string id="meet_with_doctor_2">
		<text>Encontre-se com Doutor no esconderijo de Strelok</text>
	</string>
	<string id="storyline_escape_eliminate_gunslinger">
		<text>Mate Strelok</text>
	</string>
	<string id="storyline_escape_find_gunslinger">
		<text>Encontre Strelok</text>
	</string>
	<string id="tutorial_find_artefact">
		<text>Encontre um artefato</text>
	</string>
	<string id="tutorial_find_artefact_0">
		<text>Encontre seu primeiro artefato.</text>
	</string>
	<string id="tutorial_find_artefact_1">
		<text>Encontre um artefato</text>
	</string>
	<string id="tutorial_find_artefact_2">
		<text>Leve o artefato para o comerciante.</text>
	</string>
	<string id="tutorial_help_wounded">
		<text>Obtenha informacoes do batedor</text>
	</string>
	<string id="tutorial_help_wounded_0">
		<text>Leve as informacoes para o comerciante</text>
	</string>
	<string id="tutorial_help_wounded_1">
		<text>Fale com Lobo</text>
	</string>
	<string id="tutorial_help_wounded_2">
		<text>Pegue o pendrive de Agil</text>
	</string>
	<string id="tutorial_help_wounded_3">
		<text>Leve o pendrive para o comerciante</text>
	</string>
	<string id="esc_trader_job">
		<text>Trabalhe para o comerciante</text>
	</string>
	<string id="esc_trader_job_text">
		<text>Pegue a tarefa especial do comerciante</text>
	</string>
	<string id="bar_barman_job">
		<text>Trabalhe para Bartender</text>
	</string>
	<string id="bar_barman_job_text">
		<text>Peca um trabalho a Bartender</text>
	</string>
	<string id="yan_scientist_job">
		<text>Ajuda para os cientistas</text>
	</string>
	<string id="yan_scientist_job_text">
		<text>Ofereca ajuda aos cientistas</text>
	</string>
	<string id="find_railroad_passage">
		<text>Chegue ao aterro ferroviario</text>
	</string>
	<string id="find_railroad_passage_1">
		<text>Encontre o jornaleiro</text>
	</string>
	<string id="find_railroad_passage_2">
		<text>Atravesse o aterro ferroviario</text>
	</string>
	<string id="find_railroad_passage_text">
		<text>Antes de se aprofundar na Zona, e necessario atravessar o antigo aterro ferroviario. A unica passagem segura la e guardada pelos militares. No entanto, ha um pequeno tunel a esquerda, os novatos geralmente passam por ele. La voce sera esperado por um dos meus devedores.</text>
	</string>
