	<string id="bar_darklab_documents_1_hint">
		<text>Borov</text>
	</string>
	<string id="bar_darklab_documents_2_hint">
		<text>Tunel</text>
	</string>
	<string id="bar_darklab_documents_3_hint">
		<text>Entrada do laboratorio</text>
	</string>
	<string id="bar_darklab_documents_4_hint">
		<text>Tubo</text>
	</string>
	<string id="bar_darklab_documents2_1_hint">
		<text>Documentos do laboratorio</text>
	</string>
	<string id="bar_darklab_documents2_2_hint">
		<text>Bartender</text>
	</string>
	<string id="val_captive_help_1_hint">
		<text>Bala</text>
	</string>
	<string id="val_captive_help_2_hint">
		<text>Prisioneiro</text>
	</string>
	<string id="val_come_to_trader_1_hint">
		<text>Portao Sul</text>
	</string>
	<string id="val_come_to_trader_2_hint">
		<text>Comerciante</text>
	</string>
	<string id="val_prisoner_help_main_hint">
		<text>Membro do Dever cativo</text>
	</string>
	<string id="val_sos_help_main_hint">
		<text>Stalker ferido</text>
	</string>
	<string id="val_zone_bandits_hint">
		<text>Acampamento de bandidos</text>
	</string>
	<string id="val_zone_farm_hint">
		<text>Fazenda.\nCompre Gauss.</text>
	</string>
	<string id="val_zone_monolith_hint">
		<text>Fabrica velha</text>
	</string>
	<string id="val_zone_pipe_hint">
		<text>Tubo de esgoto</text>
	</string>
	<string id="val_zone_robbers_hint">
		<text>Fazenda de porcos abandonada</text>
	</string>
	<string id="val_zone_south_gate_hint">
		<text>Portoes</text>
	</string>
