	<string id="sar_monolith">
		<text>Concessor de Desejos</text>
	</string>
	<string id="sar_monolith_0">
		<text>Chegue ao Monolito</text>
	</string>
	<string id="sar_monolith_1">
		<text>Entre sorrateiramente no sarcofago</text>
	</string>
	<string id="sar_monolith_2">
		<text>Encontre o Concessor de Desejos</text>
	</string>
	<string id="sar_monolith_destroy">
		<text>O segredo do Monolito.</text>
	</string>
	<string id="sar_monolith_destroy_0">
		<text>Infiltre-se no laboratorio secreto.</text>
	</string>
	<string id="sar_monolith_destroy_1">
		<text>Resolva o segredo do Monolito.</text>
	</string>
	<string id="sar_monolith_destroy_2">
		<text>Destrua os geradores de energia do Monolito.</text>
	</string>
	<string id="sar_perception">
		<text>O segredo da Zona.</text>
	</string>
	<string id="sar_perception_1">
		<text>Encontre quem esta por tras do Monolito.</text>
	</string>
	<string id="sar_perception_2">
		<text>Encontre o laboratorio secreto e encontre os "manipuladores".</text>
	</string>
	<string id="sar_secret_lab">
		<text>Laboratorio secreto</text>
	</string>
	<string id="sar_secret_lab_0">
		<text>Entre no bunker secreto.</text>
	</string>
	<string id="sar_secret_lab_1">
		<text>Encontre a porta escondida.</text>
	</string>
	<string id="sar_secret_lab_2">
		<text>Abra-a usando o decodificador.</text>
	</string>
	<string id="sar_secret_lab_3">
		<text>Descubra o que esta por tras da porta.</text>
	</string>
