	<string id="agr_find_ghost">
		<text>Descubra o que aconteceu com Fantasma</text>
	</string>
	<string id="agr_gunslinger_cache">
		<text>Esconderijo de Strelok</text>
	</string>
	<string id="agr_help_krot">
		<text>Salve Toupeira</text>
	</string>
	<string id="agr_help_krot_0">
		<text>Ajude Toupeira a lutar contra os soldados</text>
	</string>
	<string id="agr_help_krot_1">
		<text>Mate os soldados</text>
	</string>
	<string id="agr_help_krot_2">
		<text>Salve Toupeira</text>
	</string>
	<string id="agr_help_stalkers">
		<text>Ajude os stalkers</text>
	</string>
	<string id="agr_help_stalkers_0">
		<text>Ajude os stalkers a lutar contra os soldados</text>
	</string>
	<string id="agr_help_stalkers_1">
		<text>Mate os soldados</text>
	</string>
	<string id="agr_help_stalkers_2">
		<text>Ajude os stalkers a lutar contra os soldados</text>
	</string>
	<string id="agr_krot">
		<text>Encontre os stalkers</text>
	</string>
	<string id="agr_meet_krot_band">
		<text>Obtenha informacoes sobre Strelok</text>
	</string>
	<string id="agr_meet_krot_band_0">
		<text>Obtenha informacoes de Toupeira</text>
	</string>
	<string id="agr_meet_krot_band_1">
		<text>Encontre o grupo de Toupeira</text>
	</string>
	<string id="agr_meet_krot_band_2">
		<text>Obtenha informacoes de Toupeira</text>
	</string>
	<string id="agroprom_find_gunslinger_cache">
		<text>Encontre o esconderijo do grupo de Strelok</text>
	</string>
	<string id="agroprom_find_gunslinger_cache_0">
		<text>Encontre o esconderijo do grupo de Strelok</text>
	</string>
	<string id="agroprom_find_gunslinger_cache_1">
		<text>Encontre o esconderijo</text>
	</string>
	<string id="agroprom_find_gunslinger_cache_2">
		<text>Encontre informacoes sobre Strelok no esconderijo</text>
	</string>
	<string id="agroprom_find_gunslinger_cache_3">
		<text>Encontre a saida do subterraneo</text>
	</string>
	<string id="agroprom_find_stalker_phantom">
		<text>Encontre Fantasma</text>
	</string>
	<string id="agroprom_find_stalker_phantom_0">
		<text>Fantasma sabe onde Strelok esta.</text>
	</string>
	<string id="agroprom_get_military_documents">
		<text>Encontre os documentos dos militares</text>
	</string>
	<string id="agroprom_get_military_documents_0">
		<text>Instituto de Pesquisa Agroprom</text>
	</string>
	<string id="agroprom_get_military_documents_1">
		<text>Roube os documentos dos militares</text>
	</string>
	<string id="agroprom_get_military_documents_2">
		<text>Leve os documentos para Bartender</text>
	</string>
