<?xml version="1.0" encoding="windows-1251" ?>
<string_table>
	<string id="bandit_outfit_description">
		<text>Traje tradicional de um bandido - uma jaqueta de couro com elementos de kevlar. Fornece protecao altamente insuficiente para as condicoes severas da Zona.</text>
	</string>
	<string id="bandit_outfit_description_m">
		<text>Armadura corporal de bandido fraca comum com placas de malha costuradas em seu revestimento. Quase todos podem fazer isso, mas nem todos terao paciencia suficiente.</text>
	</string>
	<string id="bandit_outfit_name">
		<text>Jaqueta de bandido</text>
	</string>
	<string id="bandit_outfit_name_m">
		<text>Jaqueta de malha</text>
	</string>
	<string id="dolg_outfit_description">
		<text>Produzido por um dos institutos de pesquisa de defesa de Kiev e encomendado pela faccao Dever. E tao simples e confiavel quanto o modelo PSZ-9 padrao, mas devido aos novos materiais, fornece boa protecao contra varios impactos nocivos, incluindo danos por armas de fogo. O colete ainda precisa de algum trabalho porque nao possui sistema de protecao respiratoria.</text>
	</string>
	<string id="dolg_outfit_description_m1">
		<text>Traje de armadura do Dever com parametros aprimorados de protecao contra mordidas e cortes.</text>
	</string>
	<string id="dolg_outfit_name">
		<text>Armadura do Dever PSZ-9d</text>
	</string>
	<string id="dolg_outfit_name_m1">
		<text>Cacador PSZ-9d</text>
	</string>
	<string id="dolg_scientific_outfit_description">
		<text>Um maravilhoso traje de protecao para a Zona. Stalkers apreciam porque combina excelentes qualidades a prova de anomalias e a prova de balas. Inclui o traje PSZ-9d, um sistema de respiracao de ciclo fechado e um sistema integrado de supressao de campo anomalo. Fornece protecao de qualidade contra balas e estilhacos.</text>
	</string>
	<string id="dolg_scientific_outfit_name">
		<text>Protecao Universal PSZ-9Md</text>
	</string>
	<string id="ecolog_outfit_description">
		<text>Um traje de protecao quimica SSP-99 especialmente projetado para as condicoes da Zona. E usado por expedicoes cientificas e pelos eco-stalkers que cooperam com elas. Possui um sistema integrado de filtragem de ar e ar-condicionado. E resistente ao calor e eletricidade, fornece boa protecao contra radiacao e anomalias biologicas. E resistente a ambientes quimicamente agressivos. Nao e projetado para combate, portanto, nao fornece protecao contra balas ou estilhacos.</text>
	</string>
	<string id="ecolog_outfit_name">
		<text>Ecologista SSP-99</text>
	</string>
	<string id="exo_outfit_description">
		<text>Um prototipo de exoesqueleto militar. Nunca entrou em producao em serie, devido ao custo extremo e algumas falhas de design. No entanto, e produzido em pequenos lotes em pequenas fabricas ilegais fora da Ucrania. Este e um exoesqueleto de terceira geracao. Os defeitos de design que costumavam diminuir sua mobilidade foram eliminados e a armadura foi reforcada. Fornece excelente protecao contra balas e estilhacos. Possui um baixo nivel de protecao contra anomalias.</text>
	</string>
	<string id="exo_outfit_description_m1">
		<text>O dispositivo basico para visao noturna e substituido por um modelo mais moderno com filtragem digital do sinal enviado.</text>
	</string>
	<string id="exo_outfit_name">
		<text>Exoesqueleto</text>
	</string>
	<string id="killer_outfit_description">
		<text>Traje de stalker da faccao Merc. Seu design e baseado no traje usado pelas forcas especiais dos exercitos ocidentais. Devido a um tratamento especial do tecido, a armadura possui uma estabilidade reforcada durante o movimento fisico de suas placas. Suas propriedades protetoras sao ligeiramente melhores do que as dos trajes a prova de balas militares PSZ-7.</text>
	</string>
	<string id="killer_outfit_description_m1">
		<text>Ha malha de corrente costurada no forro do casaco, o que aumenta o nivel de protecao contra ataques de armas de fogo e mordidas de monstros. Um PNV tambem esta incluido no conjunto.</text>
	</string>
	<string id="killer_outfit_name">
		<text>Traje Merc</text>
	</string>
	<string id="killer_outfit_name_m1">
		<text>Traje reforcado</text>
	</string>
	<string id="military_outfit_description">
		<text>Este traje militar a prova de balas Skat-9M e projetado para operacoes de assalto em areas de atividade anomala. Inclui um traje militar pesado a prova de balas PSZ-12p, um traje de compensacao integrado e um capacete Sphere-12M. Fornece protecao perfeita contra balas e estilhacos e nao diminui a mobilidade do soldado. Possui um sistema equilibrado de protecao contra anomalias.</text>
	</string>
	<string id="military_outfit_name">
		<text>Traje blindado militar</text>
	</string>
	<string id="monolit_outfit_description">
		<text>Traje de stalker da faccao Monolito. O produtor e desconhecido. Suas propriedades protetoras sao ligeiramente piores do que as do colete militar a prova de balas PSZ-9a. Sua estrutura e semelhante ao traje popular entre os stalkers neutros, que combina um colete a prova de balas e um traje de protecao contra radiacao. Fornece boa protecao contra tiros. Seu nivel de protecao contra anomalias e baixo devido a ausencia de um sistema de filtragem de ar.</text>
	</string>
	<string id="monolit_outfit_name">
		<text>Traje Monolito</text>
	</string>
	<string id="novice_outfit_description_m">
		<text>Eles tiraram este casaco do corpo de um dos stalkers que morreram na anomalia "ponche de frutas". Tendo ficado muito tempo na anomalia, o casaco obteve a capacidade de acelerar o metabolismo.</text>
	</string>
	<string id="novice_outfit_name_m">
		<text>Anomalia Skinner</text>
	</string>
	<string id="outfit_soldier_description">
		<text>Uma jaqueta grossa comum, uma das muitas. Aumenta ligeiramente a protecao contra balas e estilhacos. Nao protege contra anomalias e outros efeitos.</text>
	</string>
	<string id="outfit_soldier_name">
		<text>Jaqueta de couro</text>
	</string>
	<string id="protection_outfit_description">
		<text>Traje SSP-99 modificado de alta qualidade. Fornece protecao corporal aumentada contra danos de balas e estilhacos. E projetado para os guardas que trabalham com expedicoes cientificas. Fornece boa protecao contra radiacao e anomalias biologicas. E resistente a ambientes quimicamente agressivos e outros efeitos perigosos para o corpo.</text>
	</string>
	<string id="protection_outfit_name">
		<text>Traje SSP-99M</text>
	</string>
	<string id="scientific_outfit_description">
		<text>Este traje foi produzido por um dos institutos de pesquisa de defesa de Kiev e representa uma excelente alternativa aos trajes feitos a mao por stalkers. E uma excelente combinacao de um colete a prova de balas, um sistema de respiracao de ciclo fechado e um sistema integrado de supressao de campo anomalo. Devido a escolha perfeita dos materiais, e uma boa escolha. A unica desvantagem e o seu preco.</text>
	</string>
	<string id="scientific_outfit_name">
		<text>Traje SEVA</text>
	</string>
	<string id="specnaz_outfit_description_m1">
		<text>O tecido do traje e saturado com uma locao estreptozoidal, que acelera a cicatrizacao de feridas.</text>
	</string>
	<string id="specnaz_outfit_name_m1">
		<text>Beril curativo</text>
	</string>
	<string id="specops_outfit_description">
		<text>Um traje de forcas especiais Berill-5M modificado para o ambiente da Zona. Inclui um colete militar a prova de balas PSZ-9a com revestimento de berilio e um capacete Sphere-08. E projetado para operacoes de assalto em areas com alta radiacao de fundo. Seu nivel de protecao contra anomalias e baixo.</text>
	</string>
	<string id="specops_outfit_name">
		<text>Traje blindado Berill-5M</text>
	</string>
	<string id="stalker_outfit_description">
		<text>Traje de stalker fabricado por "artesaos populares". E uma combinacao eficaz de um colete militar leve a prova de balas e de um traje de tecido emborrachado. E reforcado com placas de kevlar inseridas e fornece boa protecao contra tiros fracos. No geral, e altamente ineficiente para realizar incursoes profundas e operacoes serias nos nos da Zona.</text>
	</string>
	<string id="stalker_outfit_description_m1">
		<text>Corre o boato de que o stalker fantasma nunca carrega um kit de primeiros socorros com ele. Tudo cicatriza nele como em um cao. Dizem que ele tem um traje incomum que conseguiu em uma anomalia.</text>
	</string>
	<string id="stalker_outfit_description_m2">
		<text>O antigo dono desta coisa era um verdadeiro turista e, ao que parece, frequentemente fazia caminhadas muito dificeis, no limite da resistencia humana. Ele sabia como distribuir corretamente o peso que carregava e quais coisas priorizar. Os bolsos do casaco e a escolha educada da mochila permitem que seu dono carregue um peso pesado.</text>
	</string>
	<string id="stalker_outfit_name">
		<text>Traje de stalker</text>
	</string>
	<string id="stalker_outfit_name_m1">
		<text>Traje Fantasma</text>
	</string>
	<string id="stalker_outfit_name_m2">
		<text>Traje de Turista</text>
	</string>
	<string id="svoboda_heavy_outfit_description">
		<text>Traje de stalker reforcado produzido pelos armeiros da faccao Liberdade. E composto por um colete militar medio a prova de balas revestido com elementos de zirconio de reforco que fornecem boa protecao contra balas de rifle e estilhacos de medio e longo alcance. O material do traje consiste em duas camadas: couro especialmente tratado e tecido com fio de asbestos. O traje fornece boa protecao contra radiacao e varias anomalias fracas.</text>
	</string>
	<string id="svoboda_heavy_outfit_name">
		<text>Traje Guardiao da Liberdade</text>
	</string>
	<string id="svoboda_light_outfit_description">
		<text>Traje de stalker leve produzido pelos armeiros da faccao Liberdade. Consiste em um colete militar leve a prova de balas com placas de kevlar de reforco. Pode proteger de armas fracas. O tecido do traje e tratado com uma mistura especial que aumenta a resistencia a atividade anomala.</text>
	</string>
	<string id="svoboda_light_outfit_name">
		<text>Traje Vento da Liberdade</text>
	</string>
	<string id="mp_exo_outfit_description">
		<text>O exoesqueleto protege maravilhosamente de tiros de balas e estilhacos, no entanto, diminui a mobilidade. E vulneravel a balas de armadura.</text>
	</string>
	<string id="mp_exo_outfit_name">
		<text>Exoesqueleto PNB-4UZ</text>
	</string>
	<string id="mp_military_outfit_description">
		<text>O traje militar a prova de balas e criado para realizar operacoes de invasao. Fornece uma excelente fonte de protecao contra tiros de balas e estilhacos sem diminuir a mobilidade do soldado. Vulneravel a balas de armadura.</text>
	</string>
	<string id="mp_military_outfit_name">
		<text>Traje militar a prova de balas.</text>
	</string>
	<string id="mp_scientific_outfit_description">
		<text>Este traje corporal em particular e projetado para realizar pesquisas na Zona. Possui um sistema de respiracao com ciclo fechado, bem como um sistema integrado para anular a atividade de campos anomalos, gracas ao qual protege maravilhosamente de anomalias. Muito vulneravel devido a fraca protecao. Possui um recipiente embutido para transportar artefatos.</text>
	</string>
	<string id="mp_scientific_outfit_name">
		<text>Traje corporal cientifico</text>
	</string>
</string_table>
