<?xml version="1.0" encoding="windows-1251" ?>
<string_table>
	<string id="binoc_tutorial">
		<text>Para usar os binoculos, selecione-os ($$ACTION_wpn_5$$) e pressione "atirar" para ampliar.</text>
	</string>
	<string id="binocular">
		<text>Binoculos</text>
	</string>
	<string id="crouch">
		<text>Agachando</text>
	</string>
	<string id="crouch_down_tutorial">
		<text>Para agachar mais baixo, pressione ($$ACTION_crouch$$) + (Shift)</text>
	</string>
	<string id="crouch_tutorial">
		<text>Para agachar, pressione ($$ACTION_crouch$$). Para agachar ainda mais baixo, pressione ($$ACTION_crouch$$) + ($$ACTION_accel$$)</text>
	</string>
	<string id="hide_weapon">
		<text>Selecao de arma</text>
	</string>
	<string id="hide_weapon_tutorial">
		<text>Alguns stalkers nao vao querer conversar se voce enfiar sua arma na cara deles. Para esconder sua arma, voce so precisa selecionar um parafuso. ($$ACTION_wpn_6$$).</text>
	</string>
	<string id="jump">
		<text>Pulando</text>
	</string>
	<string id="jump_tutorial">
		<text>Os saltos o ajudarao a subir em barreiras medias. Para pular, pressione ($$ACTION_jump$$)</text>
	</string>
	<string id="move_tutorial">
		<text>Tipos de movimento.</text>
	</string>
	<string id="overload">
		<text>Sobrecarga</text>
	</string>
	<string id="overload_tutorial">
		<text>Voce nao e uma mula, entao ha um limite para o quanto voce pode carregar. Quando o peso do seu equipamento excede seus limites, voce comecara a perder energia muito rapidamente. Voce pode monitorar o peso atual do seu equipamento e o peso maximo que pode carregar em seu inventario.</text>
	</string>
	<string id="radiation">
		<text>Radiacao</text>
	</string>
	<string id="radiation_tutorial">
		<text>Quando o personagem usa um artefato radioativo em seu cinto ou entra em uma area com um alto nivel de radiacao de fundo, ele comeca a perder saude e exibe sinais de envenenamento por radiacao. O efeito da radiacao pode ser combatido usando medicamentos antirradiacao e vodka.</text>
	</string>
	<string id="relation">
		<text>atitude</text>
	</string>
	<string id="relation_tutorial">
		<text>Ao ajudar outros personagens, voce melhora a atitude deles em relacao a voce, assim como sua reputacao geral. Melhor atitude e reputacao mais alta ajudam voce ao interagir com as pessoas que voce encontra. Eles estarao propensos a lhe dar informacoes adicionais e vender seus itens mais baratos se voce estiver em seus bons livros. Por outro lado, se voce abrir fogo contra alguem, a atitude deles em relacao a voce se tornara rapidamente negativa, assim como a de seus amigos, e eles o atacarao.</text>
	</string>
	<string id="sleep_tutorial">
		<text>Este e um bom lugar para bater um cochilo. Aqui voce pode ter uma boa noite de sono, esperar a noite passar ou simplesmente matar algum tempo. Para dormir, abra o Inventario, defina a quantidade de tempo que deseja cochilar e pressione o botao Descansar. Seu personagem acordara na hora designada. As vezes, ele tera sonhos.</text>
	</string>
	<string id="sprint">
		<text>Acelerando</text>
	</string>
	<string id="sprint_tutorial">
		<text>As vezes voce precisara correr mais rapido do que o normal. Para fazer isso, pressione ($$ACTION_sprint_toggle$$) enquanto corre. Um personagem correndo corre mais rapido e pula mais longe, mas se cansa mais rapidamente e nao consegue atirar.</text>
	</string>
	<string id="starvation_tutorial">
		<text>Se o personagem nao comer por um tempo, ele ficara com fome. A menos que encontre algo para comer, ele comecara a perder saude. Para evitar isso, o personagem deve comer regularmente. Um pao, comida enlatada ou um pedaco de salsicha resolverao o problema facilmente, pelo menos por um tempo.</text>
	</string>
	<string id="tutorial">
		<text>Treinamento</text>
	</string>
	<string id="weakness">
		<text>Fadiga</text>
	</string>
	<string id="weakness_tutorial">
		<text>Correr por um periodo prolongado de tempo causa fadiga. Quando um personagem fica exausto, ele nao podera correr e se movera em ritmo de caminhada. Quanto mais o personagem estiver carregando, mais rapido ele se cansa. Ficar parado por alguns segundos e suficiente para se recuperar.</text>
	</string>
	<string id="weapon">
		<text>Estado da arma</text>
	</string>
	<string id="weapon_tutorial">
		<text>Todas as armas tem um parametro de durabilidade. Quanto menor a durabilidade de uma arma, mais vezes ela trava. Para destravar, recarregue a arma pressionando ($$ACTION_wpn_reload$$). A durabilidade da arma diminui com o uso. Uma arma pode se tornar completamente inutil se atingida por balas.</text>
	</string>
	<string id="wound">
		<text>Feridas abertas</text>
	</string>
	<string id="wound_tutorial">
		<text>Quando o personagem e atingido, ele pode comecar a sangrar. O sangramento faz com que o personagem perca saude constantemente. Quanto mais grave for o sangramento (um icone verde significa sangramento leve, um icone vermelho indica uma hemorragia grave), mais rapido sera a taxa na qual ele perde saude. O sangramento acabara parando com o tempo, mas mesmo hemorragias graves podem ser paradas imediatamente usando bandagens.</text>
	</string>
	<string id="pda_diary_tutorial">
		<text>No PDA do stalker falecido, voce encontrou suas observacoes apos anomalias em tuneis. Acontece que ele descobriu a regularidade de seu trabalho. Voce pode ler esta informacao em seu PDA na secao "Diario".</text>
	</string>
</string_table>
