<?xml version="1.0" encoding="windows-1251" ?>
<string_table>
  <string id="mp_art_destroyed">
    <text>O artefato foi destruido.</text>
  </string>
  <string id="mp_art_spowned">
    <text>O artefato surgiu. Leve-o para a base para marcar um ponto.</text>
  </string>
  <string id="mp_artefacts">
    <text>Artefatos</text>
  </string>
  <string id="mp_artefacts_upcase">
    <text>Artefatos</text>
  </string>
  <string id="mp_auto_select">
    <text>Selecao automatica</text>
  </string>
  <string id="mp_back">
    <text>Voltar</text>
  </string>
  <string id="mp_ban">
    <text>Banir</text>
  </string>
  <string id="mp_by_anomaly">
    <text>por anomalia</text>
  </string>
  <string id="mp_cancel">
    <text>Cancelar</text>
  </string>
  <string id="mp_change_map">
    <text>Mudar mapa</text>
  </string>
  <string id="mp_change_weather">
    <text>Mudar clima</text>
  </string>
  <string id="mp_chat">
    <text>Bate-papo</text>
  </string>
  <string id="mp_connected">
    <text>conectado</text>
  </string>
  <string id="mp_deaths">
    <text>mortes</text>
  </string>
  <string id="mp_description">
    <text>Descricao</text>
  </string>
  <string id="mp_disconnected">
    <text>desconectado</text>
  </string>
  <string id="mp_enter_text">
    <text>Digite o texto para a votacao</text>
  </string>
  <string id="mp_entered_game">
    <text>entrou no jogo</text>
  </string>
  <string id="mp_first_eye">
    <text>(Visao em primeira pessoa)</text>
  </string>
  <string id="mp_frags">
    <text>abates</text>
  </string>
  <string id="mp_frags_upcase">
    <text>Abates</text>
  </string>
  <string id="mp_free_fly">
    <text>(Camera livre)</text>
  </string>
  <string id="mp_free_look">
    <text>(Visao em terceira pessoa)</text>
  </string>
  <string id="mp_from">
    <text>com</text>
  </string>
  <string id="mp_go">
    <text>VAI!</text>
  </string>
  <string id="mp_has_drop_art">
    <text>deixou cair o artefato %s</text>
  </string>
  <string id="mp_has_tak_art">
    <text>pegou o artefato %s</text>
  </string>
  <string id="mp_headhuntrs">
    <text>Mercs</text>
  </string>
  <string id="mp_is_now">
    <text>agora e</text>
  </string>
  <string id="mp_joined">
    <text>se juntou</text>
  </string>
  <string id="mp_kick">
    <text>Soltar</text>
  </string>
  <string id="mp_look_at">
    <text>(Livre-travado)</text>
  </string>
  <string id="mp_map_desc">
    <text>Descricao do mapa</text>
  </string>
  <string id="mp_match_started">
    <text>Partida iniciada!</text>
  </string>
  <string id="mp_modes">
    <text>Modos</text>
  </string>
  <string id="mp_name">
    <text>nome</text>
  </string>
  <string id="mp_next">
    <text>Proximo</text>
  </string>
  <string id="mp_no_voted">
    <text>Nao votou</text>
  </string>
  <string id="mp_ping">
    <text>ping</text>
  </string>
  <string id="mp_player_wins">
    <text>Jogador %s venceu a partida!</text>
  </string>
  <string id="mp_players">
    <text>Jogadores</text>
  </string>
  <string id="mp_press_fire2spectator">
    <text>Pressione Atirar para mudar para o modo Espectador</text>
  </string>
  <string id="mp_press_jump2pay_spaw">
    <text>Pressione Pular para comprar um renascimento instantaneo</text>
  </string>
  <string id="mp_press_jump2select_skin">
    <text>Pressione Pular para selecionar uma skin</text>
  </string>
  <string id="mp_press_jump2select_team">
    <text>Pressione Pular para selecionar equipes</text>
  </string>
  <string id="mp_press_jump2spawn">
    <text>Pressione Pular para surgir</text>
  </string>
  <string id="mp_press_jump2start">
    <text>Pressione Pular para iniciar</text>
  </string>
  <string id="mp_press_to_buy">
    <text>Pressione ($$ACTION_BUY_MENU$$) para acessar o menu de compra</text>
  </string>
  <string id="mp_press_yes2pay">
    <text>Voce tem %d$. Voce pode renascer por %d$. Clique em Sim para pagar.</text>
  </string>
  <string id="mp_ready">
    <text>Pronto...</text>
  </string>
  <string id="mp_restart">
    <text>Reiniciar</text>
  </string>
  <string id="mp_restart_fast">
    <text>Reiniciar rapido</text>
  </string>
  <string id="mp_scores">
    <text>marcou um ponto</text>
  </string>
  <string id="mp_select_ban">
    <text>Selecione o jogador para banir por votacao</text>
  </string>
  <string id="mp_select_category">
    <text>Selecione a categoria de votacao</text>
  </string>
  <string id="mp_select_kick">
    <text>Selecione o jogador para expulsar por votacao</text>
  </string>
  <string id="mp_select_kick_player">
    <text>Selecione o jogador para expulsar por votacao</text>
  </string>
  <string id="mp_select_map">
    <text>Selecione o mapa para votar</text>
  </string>
  <string id="mp_skin_selection">
    <text>Selecao de skins</text>
  </string>
  <string id="mp_spectator">
    <text>Espectador</text>
  </string>
  <string id="mp_spectators">
    <text>ESPECTADORES</text>
  </string>
  <string id="mp_status">
    <text>status</text>
  </string>
  <string id="mp_switched_to">
    <text>mudou para</text>
  </string>
  <string id="mp_team_free_stalkers">
    <text>Liberdade</text>
  </string>
  <string id="mp_team_selection">
    <text>Selecao de equipe</text>
  </string>
  <string id="mp_team_wins">
    <text>Equipe %s VENCEU!</text>
  </string>
  <string id="mp_text">
    <text>Texto</text>
  </string>
  <string id="mp_time2respawn">
    <text>Tempo ate o renascimento</text>
  </string>
  <string id="mp_time2start">
    <text>Tempo ate o inicio:</text>
  </string>
  <string id="mp_timeleft">
    <text>Tempo restante: %d:%d; Concordancia %.2f</text>
  </string>
  <string id="mp_vote_no">
    <text>Nao</text>
  </string>
  <string id="mp_vote_yes">
    <text>Sim</text>
  </string>
  <string id="mp_voted">
    <text>votou</text>
  </string>
  <string id="mp_voted_no">
    <text>contra</text>
  </string>
  <string id="mp_voted_yes">
    <text>a favor</text>
  </string>
  <string id="mp_voting_broken">
    <text>Votacao cancelada pelo servidor!</text>
  </string>
  <string id="mp_voting_started">
    <text>Votacao '%s' foi iniciada por %s.</text>
  </string>
  <string id="mp_voting_started_msg">
    <text>Votacao iniciada!</text>
  </string>
  <string id="mp_weather_clear">
    <text>Limpar</text>
  </string>
  <string id="mp_weather_cloudy">
    <text>Nublado</text>
  </string>
  <string id="mp_weather_night">
    <text>Noite</text>
  </string>
  <string id="mp_weather_rain">
    <text>Chuvoso</text>
  </string>
  <string id="mp_with_backstab">
    <text>Apunhalado pelas costas!!!</text>
  </string>
  <string id="mp_with_headshot">
    <text>Tiro na cabeca!!!</text>
  </string>
  <string id="mp_your_rank">
    <text>Sua posicao agora e</text>
  </string>
  <string id="ui_st_description">
    <text>Descricao</text>
  </string>
  <string id="ui_st_team1_name">
    <text>Liberdade</text>
  </string>
  <string id="ui_st_team2_name">
    <text>Mercs</text>
  </string>
  <string id="af_neutral">
    <text>Artefato</text>
  </string>
  <string id="self">
    <text>E voce</text>
  </string>
  <string id="friend">
    <text>Aliado</text>
  </string>
  <string id="team_base_1">
    <text>Base da Liberdade</text>
  </string>
  <string id="team_base_2">
    <text>Base dos Mercs</text>
  </string>
  <string id="mp_si_no">
    <text>Nao</text>
  </string>
  <string id="mp_si_yes">
    <text>Sim</text>
  </string>
  <string id="mp_si_min">
    <text>min</text>
  </string>
  <string id="mp_si_sec">
    <text>seg</text>
  </string>
  <string id="mp_si_maprotation">
    <text>Rotacao de Mapas</text>
  </string>
  <string id="mp_si_voting">
    <text>Votacao</text>
  </string>
  <string id="mp_si_enabled">
    <text>Ativado</text>
  </string>
  <string id="mp_si_disabled">
    <text>Desativado</text>
  </string>
  <string id="mp_si_spectatormodes">
    <text>Modos de Espectador:</text>
  </string>
  <string id="mp_si_servername">
    <text>Nome do Servidor:</text>
  </string>
  <string id="mp_si_version">
    <text>Versao:</text>
  </string>
  <string id="mp_si_free_fly">
    <text>- Voo Livre</text>
  </string>
  <string id="mp_si_first_eye">
    <text>- Primeira Pessoa</text>
  </string>
  <string id="mp_si_look_at">
    <text>- Terceira Pessoa</text>
  </string>
  <string id="mp_si_free_look">
    <text>- Visao Livre</text>
  </string>
  <string id="mp_si_team_only">
    <text>- Apenas Equipe</text>
  </string>
  <string id="mp_si_fraglimit">
    <text>Limite de Abates</text>
  </string>
  <string id="mp_si_time_limit">
    <text>Limite de Tempo</text>
  </string>
  <string id="mp_si_invinsibility_indicators">
    <text>- Indicadores</text>
  </string>
  <string id="mp_si_invinsibility_time">
    <text>- Tempo</text>
  </string>
  <string id="mp_si_invinsibility">
    <text>Invencibilidade:</text>
  </string>
  <string id="mp_si_anomalies">
    <text>Anomalias</text>
  </string>
  <string id="mp_si_anomalies_period">
    <text>Periodo de Anomalias</text>
  </string>
  <string id="mp_si_infinite">
    <text>Infinito</text>
  </string>
  <string id="mp_si_forcerespawn">
    <text>Renascimento Forcado</text>
  </string>
  <string id="mp_si_warmuptime">
    <text>Aquecimento</text>
  </string>
  <string id="mp_si_autoteam_balance">
    <text>Balanceamento Automatico de Equipe</text>
  </string>
  <string id="mp_si_autoteam_swap">
    <text>Troca Automatica de Equipe</text>
  </string>
  <string id="mp_si_friendly_indicators">
    <text>Indicadores de Aliados</text>
  </string>
  <string id="mp_si_friendly_names">
    <text>Nomes de Aliados</text>
  </string>
  <string id="mp_si_friendly_fire">
    <text>Fogo Amigo</text>
  </string>
  <string id="mp_si_artefacts">
    <text>Artefatos:</text>
  </string>
  <string id="mp_si_afcount">
    <text>- Contagem</text>
  </string>
  <string id="mp_si_afstaytime">
    <text>- Tempo de Permanencia</text>
  </string>
  <string id="mp_si_afrespawntime">
    <text>- Tempo de Renascimento</text>
  </string>
  <string id="mp_si_players_respawn">
    <text>Renascimento</text>
  </string>
  <string id="mp_si_artefact_captured">
    <text>Artefato capturado</text>
  </string>
  <string id="mp_si_any_time">
    <text>Qualquer hora</text>
  </string>
  <string id="mp_si_shielded_bases">
    <text>Bases Protegidas</text>
  </string>
  <string id="mp_si_return_players">
    <text>Jogadores retornaram as bases</text>
  </string>
  <string id="mp_si_afbearer_cant_sprint">
    <text>Sem corrida com artefato</text>
  </string>
</string_table>
