<?xml version="1.0" encoding="windows-1251" ?>
<string_table>
	<string id="id_mp_money">
		<text>Dinheiro</text>
	</string>
	<string id="mm_mp_pda_hunt">
		<text>Bonus do PDA</text>
	</string>
	<string id="st_drink">
		<text>Beber</text>
	</string>
	<string id="st_mp_direct_ip">
		<text>IP direto</text>
	</string>
	<string id="ui_mm_default">
		<text>Padrao</text>
	</string>
	<string id="ui_mm_detail_density">
		<text>Densidade da grama</text>
	</string>
	<string id="ui_mm_r2_sun">
		<text>Sombra do sol</text>
	</string>
	<string id="ui_mm_r2_sun_details">
		<text>Sombra da grama</text>
	</string>
	<string id="ui_mm_render_2">
		<text>Render 2</text>
	</string>
	<string id="ui_pda_details">
		<text># /detalhes</text>
	</string>
	<string id="ui_st_btn_cancel">
		<text>Cancelar</text>
	</string>
	<string id="ui_st_btn_no">
		<text>Nao</text>
	</string>
	<string id="ui_st_btn_ok">
		<text>OK</text>
	</string>
	<string id="ui_st_btn_yes">
		<text>Sim</text>
	</string>
	<string id="ui_st_cant_run_r2">
		<text>Voce nao pode executar Render 2 no seu PC</text>
	</string>
	<string id="ui_st_conn_invalid_host">
		<text>Erro de conexao: Host invalido</text>
	</string>
	<string id="ui_st_conn_invalid_pass">
		<text>Erro de conexao: Senha invalida</text>
	</string>
	<string id="ui_st_conn_rejected_server">
		<text>Erro de conexao: conexao rejeitada pelo servidor</text>
	</string>
	<string id="ui_st_conn_sess_full">
		<text>Erro de conexao: sessao esta cheia</text>
	</string>
	<string id="ui_st_days">
		<text>Dias</text>
	</string>
	<string id="ui_st_error">
		<text>Erro</text>
	</string>
	<string id="ui_st_file_exist_owerwrite_q">
		<text>O arquivo com este nome ja existe. Deseja sobrescreve-lo?</text>
	</string>
	<string id="ui_st_file_name_is_empty">
		<text>O nome do arquivo esta vazio</text>
	</string>
	<string id="ui_st_hours">
		<text>h.</text>
	</string>
	<string id="ui_st_leave">
		<text>Sair</text>
	</string>
	<string id="ui_st_mins">
		<text>min.</text>
	</string>
	<string id="ui_st_months">
		<text>meses</text>
	</string>
	<string id="ui_st_params">
		<text>Parametros</text>
	</string>
	<string id="ui_st_secs">
		<text>seg.</text>
	</string>
	<string id="ui_st_select_one_map">
		<text>Selecione pelo menos um mapa</text>
	</string>
	<string id="ui_st_take_all">
		<text>Pegar tudo</text>
	</string>
	<string id="ui_st_time_remains">
		<text>Restante</text>
	</string>
	<string id="ui_st_trade">
		<text>Negociar</text>
	</string>
	<string id="ui_st_voting_disabled">
		<text>A votacao esta desativada</text>
	</string>
	<string id="ui_st_want_to_leave_game_q">
		<text>Deseja realmente sair do jogo?</text>
	</string>
	<string id="ui_st_your_items">
		<text>Itens a vender</text>
	</string>
	<string id="st_game_over_press_jump">
		<text>pressione ($$ACTION_JUMP$$) para sair para o menu principal</text>
	</string>
	<string id="st_level">
		<text>Nivel</text>
	</string>
	<string id="st_opening_stream">
		<text>Abrindo fluxo</text>
	</string>
	<string id="st_loading_cform">
		<text>Carregando CFORM</text>
	</string>
	<string id="st_prefetching_objects">
		<text>Pre-buscando objetos</text>
	</string>
	<string id="st_creating_new_game">
		<text>Criando novo jogo</text>
	</string>
	<string id="st_loading_alife_simulator">
		<text>SERVIDOR: Carregando simulador alife</text>
	</string>
	<string id="st_server_connecting">
		<text>SERVIDOR: Conectando</text>
	</string>
	<string id="st_loading_saved_game">
		<text>Carregando jogo salvo</text>
	</string>
	<string id="st_validating_cdkey">
		<text>Validando chave de CD</text>
	</string>
	<string id="st_loading_ai_objects">
		<text>Carregando objetos de IA</text>
	</string>
	<string id="st_client_connecting_to">
		<text>CLIENTE: Conectando a</text>
	</string>
	<string id="st_client_spawning">
		<text>CLIENTE: Gerando</text>
	</string>
	<string id="st_loading_textures">
		<text>Carregando texturas</text>
	</string>
	<string id="st_client_synchronising">
		<text>CLIENTE: Sincronizando</text>
	</string>
	<string id="st_server_starting">
		<text>SERVIDOR: Iniciando</text>
	</string>
	<string id="st_loading_shaders">
		<text>Carregando shaders</text>
	</string>
	<string id="st_loading_geometry">
		<text>Carregando geometria</text>
	</string>
	<string id="st_loading_spatial_db">
		<text>Carregando spatial-DB</text>
	</string>
	<string id="st_loading_details">
		<text>Carregando detalhes</text>
	</string>
	<string id="st_loading_sectors_portals">
		<text>Carregando setores e portais</text>
	</string>
	<string id="ui_st_conn_version_differs">
		<text>Erro de conexao: Versao diferente.</text>
	</string>
	<string id="ui_st_conn_cdkey_invalid">
		<text>Erro de conexao: Chave de CD invalida.</text>
	</string>
	<string id="ui_st_conn_cdkey_in_use">
		<text>Erro de conexao: Chave de CD ja em uso.</text>
	</string>
	<string id="ui_st_conn_cdkey_disabled">
		<text>Erro de conexao: Sua chave de CD esta desativada. Entre em contato com o servico de atendimento ao cliente.</text>
	</string>
	<string id="ui_st_conn_new_patch">
		<text>Novo patch disponivel.\n Versao: %s\n Localizacao: %s\nDeseja baixa-lo agora?</text>
	</string>
	<string id="ui_st_conn_no_new_patch">
		<text>Nenhum novo patch disponivel agora</text>
	</string>
	<string id="ui_mm_delete_existing_file_q">
		<text>Deseja realmente deletar o arquivo?</text>
	</string>
	<string id="st_game_paused">
		<text>Pausar</text>
	</string>
	<string id="st_bolt">
		<text>Parafuso</text>
	</string>
	<string id="st_items">
		<text>Itens</text>
	</string>
	<string id="st_video">
		<text>Video</text>
	</string>
	<string id="st_audio">
		<text>Som</text>
	</string>
	<string id="st_game">
		<text>Jogo</text>
	</string>
	<string id="st_controll">
		<text>Controles</text>
	</string>
	<string id="ui_st_connecting_to_masterserver">
		<text>Tentando conectar ao servidor mestre</text>
	</string>
	<string id="mp_only_one_voting">
		<text>Apenas uma votacao ativa permitida</text>
	</string>
	<string id="ui_st_patch_download_success">
		<text>Patch baixado com sucesso. Deseja instala-lo?</text>
	</string>
	<string id="ui_st_patch_download_error">
		<text>Nao foi possivel baixar o patch.</text>
	</string>
	<string id="ui_st_load_game_confirm">
		<text>Carregar o jogo causara perda de dados nao salvos. Prosseguir?</text>
	</string>
        	<string id="ui_st_invalid_saved_game">
		<text>Versao do jogo salvo incompativel ou jogo salvo corrompido</text>
	</string>
</string_table>
