<?xml version="1.0" encoding="windows-1251" ?>
<string_table>
	<string id="kb_active_jobs">
		<text>Missoes ativas no PDA</text>
	</string>
	<string id="kb_always_run">
		<text>Agachar baixo</text>
	</string>
	<string id="kb_artefact">
		<text>Artefato</text>
	</string>
	<string id="kb_backward">
		<text>Voltar</text>
	</string>
	<string id="kb_binoculars">
		<text>Binoculos</text>
	</string>
	<string id="kb_buy_menu">
		<text>Menu de compra</text>
	</string>
	<string id="kb_chat">
		<text>Bate-papo</text>
	</string>
	<string id="kb_chat_team">
		<text>Bate-papo da equipe</text>
	</string>
	<string id="kb_console">
		<text>Console</text>
	</string>
	<string id="kb_contacts">
		<text>Contatos do PDA</text>
	</string>
	<string id="kb_crouch">
		<text>Agachar</text>
	</string>
	<string id="kb_crouch_toggle">
		<text>Sempre agachar</text>
	</string>
	<string id="kb_down">
		<text>Para baixo</text>
	</string>
	<string id="kb_drop">
		<text>Soltar</text>
	</string>
	<string id="kb_fire">
		<text>Atirar</text>
	</string>
	<string id="kb_firemode_next">
		<text>Proximo modo de disparo</text>
	</string>
	<string id="kb_firemode_prev">
		<text>Modo de disparo anterior</text>
	</string>
	<string id="kb_forward">
		<text>Para frente</text>
	</string>
	<string id="kb_func">
		<text>Lancador de granadas</text>
	</string>
	<string id="kb_grp_common">
		<text>Geral</text>
	</string>
	<string id="kb_grp_direction">
		<text>Direcao</text>
	</string>
	<string id="kb_grp_inventory">
		<text>Inventario</text>
	</string>
	<string id="kb_grp_movement">
		<text>Movimento</text>
	</string>
	<string id="kb_grp_multiplayer">
		<text>Multijogador</text>
	</string>
	<string id="kb_grp_weapons">
		<text>Arma</text>
	</string>
	<string id="kb_inventory">
		<text>Inventario</text>
	</string>
	<string id="kb_jump">
		<text>Pular</text>
	</string>
	<string id="kb_left">
		<text>Esquerda</text>
	</string>
	<string id="kb_left_lookout">
		<text>Inclinar para a esquerda</text>
	</string>
	<string id="kb_left_strafe">
		<text>Mover para a esquerda</text>
	</string>
	<string id="kb_map">
		<text>Mapa do PDA</text>
	</string>
	<string id="kb_next_slot">
		<text>Arma no proximo slot</text>
	</string>
	<string id="kb_night_vision">
		<text>Visao noturna</text>
	</string>
	<string id="kb_pause">
		<text>Pausar</text>
	</string>
	<string id="kb_pda">
		<text>PDA</text>
	</string>
	<string id="kb_prev_slot">
		<text>Arma no slot anterior</text>
	</string>
	<string id="kb_quit">
		<text>Sair</text>
	</string>
	<string id="kb_reload">
		<text>Recarregar</text>
	</string>
	<string id="kb_repair">
		<text>Reparar</text>
	</string>
	<string id="kb_right">
		<text>Direita</text>
	</string>
	<string id="kb_right_lookout">
		<text>Inclinar para a direita</text>
	</string>
	<string id="kb_right_strafe">
		<text>Mover para a direita</text>
	</string>
	<string id="kb_scores">
		<text>Pontos</text>
	</string>
	<string id="kb_screenshot">
		<text>Captura de tela</text>
	</string>
	<string id="kb_skin_menu">
		<text>Menu de Skins</text>
	</string>
	<string id="kb_sprint">
		<text>Correr</text>
	</string>
	<string id="kb_team_menu">
		<text>Menu da Equipe</text>
	</string>
	<string id="kb_torch">
		<text>Lanterna</text>
	</string>
	<string id="kb_turn_engine">
		<text>Ligar</text>
	</string>
	<string id="kb_up">
		<text>Para cima</text>
	</string>
	<string id="kb_use">
		<text>Usar</text>
	</string>
	<string id="kb_use_bandage">
		<text>Bandagem rapida</text>
	</string>
	<string id="kb_use_medkit">
		<text>Kit medico rapido</text>
	</string>
	<string id="kb_vote_begin">
		<text>Iniciar votacao</text>
	</string>
	<string id="kb_vote_menu">
		<text>Votar</text>
	</string>
	<string id="kb_vote_no">
		<text>Votar "Sim"</text>
	</string>
	<string id="kb_vote_yes">
		<text>Votar "Nao"</text>
	</string>
	<string id="kb_weapon1">
		<text>Arma 1</text>
	</string>
	<string id="kb_weapon2">
		<text>Arma 2</text>
	</string>
	<string id="kb_weapon3">
		<text>Arma 3</text>
	</string>
	<string id="kb_weapon4">
		<text>Arma 4</text>
	</string>
	<string id="kb_weapon5">
		<text>Arma 5</text>
	</string>
	<string id="kb_weapon6">
		<text>Arma 6</text>
	</string>
	<string id="kb_wpn_next">
		<text>Mudar tipo de municao</text>
	</string>
	<string id="kb_wpn_prev">
		<text>Arma anterior deste tipo</text>
	</string>
	<string id="kb_zoom">
		<text>Zoom</text>
	</string>
	<string id="speech_menu_group">
		<text>Mensagens de voz (1)</text>
	</string>
	<string id="speech_menu_personal">
		<text>Mensagens de voz (2)</text>
	</string>
</string_table>
