	<string id="bandit_experienced">
		<text>bandit, skilled</text>
	</string>
	<string id="bandit_master">
		<text>bandit, pro</text>
	</string>
	<string id="bandit_novice">
		<text>bandit, tyro</text>
	</string>
	<string id="bandit_veteran">
		<text>bandit, master</text>
	</string>
	<string id="bloodsucker_normal">
		<text>sub bloodsucker</text>
	</string>
	<string id="bloodsucker_strong">
		<text>dark bloodsucker</text>
	</string>
	<string id="bloodsucker_weak">
		<text>bloodsucker</text>
	</string>
	<string id="boar_normal">
		<text>grown boar</text>
	</string>
	<string id="boar_strong">
		<text>mature boar</text>
	</string>
	<string id="boar_weak">
		<text>young boar</text>
	</string>
	<string id="burer_weak">
		<text>burer</text>
	</string>
	<string id="controller_weak">
		<text>controller</text>
	</string>
	<string id="dog_normal">
		<text>rat hound</text>
	</string>
	<string id="dog_strong">
		<text>albino dog</text>
	</string>
	<string id="dog_weak">
		<text>wild dog</text>
	</string>
	<string id="dolg_experienced">
		<text>Duty, experienced</text>
	</string>
	<string id="dolg_master">
		<text>Duty, expert</text>
	</string>
	<string id="dolg_veteran">
		<text>Duty, veteran</text>
	</string>
	<string id="ecolog_experienced">
		<text>scientist, learned</text>
	</string>
	<string id="ecolog_novice">
		<text>scientist, assistant</text>
	</string>
	<string id="flesh_normal">
		<text>forest flesh</text>
	</string>
	<string id="flesh_strong">
		<text>swamp flesh</text>
	</string>
	<string id="flesh_weak">
		<text>prairie flesh</text>
	</string>
	<string id="freedom_experienced">
		<text>Freedom, seedy</text>
	</string>
	<string id="freedom_master">
		<text>Freedom, ace</text>
	</string>
	<string id="freedom_veteran">
		<text>Freedom, war-dog</text>
	</string>
	<string id="killer_experienced">
		<text>Merc, trained</text>
	</string>
	<string id="killer_master">
		<text>Merc, tough</text>
	</string>
	<string id="killer_veteran">
		<text>Merc, old hand</text>
	</string>
	<string id="military_experienced">
		<text>soldier, Sergeant</text>
	</string>
	<string id="military_master">
		<text>soldier, Captain</text>
	</string>
	<string id="military_novice">
		<text>soldier, Private</text>
	</string>
	<string id="military_veteran">
		<text>soldier, Lieutenant</text>
	</string>
	<string id="monolith_experienced">
		<text>Monolithian, experienced</text>
	</string>
	<string id="monolith_master">
		<text>Monolithian, expert</text>
	</string>
	<string id="monolith_novice">
		<text>Monolithian, rookie</text>
	</string>
	<string id="monolith_veteran">
		<text>Monolithian, veteran</text>
	</string>
	<string id="neutral_experienced">
		<text>stalker, trained</text>
	</string>
	<string id="neutral_master">
		<text>stalker, skilled</text>
	</string>
	<string id="neutral_novice">
		<text>stalker, lame</text>
	</string>
	<string id="neutral_veteran">
		<text>stalker, past master</text>
	</string>
	<string id="poltergeist_weak">
		<text>poltergeist</text>
	</string>
	<string id="pseudo_gigant_weak">
		<text>pseudogiant</text>
	</string>
	<string id="pseudodog_normal">
		<text>mature pseudodog</text>
	</string>
	<string id="pseudodog_strong">
		<text>gray pseudodog</text>
	</string>
	<string id="pseudodog_weak">
		<text>pseudodog</text>
	</string>
	<string id="psy_dog">
		<text>dusky pseudodog</text>
	</string>
	<string id="snork_normal">
		<text>scavenger snork</text>
	</string>
	<string id="snork_strong">
		<text>man-eating snork</text>
	</string>
	<string id="snork_weak">
		<text>snork</text>
	</string>
	<string id="tushkano_weak">
		<text>rodent</text>
	</string>
	<string id="zombie_normal">
		<text>zombie</text>
	</string>
	<string id="zombie_strong">
		<text>zombie</text>
	</string>
	<string id="zombie_weak">
		<text>zombie</text>
	</string>
	<string id="zombied_experienced">
		<text>zombified stalker, experienced</text>
	</string>
	<string id="zombied_master">
		<text>zombified stalker, expert</text>
	</string>
	<string id="zombied_novice">
		<text>zombified stalker, rookie</text>
	</string>
	<string id="zombied_veteran">
		<text>zombified stalker, veteran</text>
	</string>
