	<string id="aes_military_task_1">
		<text>Capture the gate</text>
	</string>
	<string id="aes_military_task_10">
		<text>Sokol group</text>
	</string>
	<string id="aes_military_task_11">
		<text>Grif group</text>
	</string>
	<string id="aes_military_task_12">
		<text>Sova group</text>
	</string>
	<string id="aes_military_task_13">
		<text>Lun group</text>
	</string>
	<string id="aes_military_task_2">
		<text>Hold position</text>
	</string>
	<string id="aes_military_task_3">
		<text>Break through to the sarcophagus</text>
	</string>
	<string id="aes_military_task_4">
		<text>Destroy the Monolith 1 fortifications</text>
	</string>
	<string id="aes_military_task_5">
		<text>Destroy the Monolith 2 fortifications</text>
	</string>
	<string id="aes_military_task_6">
		<text>Sapsan group</text>
	</string>
	<string id="aes_military_task_7">
		<text>Korshun group</text>
	</string>
	<string id="aes_military_task_8">
		<text>Yastreb group</text>
	</string>
	<string id="aes_military_task_9">
		<text>Pustelga group</text>
	</string>
