<?xml version="1.0" encoding="windows-1251" ?>
<string_table>
	<string id="cant_walk">
		<text>You're too exhausted to walk</text>
	</string>
	<string id="cant_walk_weight">
		<text>You're too heavily loaded to continue</text>
	</string>
	<string id="dar_poltergeist_hold_the_door">
		<text>Someone is holding the door.</text>
	</string>
	<string id="Global Map">
		<text>Global map</text>
	</string>
	<string id="gun_jammed">
		<text>The weapon has jammed.You need to reload.</text>
	</string>
	<string id="inventory_box_use">
		<text>Search the box ($$ACTION_USE$$)</text>
	</string>
	<string id="Local Map">
		<text>Local map</text>
	</string>
	<string id="st_game_saved">
		<text>game saved</text>
	</string>
	<string id="tip_car_locked">
		<text>Blocked</text>
	</string>
	<string id="tip_car_use">
		<text>Open the door ($$ACTION_USE$$)</text>
	</string>
	<string id="tip_door_close">
		<text>Press ($$ACTION_USE$$) to close the door</text>
	</string>
	<string id="tip_door_coded">
		<text>The door is locked by a code</text>
	</string>
	<string id="tip_door_decode">
		<text>Press ($$ACTION_USE$$) to decode the door</text>
	</string>
	<string id="tip_door_decoding">
		<text>Decoding in progress</text>
	</string>
	<string id="tip_door_locked">
		<text>The door is locked</text>
	</string>
	<string id="tip_door_open">
		<text>Press ($$ACTION_USE$$) to open the door</text>
	</string>
	<string id="tip_gate_close">
		<text>Press ($$ACTION_USE$$) to close the gate</text>
	</string>
	<string id="tip_gate_locked">
		<text>The gate is blocked</text>
	</string>
	<string id="tip_gate_open">
		<text>Press ($$ACTION_USE$$) to open the gate</text>
	</string>
	<string id="tip_monolith">
		<text>MAKE A SECRET WISH ($$ACTION_USE$$)</text>
	</string>
</string_table>
